pocket_site_id,n_distinct_ligands,n_distinct_scaffolds,crypticity_index
O00214_site1,1,1,2.1092732337789624
O00214_site10,1,1,0.7953893541245548
O00214_site100,1,1,2.417004732927654
O00214_site102,1,1,0.619819692914495
O00214_site105,1,1,0.8428206971449551
O00214_site11,1,1,1.2342363670049612
O00214_site110,3,3,3.1909207822732046
O00214_site124,1,1,1.153265152357308
O00214_site126,1,1,1.3849523723939612
O00214_site13,10,7,6.077396016528691
O00214_site14,9,6,2.5276374945483155
O00214_site15,9,6,1.5602346816442496
O00214_site16,10,7,5.956129122147043
O00214_site17,10,7,2.603854756934089
O00214_site18,5,3,2.679714953820429
O00214_site19,5,5,3.4632335911806944
O00214_site2,1,1,1.5108100624108036
O00214_site21,4,4,2.146014282956958
O00214_site22,4,4,1.5637476375493782
O00214_site23,3,3,1.4661435137929015
O00214_site24,1,1,5.188150037568711
O00214_site25,3,3,1.3337807730097004
O00214_site26,4,4,1.7335888900552991
O00214_site27,1,1,1.0447402211989434
O00214_site28,1,1,1.4443336288416075
O00214_site29,2,2,1.648196634047005
O00214_site30,4,4,1.4972232835449562
O00214_site31,4,4,1.9423382635938533
O00214_site32,2,2,2.0150837053872688
O00214_site33,2,2,1.465038215532262
O00214_site34,3,3,0.9071671714599696
O00214_site35,2,2,1.716310829788533
O00214_site4,1,1,0.883442037723648
O00214_site58,4,4,2.112567574032436
O00214_site65,1,1,1.4837690048750851
O00214_site79,1,1,0.4832084683186198
O00214_site86,2,2,2.2637968615128576
O00214_site93,1,1,0.4518484936364537
O00214_site96,1,1,0.9207423141010382
O00214_site97,1,1,0.7976686668829063
O00214_site98,1,1,1.52232533190291
O00255_site1,46,22,1.3437106714705904
O00255_site100,5,2,1.4267669518286732
O00255_site101,8,6,1.3211076168128757
O00255_site102,5,5,1.377456595694339
O00255_site103,17,12,1.818411024675724
O00255_site104,30,19,2.165270719788495
O00255_site109,11,9,1.1548899072314742
O00255_site11,11,10,0.9808894552456128
O00255_site117,7,6,2.4613595730666344
O00255_site118,1,1,3.3303716520336226
O00255_site15,38,15,2.3942464813374147
O00255_site154,5,4,3.018907370587696
O00255_site160,12,12,2.092146977141636
O00255_site18,4,4,1.021956911662794
O00255_site2,4,4,1.1030670061707155
O00255_site20,7,6,2.5174543933592872
O00255_site208,9,9,1.2353718139074488
O00255_site21,23,12,3.896528918567192
O00255_site214,2,1,0.984589822579725
O00255_site23,1,1,2.017468361340333
O00255_site24,27,17,2.5350480257782024
O00255_site26,4,4,1.216570121209171
O00255_site28,43,19,3.028987067259747
O00255_site29,4,4,1.105554664982939
O00255_site31,42,20,1.7416548780185146
O00255_site32,10,10,3.3286670724284844
O00255_site33,45,21,2.0633663044714057
O00255_site34,1,1,0.8042973508577697
O00255_site36,20,11,2.4923041357468154
O00255_site38,36,19,3.0857913593798787
O00255_site41,8,8,1.819776128628903
O00255_site42,7,7,3.781452904029174
O00255_site45,6,6,0.9708659321943692
O00255_site46,12,12,1.0857251903163216
O00255_site48,41,21,2.507533815111452
O00255_site51,3,3,0.3404484685807932
O00255_site52,8,8,1.472853417768672
O00255_site53,3,3,2.2820679008178164
O00255_site59,23,12,1.695990757399372
O00255_site6,11,9,2.094839604821049
O00255_site62,7,7,3.3915665933906216
O00255_site63,2,2,1.6724339745139016
O00255_site64,27,9,1.335174663106436
O00255_site65,29,14,1.147009052465826
O00255_site66,31,13,1.5090844767012157
O00255_site67,36,17,1.855222186918433
O00255_site68,42,20,2.912792542641809
O00255_site69,12,10,1.5394383444222213
O00255_site70,20,10,2.7964968511021144
O00255_site71,21,14,1.3165074675857542
O00255_site72,30,10,3.374196268578054
O00255_site73,35,14,1.5575968639529594
O00255_site74,24,12,1.7875824027983316
O00255_site75,15,12,2.0392088827203327
O00255_site76,35,17,4.986369378753962
O00255_site77,14,8,1.4641111536128402
O00255_site78,19,11,2.5816367746797284
O00255_site79,15,10,1.6207127081125516
O00255_site8,34,20,2.710192289031418
O00255_site81,30,15,1.3349899168201806
O00255_site82,2,2,1.0167953900016529
O00255_site83,20,9,1.5167324818097234
O00255_site84,22,10,1.4453778703243805
O00255_site85,11,10,1.557106993424985
O00255_site86,4,3,1.1834277952128909
O00255_site87,12,7,1.021132782135538
O00255_site88,6,5,1.0228737675291952
O00255_site89,26,16,1.859146049942471
O00255_site9,46,22,2.8454190649819857
O00255_site92,33,16,4.483216196913395
O00255_site93,6,5,1.7629778467593356
O00255_site94,13,9,3.6684701688161896
O00255_site96,21,14,0.8086489384016594
O00255_site98,7,5,0.9199167428972942
O00408_site1,12,9,5.857211414659269
O00408_site10,21,19,6.108925183114684
O00408_site107,7,6,2.373964184066695
O00408_site109,2,2,0.7330517238769954
O00408_site11,15,12,2.170031366524237
O00408_site110,1,1,0.5257511162685099
O00408_site114,11,9,2.08177353399941
O00408_site12,11,10,2.6801974766867804
O00408_site13,1,1,0.5319429959925674
O00408_site14,19,13,1.8315357105205536
O00408_site15,3,3,2.98767341976108
O00408_site16,7,7,1.0562140490146157
O00408_site17,17,13,3.3863323665950684
O00408_site18,27,22,2.3836989491851206
O00408_site19,27,20,28.473297461303247
O00408_site2,7,6,1.2763523391812863
O00408_site20,10,8,3.579680103642433
O00408_site22,11,7,0.8745695088182459
O00408_site23,5,5,1.32682792569346
O00408_site234,4,4,0.7645602122394878
O00408_site238,4,4,1.3077184599834604
O00408_site24,24,17,3.26859520507232
O00408_site26,2,2,0.9798891756764077
O00408_site283,12,10,3.7694487896789215
O00408_site3,26,21,1.972554531144592
O00408_site31,1,1,0.3914037970416467
O00408_site352,1,1,0.4222645525651851
O00408_site38,8,8,3.296320849840814
O00408_site383,11,9,1.890114197334689
O00408_site388,18,12,2.513603358799029
O00408_site399,1,1,1.9363273244303936
O00408_site4,20,15,1.9437022136998128
O00408_site5,14,14,1.7380881308045797
O00408_site54,21,15,0.5661429217756715
O00408_site58,1,1,0.6557174681101636
O00408_site6,2,2,0.6450648888888889
O00408_site61,25,17,1.9598005609224056
O00408_site63,4,4,1.346605700554035
O00408_site7,7,7,0.938327251208206
O00408_site72,1,1,1.235344688357994
O00408_site8,12,11,1.8653590802963664
O00408_site83,31,23,2.2554204390643613
O00408_site85,3,2,0.9446946864229288
O00408_site9,10,9,2.252675886951293
O00560_site1,4,2,3.2049096750610824
O00560_site106,1,1,1.2270207650273224
O00560_site115,28,21,0.8441306145617717
O00560_site118,26,21,2.3551105702716995
O00560_site12,11,6,4.477145632999029
O00560_site13,1,1,1.6130353201843295
O00560_site14,16,11,2.4564300883289336
O00560_site148,35,28,3.0579529513326857
O00560_site16,4,2,2.324469299246747
O00560_site161,36,28,2.253137391452652
O00560_site167,20,14,1.2031108681272695
O00560_site17,37,27,6.472492117920512
O00560_site19,5,2,2.730061696263926
O00560_site2,4,2,1.1030631697280984
O00560_site20,1,1,1.5360566339283548
O00560_site208,4,2,1.359330291854772
O00560_site21,4,2,1.9079383890010235
O00560_site218,4,2,2.4079254942195614
O00560_site22,44,32,7.0837437534953365
O00560_site228,1,1,1.029051987767584
O00560_site229,2,2,1.7173839022465038
O00560_site23,5,2,3.130103925528247
O00560_site265,1,1,1.091969123310921
O00560_site269,1,1,0.512065564315815
O00560_site29,4,2,1.2602618256860028
O00560_site30,1,1,1.3267714816981082
O00560_site31,2,2,1.2315323674255942
O00560_site32,2,2,3.5352756480467327
O00560_site33,1,1,1.1159957459802674
O00560_site35,11,9,2.946636359310544
O00560_site37,5,3,1.333076759922549
O00560_site38,8,6,1.9913532935920997
O00560_site39,1,1,1.027342221753331
O00560_site40,2,1,3.990499654451296
O00560_site41,1,1,0.900447312785134
O00560_site42,3,2,1.5824645368717043
O00560_site43,13,8,3.185733115959624
O00560_site44,1,1,1.595401726840678
O00560_site45,1,1,1.9960089549074265
O00560_site46,7,5,3.341532933010266
O00560_site48,2,2,1.5215817466644015
O00560_site50,4,2,3.3826843638107293
O00560_site51,1,1,1.0661667025139487
O00560_site58,21,18,4.828865610776649
O00560_site6,1,1,0.8825262479092355
O00560_site70,4,2,2.1215420228233084
O00560_site79,3,2,2.7803635183382016
O00560_site8,4,2,1.2233580837284452
O00560_site81,2,2,1.663406116816552
O00560_site9,5,2,1.713979256587
O14733_site1,6,6,1.9225646572265664
O14733_site10,13,10,3.100919353292308
O14733_site11,7,7,2.9672353059957666
O14733_site12,7,7,1.126890413448121
O14733_site13,5,5,1.6369209895910624
O14733_site130,1,1,1.3098793834860432
O14733_site131,8,6,1.752037069523504
O14733_site132,9,6,3.7304768167014273
O14733_site133,13,10,3.750740793402532
O14733_site134,2,2,1.562200520040699
O14733_site135,12,9,1.7219972843365292
O14733_site136,7,6,2.9553236976264
O14733_site137,4,3,2.750721241262273
O14733_site138,7,6,2.17465694661653
O14733_site139,3,2,3.045698547694034
O14733_site14,6,5,1.9250510384625852
O14733_site141,8,7,4.433482520866094
O14733_site142,2,2,0.6764555066019851
O14733_site143,7,6,1.5453387348986602
O14733_site144,8,6,2.185857621353067
O14733_site145,3,2,1.6570187494946973
O14733_site149,3,3,1.28387184960943
O14733_site151,13,10,6.674336354158313
O14733_site154,1,1,2.969592864544901
O14733_site156,2,2,0.986955734588576
O14733_site157,3,3,2.1449438940101624
O14733_site16,8,7,2.431564130164776
O14733_site165,1,1,1.1196353318563972
O14733_site17,2,2,2.502605299536943
O14733_site174,1,1,1.2385891050983209
O14733_site175,1,1,1.4953549309194856
O14733_site18,12,11,4.860718148152194
O14733_site187,4,4,1.2019631941524629
O14733_site2,4,4,1.5250065591786424
O14733_site212,1,1,1.0990695027036392
O14733_site3,7,4,1.4312462477486492
O14733_site4,16,11,1.985207384717277
O14733_site5,12,11,4.303466513269592
O14733_site7,3,2,1.2576278764211024
O14733_site8,4,3,1.862236498204646
O14733_site9,4,3,1.5308006535947711
O14757_site1,16,14,1.725841359160264
O14757_site10,127,104,1.0056349668128064
O14757_site11,132,109,1.4024139887089075
O14757_site12,143,119,2.849281800544698
O14757_site14,51,48,1.7191211262326953
O14757_site15,127,108,3.374898753345541
O14757_site2,121,100,3.33128892803157
O14757_site20,65,58,1.4678344496667377
O14757_site21,34,32,2.964931838883785
O14757_site22,16,16,1.1469704861111112
O14757_site23,31,27,4.970315927413611
O14757_site24,69,62,2.4849423851490613
O14757_site25,8,8,1.1582288059136812
O14757_site26,27,26,1.7955965395562934
O14757_site27,48,42,2.3578435660307844
O14757_site28,46,37,3.846825082032237
O14757_site3,124,105,1.2282700864146954
O14757_site4,144,118,1.8793877635829568
O14757_site7,79,72,2.637416669037391
O14786_site1,1,1,0.8337970770843197
O14786_site109,5,4,3.094112363946788
O14786_site11,2,1,1.149254070403292
O14786_site112,1,1,1.3241909663519802
O14786_site114,1,1,0.9915543831382524
O14786_site13,4,2,2.472962205233121
O14786_site14,2,1,1.9208447236558457
O14786_site15,9,4,4.806692128497046
O14786_site16,2,2,1.5875454542118763
O14786_site17,2,2,1.7318211550851583
O14786_site171,3,2,2.2785417847413934
O14786_site18,8,4,1.2771007680471609
O14786_site19,2,1,0.9209059893858984
O14786_site2,1,1,1.2345763353595047
O14786_site208,2,1,0.9749284082280312
O14786_site209,2,1,0.8737887008692657
O14786_site21,2,2,1.7767169577110806
O14786_site210,2,1,0.697344684426432
O14786_site22,3,2,1.5685733308611594
O14786_site25,3,3,1.4962927610193122
O14786_site27,2,1,4.171307583728988
O14786_site3,1,1,1.3577959062016058
O14786_site4,1,1,0.6121621503534697
O14786_site55,2,1,1.2940947702384609
O14786_site6,7,5,2.0215038119071176
O14786_site70,3,3,3.436355816787328
O14786_site8,8,4,1.4968950896677902
O15151_site104,1,1,0.969917885569996
O15151_site105,1,1,0.8435372701613074
O15151_site106,1,1,2.1535906828552656
O15151_site85,1,1,2.5713584993534258
O15151_site87,1,1,2.752678782798353
O15151_site91,1,1,1.1368466844820089
O15151_site98,1,1,1.0044859062200102
O15151_site99,2,2,1.3043544655853607
O15164_site100,1,1,1.2062122200176673
O15164_site102,1,1,0.7744861469503648
O15164_site103,3,3,1.059534733961201
O15164_site106,2,2,1.0248582712274668
O15164_site108,8,7,1.2483348061153712
O15164_site109,4,4,1.8108995162574244
O15164_site111,2,2,1.198799990513759
O15164_site112,2,2,1.0377407179635592
O15164_site113,2,2,0.9558748236472034
O15164_site114,11,8,1.9203039570012048
O15164_site115,2,2,1.0190874541724195
O15164_site116,2,2,0.9583333333333334
O15164_site167,3,3,0.9208088294529928
O15164_site41,2,2,1.5483904664078414
O15164_site42,2,2,1.0065292867876945
O15164_site44,1,1,1.1597570473368286
O15164_site45,10,9,2.254858000024194
O15164_site46,1,1,0.6319901075304754
O15164_site47,1,1,1.573119012306089
O15164_site48,1,1,1.1252553474406954
O15164_site49,1,1,0.7046797137836541
O15164_site50,8,6,1.5458212597737004
O15164_site52,7,7,2.0029008078637784
O15164_site55,1,1,0.8390345790498925
O15164_site56,15,11,1.153980494888248
O15164_site57,1,1,1.2000113361012317
O15164_site58,7,6,3.610184916723044
O15164_site59,1,1,1.02332357263455
O15164_site62,13,9,1.9705553930403656
O15164_site64,1,1,1.8778325763140404
O15164_site66,1,1,1.0230851285138252
O15164_site67,1,1,0.5734002427745288
O15164_site68,1,1,1.19183629664079
O15164_site69,2,2,1.0035303117857202
O15164_site71,1,1,1.0351021598924743
O15164_site72,6,6,2.381144247637372
O15164_site73,1,1,1.4529868296193749
O15164_site74,2,2,0.712904763239788
O15164_site76,1,1,0.8655790627243722
O15164_site77,1,1,1.0541345817290864
O15164_site78,1,1,0.8571425012642587
O15164_site81,10,7,1.5467249520954327
O15164_site82,1,1,0.7171737061468282
O15164_site85,2,2,1.6268857114195985
O15164_site88,1,1,1.4743397133499596
O15164_site89,2,2,1.582984407616044
O15164_site90,1,1,0.4408661816299217
O15164_site91,1,1,1.5488136276048694
O15164_site92,12,9,2.056215442111229
O15164_site93,11,8,1.5838114464612034
O15164_site94,7,6,1.668743095740396
O15164_site95,8,6,1.1256897985146666
O15164_site96,1,1,0.9780183919636164
O15164_site97,12,10,1.9644882645493411
O15164_site98,4,4,1.3431066053866585
O15164_site99,1,1,3.3513403188018343
O15178_site1,50,39,2.357954458952668
O15178_site11,3,3,1.2880929641617795
O15178_site12,31,26,2.4450329420962804
O15178_site13,24,21,1.3992746756963448
O15178_site15,10,8,1.5962095552188251
O15178_site18,8,8,1.001528637500524
O15178_site22,3,3,0.6013536502381647
O15178_site23,17,14,1.3203380331145502
O15178_site24,5,5,1.2373478486467906
O15178_site25,13,10,1.9621069126393391
O15178_site27,8,7,2.293343996816262
O15178_site29,1,1,0.9828426783425273
O15178_site3,18,16,10.608540637836342
O15178_site4,51,40,1.9521463905424667
O15178_site5,47,36,2.436409847265153
O15178_site6,29,25,1.7024807348895574
O15178_site7,23,19,3.5670226751494565
O15178_site8,37,30,1.106564984631238
O15178_site9,35,27,1.3098707785016224
O15393_site101,3,3,1.101894667342632
O15393_site107,1,1,0.6749382009133696
O15393_site108,2,2,0.6992810520965983
O15393_site31,6,5,0.9788412944120508
O15393_site51,5,4,1.7825876676236458
O15393_site52,6,5,1.4415669931235675
O15393_site53,1,1,0.9043365990734412
O15393_site54,5,4,0.802577534633068
O15393_site55,1,1,0.6473705271071554
O15393_site56,2,2,2.4634400572513147
O15393_site58,1,1,0.9889816670870448
O15393_site59,4,4,0.1913196225807362
O15393_site60,3,2,1.1176418000211308
O15393_site61,4,4,0.9109194564093588
O15393_site63,3,3,0.5704693294255175
O15393_site64,2,2,1.702152777383635
O15393_site65,1,1,0.6412538173645911
O15393_site66,5,4,0.9140840126053404
O15393_site69,6,5,1.2904023916703893
O15393_site7,5,5,1.0928787071568105
O15393_site71,3,3,1.80224264846104
O15393_site74,1,1,1.1131123072839382
O15393_site76,2,2,2.077526312333216
O15393_site79,2,2,1.6214369450535135
O15527_site1,3,3,3.0360922319976646
O15527_site10,7,5,2.1527428940036506
O15527_site11,8,6,5.922197977522817
O15527_site12,4,2,0.5947171850314966
O15527_site13,8,6,2.695617445394783
O15527_site14,8,6,4.567414190152429
O15527_site15,2,2,1.0534650430934602
O15527_site16,7,5,3.526667484275628
O15527_site17,4,2,1.3709510262141842
O15527_site18,6,4,2.837940493775058
O15527_site19,4,3,2.4962267883892486
O15527_site2,7,5,3.1703663072730075
O15527_site20,8,6,2.768878543102667
O15527_site21,2,2,2.243788365974861
O15527_site23,2,2,1.7293155415201746
O15527_site24,4,4,3.985863432981
O15527_site25,8,6,9.497065654421496
O15527_site26,3,3,1.73438260373967
O15527_site27,1,1,1.685379165004623
O15527_site28,2,2,3.3116114973539483
O15527_site3,6,6,2.034131066092859
O15527_site30,1,1,2.075673014639202
O15527_site32,4,4,2.037775917594811
O15527_site33,2,2,3.462795814644322
O15527_site36,4,3,1.5619556341861731
O15527_site37,2,2,1.33166927777302
O15527_site38,1,1,1.0180713130718586
O15527_site39,1,1,1.8815850194333064
O15527_site4,5,4,1.3342003625758652
O15527_site40,3,3,2.1039533051244037
O15527_site41,4,3,1.4277396648709784
O15527_site42,3,3,2.4383181591701777
O15527_site43,3,3,1.4455187637969094
O15527_site44,3,3,1.4406143662890971
O15527_site45,1,1,1.147508458377524
O15527_site46,6,5,2.3311307584923218
O15527_site47,2,2,1.6388764779851035
O15527_site48,1,1,0.8989616684060637
O15527_site5,7,5,1.5770813263973626
O15527_site52,1,1,1.5923374911592618
O15527_site53,1,1,1.5969274579685104
O15527_site6,8,6,1.8978796518324117
O15527_site64,2,1,0.5633244544365974
O15527_site68,2,1,0.9730491092801168
O15527_site7,6,4,1.2861602591831858
O15527_site72,1,1,1.5887519657211115
O15527_site76,2,2,1.3788366258836169
O15527_site78,2,1,0.750503058328114
O15527_site8,8,6,2.4660665415927987
O15530_site80,3,2,1.1855104004037154
O15530_site81,3,2,3.391063222944066
O15530_site82,3,2,1.5873565859953684
O15530_site84,2,2,0.9726267872842532
O15530_site88,1,1,2.2077172959186293
O15530_site89,1,1,0.3785033459499247
O43521_site43,1,1,1.1397423132541546
O43570_site1,2,2,0.6661776486278063
O43570_site10,3,3,2.7607651904070174
O43570_site11,5,4,2.180836429757293
O43570_site12,5,4,1.6139644254051035
O43570_site13,20,15,1.4961030709750085
O43570_site14,4,3,1.274890439788665
O43570_site15,2,2,0.8925850304238226
O43570_site16,4,3,1.7284126635958177
O43570_site17,4,4,1.0564363262712435
O43570_site18,2,2,1.005905325459566
O43570_site19,3,3,1.7179740561228491
O43570_site2,5,4,2.2303903758427195
O43570_site20,5,4,1.449204919820792
O43570_site21,5,4,2.322889399958185
O43570_site22,3,3,1.845465819516173
O43570_site23,1,1,1.0311441519945457
O43570_site25,2,2,0.8032380868139307
O43570_site26,2,2,1.84032679336212
O43570_site27,3,3,1.2123552611087496
O43570_site28,5,4,1.0727342688569448
O43570_site29,5,4,1.131241078706379
O43570_site3,5,4,1.472120966653166
O43570_site30,5,4,0.7249319784069473
O43570_site4,2,2,0.957670919891736
O43570_site6,5,4,1.2314141918363553
O43570_site7,4,3,1.0316565259408896
O43570_site8,5,4,1.2555366746863623
O43570_site9,4,4,0.8983361996743512
O43598_site2,1,1,0.9297907301193612
O43598_site20,6,5,0.7460821251396551
O43598_site22,4,3,3.2408138852963906
O43598_site24,17,12,2.003308904728441
O43598_site26,1,1,2.582949454155361
O43598_site31,7,6,1.8763858143212109
O43598_site33,1,1,0.8008361889892962
O43598_site35,1,1,1.4765676759177315
O43598_site38,7,6,2.1072794859801585
O43598_site40,2,2,0.7940690425447045
O43598_site41,1,1,0.699048472598299
O43598_site43,5,4,3.4424736426836318
O43598_site44,1,1,1.4440546221664372
O43598_site45,2,2,1.6829195653556783
O43598_site46,14,12,2.6356056313938447
O43598_site48,7,6,1.9780816178850955
O43598_site50,10,9,2.158515322186124
O43598_site52,6,5,1.5748003073214023
O43598_site54,14,10,7.102682939172093
O43598_site58,11,8,1.9592267614640937
O43598_site59,6,6,2.847118891999795
O43598_site60,6,5,1.2437367970809543
O43598_site63,10,9,2.026071897281866
O43598_site64,9,9,4.181600621812529
O43598_site65,3,3,1.4695306371158334
O43598_site66,14,10,2.1418550585217253
O43598_site7,5,4,0.97567502346159
O43598_site70,2,2,2.031486168282471
O43598_site73,1,1,2.195322556124258
O43598_site74,1,1,0.8174671639777779
O43598_site80,5,4,2.726127439073759
O43598_site81,11,11,2.591995719241272
O43598_site82,2,2,2.454792837078652
O43598_site83,2,2,2.227591695001085
O43598_site85,1,1,0.9807679258634562
O43598_site87,6,5,2.954289718062411
O43598_site88,7,7,0.8967530076662187
O43598_site89,3,3,1.931820269153264
O43598_site90,2,2,1.1255099816250895
O43598_site92,3,3,6.629962883815094
O43598_site93,1,1,0.7089488491915529
O43598_site94,1,1,1.8283686878972696
O43598_site95,1,1,0.901376524139444
O43924_site109,3,2,1.0686374104656666
O43924_site119,14,12,2.077990307359317
O43924_site83,18,16,1.177930909848077
O43924_site84,14,13,1.262931255592857
O43924_site89,14,13,1.9534021841181997
O43924_site93,19,17,1.479770401036243
O60674_site102,4,4,1.5384929720692002
O60674_site103,1,1,0.809450642356963
O60674_site104,6,6,1.6428440509902034
O60674_site105,4,4,0.772214165226693
O60674_site106,5,5,1.3274714619419103
O60674_site108,3,3,0.4815672402503156
O60674_site109,6,6,1.2691103552841865
O60674_site110,5,5,1.745578599286294
O60674_site111,6,6,1.1018608067576663
O60674_site112,6,6,1.3407179575419956
O60674_site113,3,3,0.9969530773918344
O60674_site114,4,4,1.8653549526302515
O60674_site115,2,2,0.9136167298346716
O60674_site116,5,5,1.580718395272897
O60674_site117,6,6,1.0415651085287854
O60674_site118,6,6,1.7372226261063275
O60674_site120,5,5,1.5473025303930192
O60674_site121,4,4,2.127875273028545
O60674_site122,6,6,1.081950092546307
O60674_site123,3,3,1.5118092988645375
O60674_site848,12,11,1.3446921565403136
O60674_site849,2,2,1.1067604825529895
O60674_site850,7,6,1.3320002413645142
O60674_site851,7,7,1.8495031175227483
O60674_site852,9,9,2.779180400833404
O60674_site853,11,11,1.437469970485277
O60674_site854,10,10,4.865976041696663
O60674_site855,8,7,1.2260756287316807
O60674_site856,5,5,0.9758421790966044
O60674_site857,5,5,1.1485181371424666
O60674_site858,3,3,1.6312204347945396
O60674_site859,5,5,2.781322111216337
O60674_site861,10,10,0.913929312007592
O60674_site862,4,4,0.8852409034600773
O60885_site1,387,281,7.220824564374239
O60885_site10,123,101,4.3386158339181815
O60885_site107,1,1,0.6676925185697689
O60885_site108,8,7,1.822197525674224
O60885_site11,232,183,5.593027028196127
O60885_site113,1,1,3.152618697320115
O60885_site117,7,7,1.748702428562043
O60885_site118,9,9,1.2875980786186525
O60885_site12,162,128,9.60111370278518
O60885_site121,8,8,1.610294267334392
O60885_site1216,2,2,1.1301338542752175
O60885_site124,7,7,0.6780688538263805
O60885_site126,4,4,0.7503152585119798
O60885_site127,21,19,0.5597667164435379
O60885_site128,3,3,2.0277149127318865
O60885_site129,6,6,4.038843862181267
O60885_site130,9,9,1.4286265923911767
O60885_site133,53,46,1.5517660539032532
O60885_site134,21,16,3.316209459930957
O60885_site135,137,106,2.68351947001759
O60885_site136,43,40,2.620641342730925
O60885_site137,18,17,1.4047471588269902
O60885_site138,91,75,3.0741878813838137
O60885_site139,5,5,1.4296963585785862
O60885_site150,30,28,3.769273580939863
O60885_site172,24,20,2.0012594458438286
O60885_site182,6,5,3.772241008426955
O60885_site194,5,4,7.964886299489166
O60885_site2,426,308,9.770260644136677
O60885_site204,4,4,2.5732834817402144
O60885_site205,7,7,3.11067189048708
O60885_site210,1,1,1.4956363585586716
O60885_site211,4,4,4.1587592043565085
O60885_site212,5,5,1.549100267169574
O60885_site217,6,6,1.671873607604337
O60885_site245,8,7,2.489986691509183
O60885_site246,9,8,3.164167475548552
O60885_site247,7,6,2.753491188035155
O60885_site248,9,8,1.198719556071781
O60885_site252,2,1,1.2419468338256126
O60885_site27,43,40,1.93061749393292
O60885_site28,146,120,3.277056002435992
O60885_site295,5,5,1.430821453296975
O60885_site297,3,3,0.9421379369857312
O60885_site3,300,229,5.486054636046045
O60885_site327,1,1,3.016242823752437
O60885_site35,211,163,2.752799058993397
O60885_site36,188,137,3.2081766709426285
O60885_site37,148,118,7.315516994241098
O60885_site4,7,7,1.3835653330191378
O60885_site40,40,37,2.932759978577954
O60885_site432,4,4,5.193069506432795
O60885_site433,3,3,2.5424785708359128
O60885_site434,4,4,1.5058170078803312
O60885_site435,4,4,1.0060783849194737
O60885_site437,2,2,1.5876787411478022
O60885_site456,3,3,1.5251867851029643
O60885_site457,3,3,6.844959991800698
O60885_site49,10,9,3.0446089179536773
O60885_site5,232,190,8.64811816409477
O60885_site51,17,17,1.613576273134843
O60885_site522,1,1,1.7888306317938338
O60885_site524,7,6,3.0954719671985025
O60885_site566,2,2,1.4110132276628746
O60885_site573,1,1,0.9402242684217648
O60885_site6,214,154,4.014139329541075
O60885_site631,1,1,0.4499382494612231
O60885_site64,1,1,0.5152584092183955
O60885_site670,1,1,1.239098652942541
O60885_site7,18,18,3.788478590229632
O60885_site72,3,2,4.553491719104224
O60885_site78,5,5,0.6934365099142074
O60885_site79,92,74,3.1747085904593986
O60885_site791,1,1,3.085487682828307
O60885_site8,86,69,3.516028378598547
O60885_site80,5,5,4.095933966105942
O60885_site81,10,9,3.74647154368978
O60885_site82,6,6,2.5490471536770096
O60885_site83,1,1,1.3082250438819998
O60885_site84,2,2,1.7169753591154395
O60885_site9,215,169,2.050031808301967
O60885_site91,1,1,0.8862043481438769
O60885_site910,1,1,0.8477329204668167
O60885_site919,1,1,0.931891079884852
O60885_site970,1,1,0.9044866202641126
O60885_site976,1,1,0.4903147982759557
O60885_site98,1,1,1.816933026885456
O75164_site1061,1,1,1.330185473668803
O75164_site51,4,4,0.8292343941713629
O75164_site52,21,17,1.1782492101577513
O75164_site53,4,4,1.7311848331254311
O75164_site54,7,6,1.9742592063823527
O75164_site55,9,8,1.744927856442967
O75164_site56,14,10,1.5231923588046483
O75164_site57,4,4,0.9818420714262752
O75164_site58,3,3,1.734912043301759
O75164_site59,18,13,2.3868394754428017
O75164_site60,8,6,1.7723455492574018
O75164_site61,40,24,4.102514352201097
O75164_site62,16,14,1.488010358733757
O75164_site63,28,18,3.173808991125484
O75164_site64,3,2,1.5940428746061877
O75164_site65,3,3,0.6416919507406746
O75164_site66,8,6,1.0073309707456048
O75164_site67,18,13,1.862805510294771
O75164_site68,5,5,1.0432750120712402
O75164_site69,12,8,1.7076114116257997
O75164_site70,9,6,1.563499711466813
O75164_site71,17,13,1.314549386512631
O75164_site72,9,7,2.382547265163686
O75164_site73,3,3,1.6291058856945768
O75164_site74,5,5,1.1931896645709923
O75164_site75,10,7,2.749827125820487
O75164_site76,21,15,1.7583038292908213
O75164_site77,15,10,1.5623510795446751
O75164_site78,4,4,1.182974394533121
O75164_site79,18,13,2.7079526754809056
O75164_site80,16,12,1.323436144198154
O75164_site81,6,6,2.9721217316039144
O75164_site82,12,11,2.0292409324408465
O75164_site83,17,13,1.2070902745475969
O75164_site84,3,3,0.8690711669544217
O75164_site85,15,11,1.646146998967773
O75164_site86,4,4,1.708900861020577
O75164_site87,30,19,1.1314245686577211
O75164_site879,1,1,1.0722972962155983
O75164_site88,5,4,0.9249809168068494
O75164_site883,1,1,1.4684588823167362
O75164_site887,1,1,1.947705062768324
O75164_site89,1,1,0.7345676479256278
O75164_site90,8,7,1.1037377546962923
O75164_site902,1,1,0.9771433632498818
O75164_site909,1,1,2.2381918222030426
O75164_site91,11,10,2.991371213808549
O75164_site92,12,9,1.0395588407158711
O75164_site925,1,1,2.1426097031136857
O75164_site93,19,13,0.4774066211105951
O75164_site94,5,4,0.710018997334539
O75164_site960,1,1,1.34673657699171
O75164_site969,1,1,0.991484202526148
O75164_site976,1,1,0.5709913200430805
O75164_site995,1,1,0.5491841245689024
O75164_site997,1,1,1.0099807727610894
O75469_site1,31,25,2.9638821242416475
O75469_site10,31,25,1.099302903636426
O75469_site11,31,25,1.6743801852573337
O75469_site14,31,25,1.919903870611246
O75469_site15,31,25,1.7363929897145736
O75469_site17,31,25,2.2517611922313887
O75469_site2,29,23,3.2334564450432457
O75469_site22,24,18,1.7409596842189552
O75469_site23,19,15,0.6344990319457889
O75469_site26,17,15,2.4634543258327413
O75469_site3,22,19,3.4448518240421486
O75469_site30,6,4,1.3730998388688342
O75469_site35,17,16,1.7467511363584345
O75469_site5,24,20,1.2663842556345764
O75469_site6,29,23,4.12345650140318
O75469_site69,13,12,1.5234370576835137
O75469_site7,15,14,1.8746579015496132
O75469_site78,12,10,1.6037475298674868
O75469_site8,28,23,2.1570219297677493
O75530_site1,31,26,5.626313362846123
O75530_site10,11,10,3.0469317956980126
O75530_site11,26,22,1.738350759518643
O75530_site12,29,25,5.003394540847482
O75530_site13,35,30,2.8401075943886385
O75530_site14,24,22,5.909938892390321
O75530_site15,14,13,1.2850481467878188
O75530_site16,20,17,1.253470643175339
O75530_site17,24,20,1.3870903284033422
O75530_site18,5,5,3.550908332149453
O75530_site19,6,5,1.2716895809780826
O75530_site2,3,3,1.0170858244239702
O75530_site20,13,11,2.017319382670422
O75530_site21,13,12,2.826609717365625
O75530_site22,24,21,1.825222977755012
O75530_site23,2,2,0.7800403777394126
O75530_site24,7,7,2.3315762792526225
O75530_site26,4,4,1.0502233178953448
O75530_site29,11,10,1.321073388675915
O75530_site3,35,30,2.149445675116508
O75530_site30,18,16,1.603712880272998
O75530_site31,2,2,0.9443224398479212
O75530_site32,4,4,2.1380620021209955
O75530_site33,9,8,1.1093229179301811
O75530_site36,1,1,0.7742508674519919
O75530_site39,2,2,0.5997613932307453
O75530_site4,29,25,2.351585931346724
O75530_site40,11,11,1.2319353162069315
O75530_site42,3,3,3.8694492592849374
O75530_site5,13,12,2.846748630695723
O75530_site6,31,27,3.581886732604746
O75530_site67,1,1,0.5113382990872004
O75530_site69,3,3,1.1785236947300968
O75530_site7,12,11,3.3881653225806447
O75530_site70,11,11,2.479868415736239
O75530_site72,6,6,1.192182364673165
O75530_site79,6,6,2.329672429572861
O75530_site8,21,20,4.004102735156772
O75530_site9,16,15,1.201648571143228
O75530_site94,1,1,1.0561389842430655
O76074_site1,23,18,1.6724001195135358
O76074_site10,14,10,1.8453523815985229
O76074_site11,14,9,3.650740581936205
O76074_site13,34,27,4.07502587934718
O76074_site14,4,4,1.7501930844689066
O76074_site15,32,26,6.300110855573388
O76074_site16,25,22,1.0198620822013904
O76074_site17,24,22,1.695314596780971
O76074_site18,28,21,2.4846814537081374
O76074_site19,3,3,1.1833199200610562
O76074_site2,24,20,1.3791006078986203
O76074_site20,23,21,5.35450024386482
O76074_site21,1,1,3.385267635725459
O76074_site22,9,8,1.0394684338246811
O76074_site23,1,1,0.5270196188354712
O76074_site24,4,4,1.323004747229352
O76074_site25,8,7,1.4879251349385254
O76074_site30,7,6,2.167073887713886
O76074_site4,32,26,3.565551322654182
O76074_site5,29,22,1.4442843933599043
O76074_site55,3,3,1.2107993970779958
O76074_site62,5,5,1.1484802127097915
O76074_site65,8,8,2.062044573230494
O76074_site67,3,3,1.2103606686732045
O76074_site7,26,21,2.784567951960507
O76074_site76,6,5,1.074795762811242
O76074_site77,2,2,0.7126904130621761
O76074_site78,2,2,2.369949179918845
O76074_site79,1,1,0.7859060817685604
O76074_site81,5,5,1.357913821236478
O94925_site19,2,2,0.8019968443251889
O94925_site20,1,1,2.39874762606744
O94925_site21,1,1,2.2794613664185617
O94925_site22,2,2,1.135974332731328
O94925_site23,2,2,0.8738554761386652
O94925_site24,2,2,1.1133272534179783
O94925_site25,2,2,1.8244605185463525
O94925_site27,2,2,1.2092630649839553
O94925_site28,2,2,0.9075473495187808
O94925_site30,1,1,1.2348674304418985
O94925_site31,2,2,3.2556693586028937
O94925_site32,2,2,1.2542699009815368
O94925_site33,1,1,1.1703510294295043
O94925_site34,1,1,0.7824639902777202
O94925_site35,1,1,1.4043452147956028
O94925_site36,2,2,1.2855811400201484
O95166_site104,1,1,1.3649439777107353
O95166_site107,1,1,1.4732982527445446
O95166_site143,1,1,1.3251809513119517
O95166_site161,1,1,2.961427368421053
O95166_site192,2,2,1.7833500501504516
O95166_site194,1,1,2.984038492126611
O95166_site197,1,1,4.195227335185807
O95166_site2,1,1,1.332986296880046
O95166_site39,1,1,1.9903537226424293
O95166_site4,1,1,2.9166816938658973
O95166_site5,1,1,4.062337131470032
O95166_site7,1,1,1.2496975908843275
O95166_site97,1,1,1.590701968357218
O95271_site10,2,2,0.5314121607387758
O95271_site603,2,2,0.8436635222994631
O95271_site606,2,2,0.3025696515198718
O95271_site609,2,2,0.8752549834438657
O95271_site610,2,2,0.6242139330998178
O95271_site617,2,2,1.7899838270155304
O95271_site618,2,2,1.3402303596597875
O95271_site619,2,2,0.9828975152993926
O95271_site620,2,2,1.2424425249894646
O95271_site623,2,2,1.34949545896477
O95271_site626,2,2,1.0673629074357576
O95271_site627,2,2,0.9237109794115886
O95271_site628,2,2,1.0991810468431085
O95271_site632,2,2,0.933528170217826
O95271_site633,2,2,1.3041835636845154
O95271_site634,2,2,0.921529666039183
O95271_site635,2,2,0.63588110137985
O95271_site636,2,2,0.6989050096809833
O95271_site638,2,2,0.727321351174393
O95271_site639,2,2,1.7025905119537863
O95271_site641,2,2,0.5719876664002
O95271_site643,2,2,0.6105834825458366
O95271_site645,2,2,0.7348977381020256
O95271_site646,2,2,1.04552454486003
O95271_site647,2,2,2.324841250090313
O95271_site648,2,2,0.7390996759504902
O95271_site649,2,2,0.8243430045924401
O95271_site650,2,2,1.6539202897139855
O95271_site652,2,2,1.2443740497389906
O95271_site655,2,2,0.8276677697980034
O95271_site656,2,2,1.1478270940935036
O95271_site657,2,2,0.4931454359673025
O95271_site659,2,2,1.2594788802799302
O95271_site660,2,2,1.066492463702909
O95271_site661,2,2,0.3106458631403391
O95271_site662,2,2,0.8510063361908311
O95696_site111,38,29,5.623553610830622
O95696_site112,33,24,5.059566449567421
O95696_site113,26,22,4.941178974249841
O95696_site114,38,29,2.497648160990863
O95696_site115,37,28,5.949512634056172
O95696_site116,33,27,2.3738493248149752
O95696_site118,32,25,1.984984221653224
O95696_site119,35,27,6.709949315112437
O95696_site120,38,29,5.7127828224813015
O95696_site121,37,29,2.401728449065727
O95696_site122,25,22,2.1659942671917274
O95696_site123,37,28,2.3964544409243294
O95696_site124,35,28,3.2270159884444887
O95696_site125,15,14,3.3034468030581303
O95696_site126,35,28,3.130641127959564
O95696_site127,37,28,2.206892208807435
O95696_site128,1,1,1.5163000550020884
O95696_site129,11,9,1.6026288378552649
O95696_site130,14,12,7.852696738174864
O95696_site131,17,14,1.914797291604773
O95696_site137,1,1,0.7874350070389488
O95696_site159,12,12,3.886113310776762
O95696_site160,11,11,1.3886969652162613
O95696_site163,1,1,1.9955973965938527
O95696_site164,5,5,3.503421619077745
O95696_site166,1,1,1.7047302005109546
O95696_site167,4,4,3.6271272358606703
O95696_site168,1,1,1.4339831969539922
O95696_site169,1,1,0.8197036253548184
O95696_site170,1,1,1.9211618257261407
O95696_site171,2,2,1.3867587400187835
O95696_site172,1,1,1.0155254537599598
O95696_site175,5,5,1.8387762362148703
O95696_site182,1,1,0.58238235455185
O95696_site183,1,1,1.9683367632892543
O95989_site1,13,2,3.934913601622034
O95989_site14,3,2,0.575455494060174
O95989_site16,3,2,1.8249656542024293
O95989_site3,11,2,1.5669558011547364
O95989_site6,10,2,2.288569148268379
O95989_site7,6,2,1.76476834765303
O95989_site8,8,2,1.2935004459528527
O95989_site9,6,2,1.012220587934494
O96013_site10,22,21,1.2118946923239586
O96013_site11,6,6,1.7201675031612251
O96013_site12,7,7,2.721311701855804
O96013_site143,2,2,0.9762523576059228
O96013_site145,3,3,1.6729301858992445
O96013_site146,4,4,9.739981428735382
O96013_site147,1,1,1.5635740471248738
O96013_site149,9,9,3.437847231428165
O96013_site150,5,5,1.413638811154339
O96013_site151,12,11,2.231749806437341
O96013_site152,12,11,2.2603930389755478
O96013_site153,7,6,1.3697433248348914
O96013_site154,7,7,1.155915451214255
O96013_site156,7,7,1.9479071422365464
O96013_site157,5,5,1.7227268241512026
O96013_site158,1,1,1.6103430548415334
O96013_site160,4,4,1.0765748941207751
O96013_site162,7,7,3.2839945580336702
O96013_site163,4,4,1.2517078178085428
O96013_site165,3,3,1.4334852972664336
O96013_site17,9,9,2.2779058434023853
O96013_site18,7,6,0.6097221226207008
O96013_site23,20,19,2.9237884962160474
O96013_site25,13,12,3.660582057309004
O96013_site26,20,19,1.9438677738741617
O96013_site3,1,1,1.127863566943832
O96013_site31,22,21,3.0697234199179726
O96013_site38,13,12,1.0603107193851
O96013_site39,8,8,5.259768001050906
O96013_site4,11,11,4.204179867047131
O96013_site41,15,14,2.656683880504051
O96013_site46,1,1,2.439886130182757
O96013_site47,1,1,0.3780120684454913
O96013_site48,1,1,1.355890624065099
O96013_site51,8,8,1.8184296359152503
O96013_site52,14,13,1.9005242940199336
O96013_site53,19,18,2.647820303760553
O96013_site54,14,14,5.206588072122052
O96013_site55,9,9,11.433631682996245
O96013_site56,3,3,0.9134589128162636
O96013_site57,10,10,2.065918057876188
O96013_site59,3,3,1.1204358013985498
O96013_site6,4,4,3.975148166414498
O96013_site60,9,9,2.6857251551822943
O96013_site61,5,5,1.967703862119753
O96013_site62,2,2,0.5530965962635443
O96013_site63,7,7,1.7704502519823997
O96013_site64,12,11,1.8860047588146225
O96013_site65,6,6,3.1219596555302176
O96013_site7,3,3,2.5150169699806897
P00338_site100,8,7,0.8932938675018012
P00338_site103,10,7,2.936176624126237
P00338_site117,6,5,0.8281343320001765
P00338_site120,17,14,1.578141181127369
P00338_site13,31,26,1.8672526102014848
P00338_site140,20,15,4.006599851404543
P00338_site153,28,22,3.8821444324577112
P00338_site154,29,22,5.1464578450070615
P00338_site171,27,20,1.6432412326932515
P00338_site178,3,3,1.652900104823066
P00338_site18,15,11,1.1429492336436842
P00338_site189,28,23,2.761570278386793
P00338_site190,10,9,1.5484594472963036
P00338_site191,24,18,2.214712367537682
P00338_site195,6,5,3.054871664261256
P00338_site198,29,25,2.0155713517842058
P00338_site199,10,7,1.8526726579045476
P00338_site20,9,7,3.040303152811391
P00338_site201,22,19,1.719562503848242
P00338_site205,10,9,2.5176263900903395
P00338_site206,21,17,2.027693658936115
P00338_site217,28,24,1.3508909296933371
P00338_site218,22,17,1.5938557076949418
P00338_site219,19,15,2.087386697855214
P00338_site227,2,2,0.1805752216734256
P00338_site228,7,7,1.1451572756231874
P00338_site229,10,8,0.7168339681245175
P00338_site231,7,7,1.9678683828656505
P00338_site232,4,4,1.2440451691598506
P00338_site233,13,12,4.918817893055824
P00338_site234,5,5,1.3328691841304623
P00338_site236,8,7,2.118355742274673
P00338_site237,6,6,4.145487868738
P00338_site238,5,5,1.5356547496496624
P00338_site26,30,23,1.2033398714374282
P00338_site3,6,4,1.6106245794724263
P00338_site30,24,19,2.905916981902531
P00338_site35,31,25,1.8828740980703755
P00338_site37,25,20,0.8789411107111053
P00338_site42,28,21,2.1680077129735884
P00338_site5,32,25,1.1840033781954804
P00338_site58,30,23,2.520030886946755
P00338_site61,25,20,3.2634033990350813
P00338_site82,25,19,1.1686193814276962
P00338_site83,25,20,2.3314246449839677
P00338_site86,11,8,1.6140061358409945
P00338_site94,10,8,2.121110951314555
P00338_site95,28,21,1.5894975047837407
P00338_site99,26,19,1.517043498221049
P00374_site12,18,16,1.7365356344369236
P00374_site13,58,38,1.7015364290568649
P00374_site14,25,23,1.6255796244390075
P00374_site15,17,12,1.901123500428861
P00374_site17,20,17,1.3248206959845834
P00374_site24,32,28,1.3777330052390286
P00374_site33,4,4,2.5659088721240706
P00374_site4,51,34,3.939650911429643
P00374_site5,59,38,1.092991002548411
P00374_site9,60,39,3.263605780966356
P00441_site1,18,9,8.593922135943796
P00441_site10,15,8,2.054883481836874
P00441_site1043,3,2,2.753964437284345
P00441_site1044,4,3,1.5868161771782594
P00441_site1045,3,2,1.048207871333737
P00441_site1048,2,2,1.4290631712499662
P00441_site1049,4,3,1.1948613122107712
P00441_site1051,4,3,0.4866744421268626
P00441_site1052,2,2,0.4328003260478406
P00441_site1053,3,2,1.7557477385946514
P00441_site1054,4,3,2.51047796117369
P00441_site1055,3,3,1.043826492381983
P00441_site1056,3,2,2.591576649896419
P00441_site1057,4,3,1.1551450160724934
P00441_site1058,1,1,1.443715029303985
P00441_site1059,2,2,1.3911822555753923
P00441_site1060,3,2,1.575303204366302
P00441_site1061,1,1,1.0453025210992122
P00441_site1063,1,1,0.7068840006330116
P00441_site1064,2,2,1.717481672681979
P00441_site1066,3,2,1.007756872442089
P00441_site1067,1,1,0.8001790247779552
P00441_site1068,3,2,1.4502033410498654
P00441_site1069,3,2,1.1071675815340336
P00441_site1071,3,2,1.321583690700859
P00441_site1072,3,2,0.8383482522677979
P00441_site1074,2,2,0.8830440919266501
P00441_site1076,2,2,1.147298522296611
P00441_site1077,2,2,0.4649499362924967
P00441_site1079,2,2,1.7889282864994238
P00441_site1080,2,2,0.7636954058491432
P00441_site1081,4,3,1.1585376792195068
P00441_site1082,4,3,1.92649907725031
P00441_site1084,3,2,4.923716123224472
P00441_site1085,4,3,2.729924836933407
P00441_site1086,4,3,1.8723225292350865
P00441_site1087,2,2,0.4843763358126016
P00441_site1089,4,3,1.5029717815051218
P00441_site1090,4,3,0.9065130412762726
P00441_site1091,2,2,1.9313020071031597
P00441_site1092,1,1,0.9390985528194462
P00441_site1093,3,2,0.7501577744960682
P00441_site1094,3,3,0.893246428912951
P00441_site1095,2,2,3.0384985303199548
P00441_site1096,3,2,1.3881838205847017
P00441_site1097,3,2,0.989279467451817
P00441_site1099,1,1,1.1092547900230314
P00441_site11,28,10,2.4300836886151904
P00441_site1101,4,3,2.428484355952865
P00441_site1102,4,3,3.984790886681395
P00441_site1103,4,3,1.1427787250940178
P00441_site1107,3,3,1.707369135982147
P00441_site1108,4,3,0.9994342862915446
P00441_site1109,1,1,0.8538384068093954
P00441_site1110,3,2,0.8968266798973507
P00441_site1111,2,2,0.8898566763228417
P00441_site1112,2,2,1.241968975674283
P00441_site1113,3,3,2.020778889342589
P00441_site1116,2,2,0.4985361081187974
P00441_site12,22,10,3.182402841542444
P00441_site13,11,4,1.961615825144453
P00441_site14,10,6,2.496846457134932
P00441_site1416,3,2,0.91299515558665
P00441_site143,4,3,1.729113596131428
P00441_site15,3,2,1.9695297459662495
P00441_site157,12,6,1.920873913353567
P00441_site16,12,6,3.1925186215928623
P00441_site1650,3,2,1.6263642334845645
P00441_site17,19,7,3.264753063244479
P00441_site1743,1,1,3.6782867250869904
P00441_site175,19,8,2.414579887528945
P00441_site181,8,4,1.863224089974604
P00441_site1838,1,1,1.4259103470343544
P00441_site1841,1,1,0.722147248255703
P00441_site1843,1,1,1.970533773131676
P00441_site1845,1,1,1.7730896061070291
P00441_site1849,1,1,1.7438707693026485
P00441_site1852,1,1,1.3900262960180314
P00441_site1853,1,1,0.7912514574426739
P00441_site187,27,10,4.502466472056522
P00441_site1875,1,1,0.6700805698385048
P00441_site1878,1,1,1.8922802069928537
P00441_site19,1,1,0.990981059216652
P00441_site1933,1,1,0.7268503251384849
P00441_site2,21,8,7.068261948970438
P00441_site20,1,1,2.556970610399397
P00441_site218,11,4,6.643126912808492
P00441_site23,1,1,0.9490082895351794
P00441_site24,3,1,3.133979890670759
P00441_site242,3,2,2.305716799706279
P00441_site251,1,1,0.2560832734998632
P00441_site262,3,1,2.1354366950441044
P00441_site263,2,2,1.993891125665621
P00441_site265,1,1,0.841133737396624
P00441_site271,1,1,0.5684745515835032
P00441_site277,2,1,1.2902085453497127
P00441_site289,3,2,3.9204514907228143
P00441_site297,2,2,2.9337295448994545
P00441_site3,13,6,3.9605609149676777
P00441_site300,10,6,3.9409352087458704
P00441_site306,2,2,0.4849806508913277
P00441_site316,11,5,3.4736249816803806
P00441_site33,2,1,1.3374194273141409
P00441_site342,8,5,2.753722895478119
P00441_site344,1,1,1.1531040585803796
P00441_site349,4,3,2.332907919391228
P00441_site35,1,1,0.7391536404136801
P00441_site352,4,4,1.9745398677400483
P00441_site354,1,1,1.1514199200750834
P00441_site357,16,8,3.3375518257438137
P00441_site36,1,1,1.1321368060207255
P00441_site360,2,2,1.398578654527061
P00441_site37,2,1,1.650567997101961
P00441_site383,1,1,1.437414667088918
P00441_site384,3,2,3.468281940491464
P00441_site385,2,1,1.7390791273020083
P00441_site387,2,1,1.1351123565153811
P00441_site388,2,1,1.1722309205657353
P00441_site389,2,1,0.8574011758852575
P00441_site390,1,1,0.8615604356364934
P00441_site393,5,2,3.3261728280913707
P00441_site394,1,1,0.1740357425416498
P00441_site395,5,2,2.2072050813606405
P00441_site396,1,1,0.9526531292844702
P00441_site397,3,2,1.1311937144369015
P00441_site398,1,1,0.6831169404698816
P00441_site399,4,2,1.2017258243598103
P00441_site4,17,8,2.290380050673423
P00441_site400,1,1,1.283901739328175
P00441_site401,3,1,1.338740426710798
P00441_site402,2,1,0.9528040135393088
P00441_site404,2,1,1.244757598064991
P00441_site405,1,1,0.952392917772371
P00441_site406,1,1,0.4563149257939291
P00441_site408,2,1,2.2845407344199704
P00441_site409,2,2,1.2614608279165245
P00441_site41,5,2,1.2988695484616868
P00441_site410,2,1,1.0126181216919
P00441_site411,2,1,2.013272480490874
P00441_site412,4,2,1.717448983271768
P00441_site413,2,1,1.5290401478467353
P00441_site414,2,1,1.782412306971759
P00441_site415,2,1,1.6546406321041056
P00441_site416,1,1,0.7012924591493939
P00441_site417,2,1,2.0054953530523307
P00441_site418,2,1,1.2598310287037793
P00441_site419,2,1,0.7013256306623019
P00441_site42,1,1,1.170685013097358
P00441_site420,2,1,2.1581593053433266
P00441_site422,2,1,2.28053000160038
P00441_site423,2,1,0.6374376181767458
P00441_site424,1,1,1.098312354455438
P00441_site425,2,1,2.398894659371789
P00441_site426,2,1,1.216228595967006
P00441_site427,2,1,1.078024949345909
P00441_site428,2,1,0.9006335610377659
P00441_site429,2,1,1.1217455388501
P00441_site43,1,1,1.3565938174282726
P00441_site430,2,1,1.1241037504928018
P00441_site431,1,1,0.9455580883245088
P00441_site432,2,1,2.2174181203328738
P00441_site433,2,1,2.2382781842795207
P00441_site434,2,1,0.7997010414271165
P00441_site435,2,1,1.1589001996741517
P00441_site436,3,1,1.0791170739652645
P00441_site437,4,2,2.1532460187324256
P00441_site438,2,1,2.516212441147617
P00441_site439,1,1,1.0330434145716223
P00441_site44,1,1,1.6562001778911508
P00441_site441,1,1,1.1902432769106763
P00441_site442,1,1,0.9334410381240308
P00441_site443,2,1,1.1386478476614397
P00441_site444,4,3,1.3610374683932265
P00441_site445,3,2,1.1550530188270938
P00441_site446,1,1,1.2793232308148863
P00441_site447,2,1,1.7623372561285529
P00441_site448,2,1,1.4455698573279887
P00441_site449,2,1,1.1368899355403592
P00441_site45,1,1,1.0689091592822224
P00441_site450,2,1,2.506948810102759
P00441_site451,4,3,4.75802740500797
P00441_site452,1,1,0.6784119623977757
P00441_site453,2,1,1.3686277267444873
P00441_site454,2,1,1.6794666327164884
P00441_site455,1,1,1.40816985747192
P00441_site456,5,2,3.952918335358897
P00441_site457,2,1,2.4421507937751725
P00441_site458,2,1,2.8200809923245087
P00441_site459,2,1,1.1176850254624089
P00441_site46,1,1,1.8164054027408063
P00441_site460,2,1,2.056878272421788
P00441_site461,3,2,2.150233077634646
P00441_site462,1,1,5.169144215867355
P00441_site463,1,1,1.4738938698839266
P00441_site464,2,1,1.2867809543574262
P00441_site466,1,1,1.4782885882269603
P00441_site467,18,9,1.6475863384850218
P00441_site469,4,3,3.5987492795770866
P00441_site47,4,3,4.46085366387806
P00441_site470,3,2,5.510120558136733
P00441_site471,2,2,0.5145110298997922
P00441_site472,1,1,3.065100461533123
P00441_site474,1,1,1.2369885204632982
P00441_site476,1,1,1.5693882573902074
P00441_site477,1,1,1.553068780883952
P00441_site479,1,1,0.9525548947764352
P00441_site48,5,2,0.6319603779718863
P00441_site480,1,1,2.5700088980471127
P00441_site483,1,1,1.287545349342526
P00441_site484,2,2,1.7134894220472898
P00441_site486,1,1,1.3288545055847525
P00441_site488,1,1,1.0197302059525786
P00441_site489,1,1,1.1491501326292883
P00441_site49,1,1,2.0099170208459824
P00441_site490,16,8,6.288189942643724
P00441_site492,6,4,1.2066484134974385
P00441_site494,2,2,1.1144856502204774
P00441_site495,6,4,0.7029664825992038
P00441_site496,4,3,1.393311043844199
P00441_site497,1,1,0.4231182460838965
P00441_site498,1,1,0.7700941129355227
P00441_site499,4,3,1.3859598113329457
P00441_site5,24,8,2.815218397186748
P00441_site503,1,1,0.806005943016955
P00441_site506,1,1,1.5960554939867833
P00441_site507,4,2,1.4371600644668758
P00441_site508,2,2,0.7814821456017214
P00441_site511,1,1,1.2632341468850998
P00441_site512,1,1,1.7917853239596009
P00441_site515,1,1,1.81428307040026
P00441_site517,1,1,1.0744332810654895
P00441_site518,3,3,1.0494618887903502
P00441_site585,9,4,2.491172883260854
P00441_site6,11,7,3.2194028351098125
P00441_site612,5,3,1.965678848702897
P00441_site617,14,7,2.851245367233889
P00441_site639,3,3,2.795942223631604
P00441_site643,1,1,1.7479580360270663
P00441_site676,1,1,3.8507031873733344
P00441_site681,12,7,2.603237793647203
P00441_site682,2,2,2.0946424137074744
P00441_site691,1,1,0.7048583434581066
P00441_site698,1,1,0.936318893067744
P00441_site7,8,5,3.3510216715362358
P00441_site700,1,1,1.3493683432449688
P00441_site708,1,1,1.156810729901263
P00441_site72,17,8,4.209698511999434
P00441_site730,1,1,0.5008965562594533
P00441_site731,1,1,6.260942288049031
P00441_site740,1,1,2.455090415784764
P00441_site741,2,1,0.963991844145448
P00441_site742,1,1,0.438298501577287
P00441_site775,1,1,0.9803184949552116
P00441_site794,1,1,0.6291358329403365
P00441_site798,1,1,4.431771493976006
P00441_site799,2,2,6.394167440597999
P00441_site8,14,7,2.175418635320889
P00441_site819,1,1,1.300860434592387
P00441_site827,1,1,0.985243705023738
P00441_site831,1,1,0.9861474278447246
P00441_site833,1,1,0.951089446875768
P00441_site853,1,1,1.674974850073657
P00441_site856,4,3,1.2739208865908127
P00441_site872,2,2,0.8263615812769515
P00441_site891,3,3,1.143695191288426
P00441_site9,20,9,3.895615853949187
P00441_site919,1,1,0.7017833651918107
P00441_site929,1,1,0.712650047651172
P00441_site936,3,2,0.6580988751693879
P00441_site940,4,3,1.093243079190057
P00441_site97,24,10,2.918312456773995
P00491_site1,10,8,1.0509548013446195
P00491_site10,10,9,1.776926899792175
P00491_site109,3,3,0.7261279195727779
P00491_site11,4,4,0.5436775175357274
P00491_site12,3,3,3.079535420158224
P00491_site135,2,2,1.5845628624458428
P00491_site143,2,2,0.4507200115201843
P00491_site170,3,3,1.1438526452284803
P00491_site18,5,4,1.149872767949722
P00491_site180,4,3,2.261545362451049
P00491_site182,1,1,0.7507865589647996
P00491_site19,10,8,2.988262642973273
P00491_site2,5,5,1.0759984505284248
P00491_site20,4,4,1.4408553952797256
P00491_site214,1,1,1.2047089510783868
P00491_site27,1,1,0.9572437431669768
P00491_site3,6,6,1.8863844055314405
P00491_site30,2,2,2.41893607128046
P00491_site34,1,1,1.5776294920400666
P00491_site38,1,1,1.5378441532053235
P00491_site39,2,2,3.57948262995172
P00491_site4,10,8,2.891754334941282
P00491_site40,1,1,0.5171784359261065
P00491_site45,1,1,0.4110240595654831
P00491_site46,1,1,0.9058275297009422
P00491_site48,1,1,0.9739352258820692
P00491_site5,5,5,2.0409177700029724
P00491_site57,3,3,4.069554905322317
P00491_site6,1,1,1.0809556470050297
P00491_site64,2,2,1.7272716088265978
P00491_site66,3,3,0.690094154992824
P00491_site7,7,7,0.8243072473057644
P00491_site73,4,4,1.0027708812260536
P00491_site75,3,3,0.8562483970776098
P00491_site8,6,5,1.3945690127191288
P00491_site9,8,7,1.5329974961249553
P00491_site92,2,2,1.3131562348239156
P00491_site94,2,2,0.730668224851294
P00491_site96,3,3,4.439380663746025
P00519_site1138,1,1,0.7817402583467199
P00519_site1142,1,1,1.4122020009105145
P00519_site1283,2,2,3.2077096753820893
P00519_site1287,2,2,0.5402962395637296
P00519_site1289,2,2,0.8340636440439312
P00519_site1290,2,2,0.9937573890976452
P00519_site1291,2,2,0.5316460784649445
P00519_site1293,2,2,1.257800856019293
P00519_site1295,2,2,1.1478429366891654
P00519_site1298,2,2,1.7063513975133482
P00519_site1302,2,2,1.6779751305809898
P00519_site17,2,2,1.0170011934468917
P00519_site587,1,1,1.3718802210512786
P00519_site794,1,1,0.7446142011779481
P00519_site841,1,1,1.0066037054984482
P00519_site887,5,4,0.8270431892005479
P00519_site888,5,4,0.990694904022016
P00519_site889,6,5,6.123794610817511
P00519_site890,5,4,1.022010567954378
P00519_site891,6,5,0.8808980354602676
P00519_site892,5,4,0.8408601081967417
P00519_site895,5,4,1.2897191626872715
P00519_site896,5,4,1.421512539317055
P00519_site897,5,4,1.5942948789729772
P00519_site898,5,4,1.6939619266783492
P00519_site899,3,3,0.8073465976744989
P00519_site900,5,4,1.308830330106926
P00519_site901,5,4,0.8376818723980934
P00519_site902,3,3,0.7046148705938718
P00519_site903,3,3,0.566871989907512
P00519_site904,3,3,0.4072919048272287
P00519_site906,4,4,1.9684436221534416
P00519_site909,5,4,1.2102225886232485
P00519_site910,4,4,0.8080939130769675
P00519_site912,5,4,1.3771909111399714
P00519_site915,3,3,0.9470958605513248
P00519_site916,5,4,1.2344130787977252
P00519_site917,5,4,1.2626425072112082
P00519_site918,4,4,1.279755282097614
P00519_site919,5,4,0.8116129637646698
P00519_site922,5,4,3.1795951463902
P00519_site923,5,4,3.7878600035248287
P00558_site135,4,3,1.0560449964696064
P00558_site14,9,3,1.852858636624279
P00558_site142,3,3,0.9269834594151436
P00558_site144,2,2,1.9337375047174832
P00558_site146,2,2,1.8672134799603053
P00558_site147,1,1,0.6127174001796358
P00558_site152,2,2,1.2672015913637225
P00558_site153,2,2,0.7996685454843638
P00558_site155,2,2,1.243143241687949
P00558_site156,2,2,0.7369920586058959
P00558_site157,2,2,1.0897601413331524
P00558_site158,2,2,0.6016911451317357
P00558_site159,2,2,0.6840633316793722
P00558_site160,2,2,0.951185364242388
P00558_site161,2,2,0.4958805878364095
P00558_site165,2,2,0.7076368634950992
P00558_site181,3,2,1.1501258317764504
P00558_site20,7,2,0.7222036326176128
P00558_site22,7,3,2.468327537366712
P00558_site25,12,4,0.8544041352221445
P00558_site28,12,4,1.1657436927325215
P00558_site30,12,4,2.7631339220937905
P00558_site34,6,3,0.6219719284657882
P00558_site37,4,2,1.0553439205791653
P00558_site47,6,3,0.8513784307723702
P00558_site48,6,3,1.6597083073904266
P00558_site51,5,2,0.9325987144168962
P00558_site57,5,2,0.6292187075844683
P00558_site61,6,3,1.809487737903608
P00558_site64,7,4,1.9238798391191856
P00558_site66,5,3,1.1660197955976954
P00558_site67,3,3,1.085715781757252
P00558_site68,5,4,0.5728370061237034
P00558_site73,7,3,0.6687282204546886
P00558_site78,5,4,2.047600606081143
P00558_site79,4,3,0.8209158378525063
P00558_site80,7,4,1.8510675824980365
P00558_site81,6,4,0.8617799887593733
P00558_site82,4,3,1.2331024906505794
P00558_site83,4,3,1.8423125393824824
P00558_site84,7,2,1.89499231333311
P00558_site85,5,2,0.9607660675961271
P00558_site97,3,3,1.235558870006012
P00720_site330,4,3,0.632635185392597
P00720_site331,3,2,0.2000835185003789
P00720_site337,4,2,4.030026336420781
P00720_site347,5,3,1.5799564738440044
P00720_site358,3,3,1.7158614843754243
P00720_site359,1,1,0.8531225824067472
P00734_site1,7,6,1.5011327073739609
P00734_site10,19,15,2.233649244241793
P00734_site106,30,28,2.948058198346739
P00734_site11,53,42,3.91450494756177
P00734_site115,2,2,1.3153000161733788
P00734_site116,5,5,2.3425609147420485
P00734_site118,3,3,2.70902602311501
P00734_site12,191,116,5.880513236763237
P00734_site13,132,95,5.099158559407992
P00734_site133,7,5,2.251709986320109
P00734_site14,174,109,5.593346948082204
P00734_site15,207,133,4.500234089703174
P00734_site16,238,145,4.969323224455671
P00734_site17,105,74,4.931123616067343
P00734_site174,2,2,0.4026608454157649
P00734_site18,145,82,3.658601600509253
P00734_site189,2,2,0.7777094052902849
P00734_site19,118,74,3.5588970979919865
P00734_site2,200,133,10.109900484677496
P00734_site20,117,83,3.175232629802883
P00734_site207,2,2,0.5290436550754334
P00734_site21,62,48,2.33380204272073
P00734_site216,12,12,2.899482808982972
P00734_site22,72,55,7.6950955131052865
P00734_site229,2,2,0.8751587359085571
P00734_site23,116,84,4.758197405964544
P00734_site232,3,3,1.9505435002404077
P00734_site233,4,3,1.5813569841892068
P00734_site235,13,12,1.7648463492649566
P00734_site236,6,6,1.9851410174115385
P00734_site237,7,4,1.7291304887124783
P00734_site24,172,115,3.5835375776945555
P00734_site244,46,38,5.320677892016192
P00734_site25,35,25,3.1060950163943737
P00734_site27,169,101,2.752853141121721
P00734_site28,23,18,1.5586471859764277
P00734_site29,126,86,2.744604264476687
P00734_site3,132,89,3.176912641081918
P00734_site30,12,11,2.816597204340044
P00734_site31,7,6,1.8702944613641197
P00734_site32,10,10,5.615773567360223
P00734_site33,62,39,3.4177945468142887
P00734_site34,2,2,2.60840131708276
P00734_site343,3,3,2.537970037249517
P00734_site344,4,4,0.6384308013683534
P00734_site345,2,2,0.7343812242730049
P00734_site346,6,6,3.817327959502245
P00734_site347,20,18,2.214925774675092
P00734_site35,47,37,14.355236405308494
P00734_site351,1,1,0.5099447566616967
P00734_site353,17,14,2.42228792635718
P00734_site36,2,2,1.3339460804427536
P00734_site361,6,6,1.8861172572521376
P00734_site37,18,16,1.6309956622144552
P00734_site376,66,39,6.844156272250204
P00734_site38,32,28,2.76468674004723
P00734_site39,28,23,2.34701356991209
P00734_site399,14,10,1.8060608897180817
P00734_site4,243,148,4.842118949054524
P00734_site40,7,7,1.230539067483982
P00734_site400,4,4,0.7372728238920182
P00734_site401,1,1,1.188073273797934
P00734_site41,27,24,1.634484944180047
P00734_site42,25,21,3.035247374193418
P00734_site43,48,37,2.766948499837404
P00734_site431,6,6,2.259074202451179
P00734_site44,3,3,0.8372028109308526
P00734_site449,1,1,0.7606717610652571
P00734_site45,22,17,3.181366768993068
P00734_site451,10,9,1.7556071760066398
P00734_site458,2,2,1.814945754516407
P00734_site459,2,2,0.6461395148600101
P00734_site46,16,16,4.6938346176679095
P00734_site468,2,2,0.951342981699339
P00734_site469,1,1,1.510550413695696
P00734_site47,28,21,4.264809556447665
P00734_site478,3,3,0.9334700655571117
P00734_site480,5,4,2.254475008578291
P00734_site49,1,1,0.5895175373459177
P00734_site5,236,144,3.761638876019163
P00734_site51,23,17,2.5971340220842616
P00734_site52,10,8,3.106097493279197
P00734_site525,1,1,2.1153332959094224
P00734_site56,5,5,1.9992324871456024
P00734_site560,3,3,1.0765266346802844
P00734_site58,10,9,1.7689941807294185
P00734_site6,59,46,3.159150537386941
P00734_site61,2,2,1.5656085533634572
P00734_site62,19,18,5.151170276080698
P00734_site64,12,11,5.352391356056135
P00734_site649,2,2,1.3086089225843205
P00734_site65,5,4,1.2119171954376156
P00734_site650,4,4,3.7968968698307672
P00734_site67,39,28,2.1169262964375477
P00734_site68,5,4,1.1093495344817668
P00734_site69,6,6,1.763190808081332
P00734_site7,59,44,3.669431544249594
P00734_site70,11,11,2.496886395791404
P00734_site724,2,2,1.2181767109501618
P00734_site8,208,134,3.2585435544548087
P00734_site821,29,22,2.675198630635376
P00734_site9,46,35,2.14416103115044
P00734_site93,10,9,1.348452442159383
P00734_site953,3,3,2.5633689002462328
P00734_site97,5,5,8.061480081827693
P00740_site126,3,2,1.8450935346242203
P00740_site127,3,2,1.214358901591712
P00740_site128,2,1,0.6820157342985204
P00740_site129,3,2,1.4768026247110582
P00740_site130,3,2,0.9437675041291792
P00740_site131,3,2,1.5470883267597089
P00740_site132,3,2,0.9801443992433276
P00740_site133,3,2,0.8418660062074802
P00740_site134,3,2,0.8262757716515857
P00740_site135,3,2,1.0565031413332828
P00740_site136,3,2,1.0494837274768725
P00740_site137,2,2,1.1137019972998008
P00740_site138,3,2,1.256040760979182
P00740_site139,3,2,0.9659089849468652
P00740_site141,3,2,1.0538541529776766
P00740_site142,1,1,0.9021750071297958
P00740_site143,3,2,1.4670734354648642
P00740_site144,3,2,1.410641234166297
P00740_site145,3,2,1.3170577657267684
P00740_site146,1,1,1.0134898573162794
P00740_site147,3,2,0.9985973372152972
P00740_site148,3,2,1.2018447966304793
P00740_site149,3,2,1.7250479228656443
P00740_site188,2,2,0.9521533279714904
P00740_site189,2,2,1.1681246510143848
P00740_site190,2,2,1.557792736304157
P00740_site191,2,2,0.6431732197752713
P00740_site192,2,2,0.9962463894673204
P00740_site193,2,2,1.0228555436354307
P00740_site195,2,2,1.0956802328774646
P00740_site196,2,2,0.7284512340262876
P00740_site199,2,2,0.935600473458982
P00740_site200,2,2,1.565118894070179
P00740_site201,2,2,1.3753086556454917
P00740_site202,2,2,1.7729131446880448
P00740_site204,2,2,1.4990564221066822
P00740_site205,2,2,1.0907511606512483
P00740_site206,2,2,1.022726156231066
P00740_site208,2,2,2.142965233012786
P00740_site210,2,2,1.2678897642601463
P00740_site211,2,2,1.0454970178255003
P00740_site212,2,2,1.1024580829846802
P00740_site28,16,12,1.6453832009635208
P00740_site29,7,5,3.821401715624057
P00740_site30,14,11,1.158985260770975
P00740_site31,4,3,1.7026220145379023
P00740_site32,4,3,1.4656202858162808
P00740_site33,8,7,0.7473083780712412
P00740_site34,12,9,3.2583949065492024
P00740_site36,8,6,1.4251724898168665
P00740_site37,13,10,1.56310976701488
P00740_site38,12,9,2.043610638854378
P00740_site39,9,7,4.234191523868057
P00740_site41,1,1,1.9694071803305064
P00740_site42,1,1,2.1902514118527594
P00740_site43,1,1,1.342875389291831
P00740_site44,3,2,2.7294449267950385
P00740_site45,6,5,0.8149012264580707
P00740_site46,12,9,1.322492592141915
P00740_site47,1,1,1.5608869501999274
P00740_site49,4,4,2.515817665395669
P00740_site50,8,8,0.8670964738971334
P00740_site51,7,7,1.640482111456976
P00740_site52,6,6,2.1357307936507937
P00740_site53,2,2,1.1743725358671575
P00740_site54,2,2,0.979184191157142
P00742_site1,46,41,2.9005671113661355
P00742_site10,29,27,5.668261366634422
P00742_site109,4,4,1.06884765625
P00742_site11,14,14,3.6168802295969926
P00742_site12,44,39,6.879738976752618
P00742_site128,7,5,1.536437303410891
P00742_site129,2,2,0.930015330314806
P00742_site13,16,16,1.7867757822034378
P00742_site130,9,9,1.856960349472752
P00742_site131,8,7,0.839316884722929
P00742_site132,4,4,1.1226465947566722
P00742_site133,2,2,0.9708957415565346
P00742_site14,2,2,1.0648172082350742
P00742_site15,12,12,3.324686466372657
P00742_site16,46,43,1.8444156002543708
P00742_site17,32,31,3.1266978986877074
P00742_site18,1,1,1.0812739219894247
P00742_site19,2,2,1.81227503461006
P00742_site2,54,47,1.8679864793951493
P00742_site20,19,18,3.005944695625197
P00742_site21,17,17,2.5955073024470448
P00742_site218,7,7,1.0275063513777605
P00742_site22,22,21,7.69316285491326
P00742_site23,37,35,4.664149689377925
P00742_site279,5,5,7.599141716874431
P00742_site285,3,3,0.6850364590183098
P00742_site30,2,2,1.2830703173488804
P00742_site31,41,36,4.352867868724411
P00742_site32,27,24,3.146706900160469
P00742_site33,37,32,3.3529230821812464
P00742_site360,12,2,1.804346077268065
P00742_site361,13,2,1.3693007558619332
P00742_site362,13,2,1.8163211211421373
P00742_site363,13,2,1.1344218992157886
P00742_site364,12,2,1.491792531564057
P00742_site366,13,2,1.8160887052940535
P00742_site368,12,2,2.183947850886128
P00742_site369,11,2,2.0533192923336143
P00742_site370,3,2,1.2898275531163357
P00742_site371,12,2,1.690452941659145
P00742_site373,10,2,1.0860453062593372
P00742_site374,13,2,1.7454875717971363
P00742_site376,12,2,1.7840395501623518
P00742_site377,8,2,1.44454653313466
P00742_site378,10,2,1.563705688037208
P00742_site379,12,2,2.587346458139024
P00742_site38,20,18,3.238660086204568
P00742_site384,13,2,0.7951015209777363
P00742_site386,11,2,0.8250732510288066
P00742_site387,9,2,0.8616855697588954
P00742_site39,34,32,2.818752017062596
P00742_site399,4,1,0.9814483827899564
P00742_site4,19,18,1.340472343497542
P00742_site40,21,17,2.6333918362382054
P00742_site400,9,2,1.2951664373334897
P00742_site402,5,2,0.8446112369623157
P00742_site403,1,1,0.4900589493397461
P00742_site404,9,2,1.8129279990726384
P00742_site405,3,1,1.6103760931380442
P00742_site406,1,1,0.6703063611382373
P00742_site41,23,21,3.666741129889538
P00742_site43,35,33,2.643338150064482
P00742_site44,22,21,2.848274646932856
P00742_site45,19,16,3.208000130118679
P00742_site47,7,7,1.71063822095288
P00742_site48,17,16,2.1587360896759
P00742_site49,33,29,2.236593688578292
P00742_site5,26,22,1.6777711625893053
P00742_site51,18,15,2.8000196714861807
P00742_site52,28,24,2.2428703252948146
P00742_site53,31,25,2.978172575946997
P00742_site54,16,16,1.7023879676579416
P00742_site6,30,30,1.2030562767483493
P00742_site7,58,52,7.04567165655414
P00742_site8,48,42,3.764244836390136
P00742_site81,18,18,1.6559754298274667
P00742_site85,13,13,1.327387967837406
P00742_site87,27,26,3.284333927256728
P00742_site88,15,14,1.5157463456410456
P00742_site9,2,2,1.5787000616588354
P00742_site93,23,19,5.73272466679457
P00746_site1,19,15,2.864792369218085
P00746_site102,1,1,0.5475976887888429
P00746_site104,2,1,0.7970501783804402
P00746_site106,1,1,1.2991318217903989
P00746_site11,17,14,1.9275776665946376
P00746_site12,5,4,3.245011315251859
P00746_site121,2,1,1.611415242087732
P00746_site15,18,14,2.9255202356954566
P00746_site16,3,3,0.7891052791569562
P00746_site17,1,1,0.8690564263064242
P00746_site19,1,1,0.7709141599148276
P00746_site2,25,20,2.0503018668447264
P00746_site20,2,2,1.169327186168342
P00746_site22,1,1,0.4126192173990551
P00746_site23,15,13,3.52995615213701
P00746_site24,12,9,7.464312812097471
P00746_site25,9,8,2.3161885292793998
P00746_site28,18,14,2.225879463718633
P00746_site3,18,14,4.044935728342336
P00746_site30,1,1,0.3998801308765604
P00746_site32,5,5,1.2173865934700954
P00746_site33,2,2,0.5374804318289225
P00746_site34,2,2,2.337506416342253
P00746_site4,21,17,1.663475862390019
P00746_site5,24,19,1.8220193550489303
P00746_site6,8,7,5.189034969755459
P00746_site7,8,8,1.0050771681043893
P00746_site70,3,3,1.250653994605812
P00746_site72,1,1,1.7550830769527055
P00746_site79,1,1,2.0276123729992035
P00746_site8,11,10,1.8690626811502888
P00746_site81,1,1,1.849595281623266
P00746_site84,3,2,2.645914681659872
P00746_site87,2,2,0.681985426954113
P00746_site88,3,2,2.716216313563901
P00746_site89,2,2,1.4290410763807844
P00746_site9,18,17,2.176257936238957
P00746_site90,2,2,1.637310984284587
P00746_site91,1,1,1.9072412935028615
P00746_site92,1,1,1.8931144977308965
P00746_site96,1,1,1.2175427860108348
P00746_site98,3,2,1.8365109957720267
P00747_site101,2,2,3.5744815503708454
P00747_site102,3,2,2.0876967657704517
P00747_site104,8,5,5.261131202506625
P00747_site108,2,2,1.987056968154276
P00747_site111,2,2,1.583877167693181
P00747_site161,4,4,2.568173729040814
P00747_site162,5,3,2.272230509900307
P00747_site163,2,2,1.1877691203608776
P00747_site165,5,4,3.816542904960759
P00747_site19,4,4,2.128036044266345
P00747_site301,1,1,0.7320069190035983
P00747_site302,1,1,1.310345412451131
P00747_site303,2,2,1.0334156546506317
P00747_site305,1,1,0.8810324253450993
P00747_site306,1,1,0.6194273539457728
P00747_site307,1,1,0.947461562580328
P00747_site309,1,1,0.7703509958910213
P00747_site310,5,4,1.5691234072858449
P00747_site311,1,1,0.6938909975914553
P00747_site312,1,1,1.0917095794546774
P00747_site315,1,1,1.337623473483447
P00747_site316,1,1,1.792602075808148
P00747_site317,1,1,1.1575893505284185
P00747_site318,7,5,1.9146421307167865
P00747_site37,7,5,1.3888495270192638
P00747_site38,4,4,2.3736103105892696
P00747_site43,2,2,0.623704294338763
P00747_site45,9,6,1.5117675978849423
P00747_site54,1,1,2.607615870127244
P00747_site55,3,3,1.663786835982939
P00747_site57,1,1,0.9130339189702384
P00747_site62,4,3,2.674628342579318
P00747_site65,9,6,1.2967711513507747
P00747_site66,1,1,1.690510795444158
P00747_site78,9,6,2.086368415179227
P00747_site97,2,2,2.885156846815167
P00747_site99,4,4,2.3521553499239385
P00749_site1,66,36,5.600654336649529
P00749_site10,57,30,3.512074611494891
P00749_site11,18,12,1.7293829475758995
P00749_site13,61,36,4.837159061698416
P00749_site14,12,10,1.3997596283208062
P00749_site16,46,26,3.378556578854864
P00749_site17,12,9,2.2459236331560346
P00749_site176,19,14,1.2817769041769045
P00749_site177,3,3,1.311479553151696
P00749_site178,2,2,0.965533768394899
P00749_site179,21,13,1.7137953102066656
P00749_site18,32,17,2.875870886185052
P00749_site180,13,8,5.141126959650475
P00749_site19,15,9,2.723263191889513
P00749_site2,51,28,4.34823254829795
P00749_site20,20,12,2.348732763198857
P00749_site21,35,19,5.7692568471763765
P00749_site22,22,13,3.307408020567556
P00749_site24,18,9,3.073790243663764
P00749_site25,24,14,2.7622709017024656
P00749_site26,22,16,1.98924699933157
P00749_site32,1,1,1.7750569291703988
P00749_site335,3,3,2.4134949202359905
P00749_site337,7,5,2.8925546376660045
P00749_site338,1,1,1.5429895241458274
P00749_site350,2,1,1.3239711476705696
P00749_site391,1,1,2.9166381321291763
P00749_site395,18,11,4.929272087674199
P00749_site397,3,3,2.210089449630874
P00749_site398,2,1,1.8106370897945456
P00749_site399,2,2,1.5371665011809916
P00749_site418,1,1,1.0057033926366508
P00749_site42,11,8,2.070652796816475
P00749_site465,2,1,0.795210911776684
P00749_site5,52,28,1.921984441034752
P00749_site6,75,40,3.230511477430288
P00749_site7,63,35,8.309570571686397
P00749_site79,8,5,4.260262293048924
P00749_site8,16,11,1.410679353732461
P00749_site80,23,11,1.6912470500136154
P00749_site81,8,3,1.3006500045774971
P00749_site82,15,10,3.17022888752712
P00749_site93,2,1,0.948305828745286
P00749_site94,6,5,2.1863230977330512
P00749_site95,43,22,5.948978776928144
P00749_site97,9,8,1.2269904142962182
P00749_site98,3,3,5.200456877864062
P00915_site1,35,16,2.133937850567172
P00915_site10,26,15,2.6249108201466917
P00915_site13,17,11,1.1458579121897483
P00915_site14,19,12,4.182397164887173
P00915_site16,5,5,1.1905537350140396
P00915_site21,7,5,1.635708536164667
P00915_site22,13,9,1.1893821405822556
P00915_site23,19,8,1.9006644804295247
P00915_site24,23,11,2.0340284103156008
P00915_site26,13,6,0.9633754649103669
P00915_site27,24,10,1.1448059246067726
P00915_site3,35,16,1.5410620632080112
P00915_site30,14,9,1.3065519319439969
P00915_site32,7,5,0.927787201739424
P00915_site33,3,3,1.5207868574556629
P00915_site34,14,9,1.372083374493727
P00915_site36,11,9,1.2316655387517663
P00915_site37,7,6,1.930002738357952
P00915_site38,11,6,1.4225778943916036
P00915_site39,9,8,2.337604067306891
P00915_site4,34,17,3.6835281351728417
P00915_site40,9,8,0.9372954846834128
P00915_site41,3,2,0.8420191874718568
P00915_site43,4,3,1.5093604383547825
P00915_site44,2,2,1.068898118739311
P00915_site45,14,9,0.8315852127357148
P00915_site46,12,9,1.2017874977265404
P00915_site47,14,9,2.7814452879251776
P00915_site48,2,2,1.1287143626587306
P00915_site49,10,6,1.5909782313698018
P00915_site5,37,17,1.6718348227932318
P00915_site50,9,6,1.226879147668277
P00915_site7,28,16,2.764162534231367
P00915_site8,32,15,2.632187824841839
P00915_site9,6,3,1.30057545953726
P00918_site1,556,237,6.805600292625935
P00918_site10,424,193,7.603691786316235
P00918_site11,40,25,3.170465464282901
P00918_site12,17,10,1.6086186681980237
P00918_site13,659,277,5.642293377158759
P00918_site14,10,7,2.106326977557212
P00918_site15,225,119,1.790706106791596
P00918_site150,4,3,1.199982095575197
P00918_site152,68,27,4.214781350303345
P00918_site153,21,11,2.0997869548837995
P00918_site154,120,59,4.182181066325255
P00918_site155,145,61,2.326936308775128
P00918_site16,5,4,0.6762337945142878
P00918_site17,130,71,2.2782080237554494
P00918_site170,42,29,3.376076284193453
P00918_site171,8,6,1.091541635357977
P00918_site173,42,19,2.0987528380494984
P00918_site174,31,15,2.070357185495512
P00918_site175,16,9,5.870099062828887
P00918_site176,5,4,1.4685566681548567
P00918_site178,33,18,1.6820467355475204
P00918_site179,21,17,2.950473600516236
P00918_site18,538,243,4.957890704137555
P00918_site19,505,208,2.200313453765569
P00918_site2,449,207,8.2112041927194
P00918_site20,415,194,4.02000070177901
P00918_site200,17,7,2.8207470777675443
P00918_site203,51,32,3.822277131152871
P00918_site207,6,5,1.5677806208162104
P00918_site208,23,14,1.5322489668589057
P00918_site21,66,39,4.3890338705317
P00918_site213,62,37,2.692531579741994
P00918_site214,10,3,1.5315312129269132
P00918_site22,369,167,3.188946419667855
P00918_site23,125,71,2.816907958136304
P00918_site236,2,1,0.7158728672055912
P00918_site239,1,1,0.922514921925182
P00918_site24,2,1,1.0660578697208547
P00918_site241,2,2,1.434532886608266
P00918_site242,2,2,10.585186727270624
P00918_site243,1,1,1.1347600026777944
P00918_site245,2,2,1.7852763151772004
P00918_site247,1,1,0.8415387034923992
P00918_site248,2,2,2.0506193005064395
P00918_site249,1,1,0.5083923666148326
P00918_site25,75,46,2.380899110410282
P00918_site251,1,1,0.5982448558986803
P00918_site252,1,1,0.8120017429711716
P00918_site253,1,1,1.0016252748626606
P00918_site254,2,2,1.9522806515067437
P00918_site255,6,6,1.5394839030350729
P00918_site26,7,5,1.338272457099032
P00918_site27,53,29,3.557221885117748
P00918_site28,361,167,2.802531398252566
P00918_site29,67,33,5.437884359596275
P00918_site3,490,225,7.611453338251567
P00918_site30,67,30,2.069881061910358
P00918_site306,28,14,1.909428445871412
P00918_site307,6,4,2.1886421272469607
P00918_site31,206,97,2.84703002375981
P00918_site312,2,2,5.074901728501427
P00918_site32,165,93,2.8487152920323995
P00918_site33,54,35,4.844946238784655
P00918_site333,11,11,2.121891843602037
P00918_site338,1,1,1.3143596121353858
P00918_site34,156,93,2.8180288195766736
P00918_site343,6,5,0.5946021490919255
P00918_site35,77,43,2.220760424283096
P00918_site36,101,42,10.058734462965766
P00918_site362,1,1,0.3852095554299802
P00918_site37,47,19,1.3772237083396424
P00918_site38,50,25,5.382778295847888
P00918_site384,17,9,2.0028206421593358
P00918_site385,4,4,1.4350921561865349
P00918_site389,2,2,0.8951909602509065
P00918_site39,264,114,9.838738364169728
P00918_site392,1,1,3.17314832444783
P00918_site393,3,2,1.1493161802278398
P00918_site394,3,2,2.7071861285712475
P00918_site395,3,2,1.7276652182840273
P00918_site4,600,249,8.909276580629884
P00918_site40,114,45,4.366238186669326
P00918_site400,2,2,1.238748017247157
P00918_site404,2,2,0.290540997486941
P00918_site409,3,2,2.635024413841061
P00918_site41,148,78,4.8385811853645455
P00918_site411,3,2,2.292424956108423
P00918_site412,2,2,1.5108478042738287
P00918_site417,2,2,1.574609548019335
P00918_site419,2,2,1.5685657732841172
P00918_site422,2,2,0.8060548540485334
P00918_site43,2,2,1.4380827494107142
P00918_site434,3,2,1.1620303338930331
P00918_site439,1,1,2.852406126098111
P00918_site44,78,41,4.040859173126616
P00918_site447,3,2,0.8159696614879153
P00918_site45,9,5,1.7024958298907198
P00918_site46,7,5,1.6234407393091816
P00918_site5,545,238,4.605917282656924
P00918_site544,22,12,1.6440211183065476
P00918_site545,11,6,1.479286161806019
P00918_site556,1,1,0.8687619097573817
P00918_site557,1,1,0.9661462764122962
P00918_site56,2,1,2.994168844971706
P00918_site562,2,1,1.0485892477678262
P00918_site6,165,98,3.1882856929063155
P00918_site65,140,73,2.1210230855036616
P00918_site7,391,191,3.4680834453261364
P00918_site78,34,24,2.775663915393471
P00918_site8,645,270,9.569360209609904
P00918_site81,2,2,4.837842864937255
P00918_site82,25,20,3.518164552669063
P00918_site83,18,11,2.502443355496364
P00918_site84,12,10,1.135774738939133
P00918_site85,12,6,3.856995603179687
P00918_site86,38,22,1.9186627048224512
P00918_site88,267,118,3.361552569005317
P00918_site89,21,10,2.7618255607493567
P00918_site9,361,160,7.794838741360048
P00918_site90,10,6,1.403818289623001
P00918_site91,31,20,1.8457797500953308
P01009_site1,1,1,5.348369556962987
P01009_site102,1,1,1.818186178778223
P01009_site105,4,2,1.1987136119853712
P01009_site107,5,3,1.749562505327657
P01009_site108,5,3,1.8456932815460916
P01009_site109,3,1,1.836738180068748
P01009_site11,3,3,0.8506143021468624
P01009_site112,1,1,1.0069340965757363
P01009_site117,1,1,0.9061132337617228
P01009_site12,1,1,1.777806487175512
P01009_site128,2,1,3.358919913649715
P01009_site13,3,1,1.298877972210918
P01009_site140,2,1,1.7194196663008796
P01009_site15,2,1,3.721171243941842
P01009_site17,3,2,1.3718955138094804
P01009_site18,5,3,1.786314124977163
P01009_site2,5,3,4.400603063562899
P01009_site20,2,1,1.2942384066063923
P01009_site21,5,3,1.985276319832446
P01009_site22,2,2,1.3848091030424658
P01009_site23,1,1,2.3410823807032584
P01009_site24,3,3,2.017817525812766
P01009_site25,3,3,4.399690285978927
P01009_site27,5,3,6.319807473270382
P01009_site3,2,1,1.1288348322404982
P01009_site31,5,3,2.351376070044336
P01009_site32,2,1,4.018584464722902
P01009_site33,1,1,1.3152510802311068
P01009_site34,5,3,2.160983760938972
P01009_site35,2,2,0.8489328192038235
P01009_site37,1,1,0.9408048363255884
P01009_site39,1,1,0.9742817700577192
P01009_site4,5,3,6.801465614430666
P01009_site42,1,1,0.9825227165802848
P01009_site45,1,1,0.7265229191797347
P01009_site46,1,1,3.499348586652613
P01009_site47,1,1,1.118597851059386
P01009_site48,3,2,0.7799343019294526
P01009_site49,2,2,2.0953676407380626
P01009_site6,5,3,6.28032944699968
P01009_site7,2,2,2.7474386339381
P01009_site87,3,2,1.423529797018193
P01009_site89,1,1,1.9567424986534008
P01009_site9,5,3,3.683435098677831
P01009_site90,4,2,2.445110604434339
P01009_site91,2,1,1.8490585507387127
P01009_site93,1,1,1.2448317280305716
P01009_site94,5,3,1.2275563945636294
P01009_site95,4,2,2.3381417783045944
P01009_site99,1,1,0.6903528193252008
P01011_site1,8,4,2.217436488161568
P01011_site104,1,1,0.5955113270212661
P01011_site105,2,2,0.8731562762715794
P01011_site106,5,2,1.536574900544028
P01011_site109,4,2,2.245420151798585
P01011_site110,1,1,1.195125898116383
P01011_site111,4,1,3.2857911009544294
P01011_site115,6,2,2.1383454896826883
P01011_site116,2,1,2.4062042891285063
P01011_site117,1,1,2.8717539002743666
P01011_site118,1,1,0.7467483943441842
P01011_site119,5,2,2.062557853299291
P01011_site123,1,1,0.821859558058036
P01011_site124,2,1,0.6934212536133103
P01011_site125,1,1,1.0596464430080286
P01011_site15,5,1,2.035604419859017
P01011_site17,6,3,1.1717731140937948
P01011_site19,6,3,2.609854997370012
P01011_site28,7,4,1.8825645744667256
P01011_site3,5,2,2.2833562937972625
P01011_site34,7,3,1.4701541051648983
P01011_site36,1,1,1.0376998283741827
P01011_site38,3,2,1.4545338635258866
P01011_site39,1,1,0.9031033769222616
P01011_site4,6,4,1.6819284131141878
P01011_site40,3,2,5.784755489021956
P01011_site41,3,2,4.426633950907191
P01011_site43,4,3,2.9777051566000523
P01011_site44,1,1,3.3792018023139523
P01011_site47,1,1,1.6291169208993312
P01011_site49,3,3,4.5107094532996825
P01011_site50,8,4,1.4767750471701806
P01011_site51,8,4,2.140886086489888
P01011_site52,8,4,3.398617562830968
P01011_site53,7,3,1.651614818087067
P01011_site54,8,4,2.0858102428844703
P01011_site55,2,2,0.9993657903342484
P01011_site56,6,4,1.3710311117093774
P01011_site57,6,4,2.8970286063278623
P01011_site58,1,1,0.6458196402462744
P01011_site6,8,4,2.016759953825832
P01011_site61,3,1,1.097843289371606
P01011_site62,1,1,1.991332107432649
P01011_site63,1,1,1.9640646745341197
P01011_site64,1,1,0.8224439772954324
P01011_site65,2,2,2.168716106255427
P01011_site66,3,2,1.4779074021381244
P01011_site7,4,2,4.302897780355014
P01011_site8,7,4,1.4406273338312174
P01011_site85,4,2,0.7274642565201968
P01011_site9,1,1,0.19982522259769
P01024_site100,3,1,0.6940348125021064
P01024_site102,3,1,0.8036735454997515
P01024_site111,3,1,1.5854272149402986
P01024_site112,1,1,1.168796339541129
P01024_site115,3,1,1.376606381330104
P01024_site118,1,1,0.3621925128035219
P01024_site121,3,1,0.7713471169250565
P01024_site126,3,1,0.5576947748088793
P01024_site130,1,1,0.5821530319878575
P01024_site132,1,1,0.139394523574728
P01024_site134,1,1,0.8228884885004129
P01024_site137,1,1,0.9516868486539072
P01024_site144,1,1,0.5164072524953717
P01024_site147,3,1,1.5708441334420211
P01024_site153,3,1,1.2378293333534558
P01024_site159,3,1,1.4160484114977308
P01024_site165,1,1,1.497126827960316
P01024_site169,1,1,0.980965902788562
P01024_site171,3,1,1.1035588415340818
P01024_site174,3,1,1.7339283013159883
P01024_site186,3,1,1.5616099879381429
P01024_site194,1,1,1.947766732179118
P01024_site207,1,1,0.6887731501310627
P01024_site214,1,1,0.9510323395106748
P01024_site273,2,1,0.4648705935571424
P01024_site309,2,1,0.6455027703700207
P01024_site328,2,1,1.9795237242614143
P01024_site362,2,1,0.5311757854024834
P01024_site381,2,1,0.3423511836773953
P01024_site48,3,1,0.8878440287627567
P01024_site52,3,1,0.8873916061571008
P01024_site54,3,1,2.949409937888199
P01024_site58,1,1,0.6813565233151586
P01024_site71,3,1,1.3971821259411052
P01024_site74,3,1,6.761637811497168
P01024_site76,3,1,1.090730806009822
P01024_site77,1,1,0.7249739095098683
P01024_site79,1,1,0.8062700616467033
P01024_site80,3,1,0.7700258068356227
P01024_site82,3,1,0.5931626718648659
P01024_site85,1,1,0.6329811729193907
P01024_site93,1,1,0.83368673026395
P01024_site96,1,1,0.3652958479254578
P01024_site99,3,1,0.8033537488714518
P01112_site100,7,7,1.1246213589445426
P01112_site101,13,12,4.023534771806681
P01112_site102,19,17,1.7799015555105373
P01112_site104,36,26,0.8976330838572983
P01112_site105,18,15,1.71537023140976
P01112_site106,37,27,1.5433565603338844
P01112_site107,26,22,2.054510112393544
P01112_site108,10,10,1.3409325346128005
P01112_site109,37,27,2.8672027147884087
P01112_site110,32,24,1.456426344083493
P01112_site113,23,17,2.056872375556319
P01112_site114,19,16,1.5484911841693692
P01112_site116,29,21,2.759752089838144
P01112_site118,1,1,1.1224867556009448
P01112_site120,13,10,1.0240509934027104
P01112_site121,36,25,0.9919508274533424
P01112_site124,22,17,1.6176779405588362
P01112_site128,13,11,0.9790856188808922
P01112_site133,3,3,0.8483552196762857
P01112_site134,6,5,1.2077235486261473
P01112_site135,1,1,0.847106183489928
P01112_site136,1,1,1.025250829592036
P01112_site137,25,17,1.3330322248309998
P01112_site167,8,6,1.2070205813110324
P01112_site178,12,9,3.725066955179937
P01112_site186,8,8,0.7283679924213485
P01112_site187,15,13,1.641187183576016
P01112_site188,24,19,2.106450397599602
P01112_site194,18,15,1.607170967729047
P01112_site196,14,12,1.1052281754612412
P01112_site200,8,6,6.455854321288072
P01112_site232,5,3,1.3260465850855838
P01112_site4,32,20,1.871165380090108
P01112_site43,18,11,4.38935227811344
P01112_site45,26,22,1.9736851558415125
P01112_site5,56,35,1.554231297948888
P01112_site67,40,30,2.255135045121787
P01112_site75,28,21,0.7513237255729007
P01112_site76,8,8,1.2690574989012124
P01112_site77,37,26,4.203500654819375
P01112_site78,21,18,1.2218329116782578
P01112_site79,37,27,1.830884971705704
P01112_site8,38,25,3.4128179227109383
P01112_site80,27,22,2.053624807092508
P01112_site81,37,27,1.8892794560140744
P01112_site82,4,4,1.5840769368509011
P01112_site83,37,27,0.9362469785297882
P01112_site84,37,27,1.0511985946332671
P01112_site87,13,11,0.9530451150646668
P01112_site88,37,27,1.6367750168686006
P01112_site89,7,7,3.376725070150245
P01112_site90,28,21,1.5816625756525324
P01112_site91,22,17,1.9326289942166648
P01112_site92,23,17,1.1529422654214274
P01112_site94,10,10,0.9053468404539352
P01112_site95,37,27,1.894391859165003
P01112_site96,35,25,1.9374206773020943
P01112_site97,28,22,2.987623596259676
P01112_site98,9,8,3.371684812741042
P01112_site99,4,4,2.0864042185954297
P01116_site493,6,3,0.8891710948289989
P01116_site756,3,2,0.777091363887301
P01116_site765,3,2,1.6898497804099015
P01308_site1,3,1,2.993486166236508
P01308_site10,12,4,1.0749482213168855
P01308_site11,6,2,4.790874893352981
P01308_site12,11,3,2.2266463388142177
P01308_site14,9,4,1.8181909710763449
P01308_site15,8,3,1.8520282522554796
P01308_site2,4,4,0.9719532955608692
P01308_site219,5,2,1.94281859383386
P01308_site22,1,1,1.4090057759557832
P01308_site227,4,2,4.2201371046336495
P01308_site228,4,2,1.094162672027215
P01308_site236,4,3,1.7211726186406555
P01308_site237,3,2,1.5278339782024395
P01308_site244,4,2,0.9561278447643856
P01308_site247,7,2,2.0198727892577595
P01308_site270,4,3,3.4451359071972005
P01308_site274,1,1,2.125320896117356
P01308_site275,4,3,1.3474603935855949
P01308_site276,1,1,2.186186392224128
P01308_site277,2,2,1.0888417631884464
P01308_site278,1,1,2.3277622162871423
P01308_site283,6,3,3.264258440514469
P01308_site284,1,1,1.3369823520187216
P01308_site3,2,2,10.22986208275035
P01308_site319,2,2,4.335215022582112
P01308_site329,2,2,1.461588975128371
P01308_site38,5,3,2.041191193663653
P01308_site4,3,2,2.9574318732635807
P01308_site40,7,3,2.166595787004328
P01308_site401,2,2,1.5401647598364534
P01308_site406,1,1,1.969308771336826
P01308_site44,6,3,9.22406407487401
P01308_site45,3,2,2.9148140911832416
P01308_site48,1,1,1.631061547591056
P01308_site481,2,2,0.6846626656379293
P01308_site50,2,2,0.853730362465266
P01308_site509,2,2,1.3933607445655638
P01308_site51,5,4,1.8326940167219836
P01308_site54,7,2,1.2037051600364
P01308_site699,2,2,0.5937295952892572
P01308_site7,6,3,3.709290772235766
P01308_site8,5,2,3.1537097930432614
P01308_site830,2,2,1.099328254280331
P01375_site1,2,2,0.6064521382717389
P01375_site11,1,1,3.1932760019280275
P01375_site14,3,3,3.3458542462646657
P01375_site15,6,6,1.5022552143148225
P01375_site17,1,1,0.5026379616432876
P01375_site18,1,1,2.3972351084533066
P01375_site19,5,5,2.270448685482757
P01375_site2,2,2,2.130302480704512
P01375_site20,1,1,0.9050694324650682
P01375_site22,4,3,3.85889159914273
P01375_site25,5,5,8.63887292538274
P01375_site253,3,2,1.9567559599022828
P01375_site254,6,5,0.8834789083645562
P01375_site259,2,2,1.0995767419125488
P01375_site291,6,6,3.277102326083885
P01375_site30,2,2,0.8981899401411597
P01375_site34,2,2,1.923391012624702
P01375_site35,6,6,1.2013477959843064
P01375_site39,7,6,0.8965336034867122
P01375_site44,1,1,0.9623072807742814
P01375_site46,4,3,2.1283286615276804
P01375_site47,2,2,1.7836443273733966
P01375_site5,2,2,2.0329948492619234
P01375_site58,1,1,1.2891175634596022
P01375_site59,1,1,1.0969515023969771
P01375_site64,4,4,1.3130360153181435
P01375_site65,6,5,3.4856202598213626
P01375_site66,5,4,1.2537454655287723
P01375_site67,1,1,0.8067475665034759
P01375_site68,1,1,3.196699232379623
P01375_site70,5,5,1.0043514374620337
P01375_site8,2,2,1.620237887765772
P01375_site84,3,3,1.5443677666562403
P01375_site85,3,3,2.1125680996153164
P01584_site1,23,20,4.99233676116239
P01584_site10,19,17,3.0159752013805865
P01584_site11,1,1,1.4728280275771146
P01584_site12,7,7,1.424721429250042
P01584_site13,7,7,4.037275609458012
P01584_site15,6,6,1.4676692540416498
P01584_site16,1,1,0.499526746525439
P01584_site2,24,21,3.423711139265179
P01584_site20,1,1,0.7469108297039475
P01584_site21,1,1,0.5539453503170857
P01584_site212,2,2,1.06423730992871
P01584_site252,4,3,1.1866421956585331
P01584_site3,23,20,4.801723376829763
P01584_site30,1,1,0.4081573910592145
P01584_site38,1,1,1.1603533693543473
P01584_site4,25,22,2.787431729308729
P01584_site43,1,1,0.8821871951760221
P01584_site46,4,4,2.491737238135486
P01584_site47,7,5,2.123571392196946
P01584_site48,2,2,1.3120271700147026
P01584_site5,4,4,2.5699979287489643
P01584_site7,9,9,4.258067413711797
P01584_site9,25,22,2.2316376472995785
P01730_site1,2,2,2.3883709222072818
P01730_site10,2,2,0.8807787106987556
P01730_site100,2,2,0.8664231783765313
P01730_site117,2,2,0.2667212026279975
P01730_site3,2,2,0.8562932508983634
P01730_site9,2,2,2.228200285595836
P01834_site1,1,1,3.6829587490462345
P01834_site10,1,1,0.4929869050556242
P01834_site11,1,1,0.4588712791815902
P01834_site110,1,1,0.3727451551156862
P01834_site111,1,1,2.630410182351166
P01834_site114,1,1,0.8256337657903206
P01834_site116,1,1,1.3250803139599194
P01834_site12,1,1,0.4653793394534135
P01834_site137,2,2,1.3200963673664463
P01834_site140,1,1,1.7280230434568007
P01834_site142,1,1,1.2532890503578606
P01834_site145,1,1,1.3012335895495806
P01834_site147,1,1,1.2344762986711526
P01834_site151,1,1,3.7791787505756713
P01834_site152,2,1,0.6970556503446207
P01834_site160,1,1,0.8645899016915154
P01834_site161,1,1,0.5313077883076699
P01834_site162,1,1,1.9237734809433704
P01834_site166,1,1,0.4653162954464532
P01834_site168,1,1,0.5322608801704574
P01834_site169,1,1,0.5512217112006741
P01834_site172,1,1,1.6366141331594362
P01834_site174,1,1,2.7895738231485434
P01834_site176,1,1,0.25795933771813
P01834_site177,1,1,1.2792758331287504
P01834_site179,1,1,1.2278581714550418
P01834_site180,1,1,2.1813274190374377
P01834_site181,1,1,2.920264148601688
P01834_site188,1,1,0.3279978634538295
P01834_site189,1,1,1.493903017972194
P01834_site198,1,1,0.8360767896267215
P01834_site2,1,1,1.073846335186531
P01834_site20,1,1,0.4425335435847292
P01834_site202,1,1,0.8036352291140386
P01834_site21,2,2,0.6618927876985393
P01834_site215,1,1,1.948709694726112
P01834_site219,1,1,1.7307987287830926
P01834_site222,1,1,1.7685579849631707
P01834_site232,1,1,1.1729961585159532
P01834_site261,1,1,2.464162539649044
P01834_site4,1,1,1.0151502118532372
P01834_site5,1,1,0.6441491819347707
P01834_site57,1,1,1.0912431306704664
P01834_site58,2,2,1.371567099659512
P01834_site6,1,1,2.0109182073066605
P01834_site7,1,1,0.8442584092917017
P01834_site8,1,1,1.016970540881598
P01848_site113,2,2,1.5194382269036648
P01848_site115,2,2,0.5053190537542052
P01848_site12,2,2,0.9718576961577288
P01848_site15,2,2,2.054522056195038
P01848_site16,2,2,1.1132447870710074
P01848_site17,2,2,1.8522191752109132
P01848_site18,2,2,1.6868571833495305
P01848_site22,2,2,0.8650482494915762
P01848_site27,2,2,1.335424955274893
P01848_site278,1,1,0.8395540924195196
P01848_site28,2,2,1.2826114261106725
P01848_site30,2,2,1.03711989039571
P01848_site302,1,1,0.9261025182564784
P01848_site314,1,1,0.3336288917270208
P01848_site32,2,2,0.9612997747094028
P01848_site350,2,2,1.457501748173239
P01848_site430,1,1,0.3187916218813801
P01848_site5,2,2,1.632748412595072
P01848_site6,2,2,1.376927153076642
P01848_site72,1,1,3.874230321978001
P01848_site81,1,1,2.059310937436065
P01848_site86,1,1,0.7958956656318672
P01848_site97,2,2,1.810625958883093
P01848_site98,2,2,0.7767224113916688
P01848_site99,2,2,0.9099147445735976
P01857_site100,1,1,0.8173690219577587
P01857_site103,1,1,0.4813266063663773
P01857_site104,1,1,1.7310152482963543
P01857_site105,1,1,1.075133565246953
P01857_site106,1,1,1.1079429433872925
P01857_site107,1,1,1.233525575679714
P01857_site108,1,1,1.4240388357469125
P01857_site109,1,1,1.1396091410192166
P01857_site1155,1,1,0.9500333245137804
P01857_site131,2,2,2.213167961052509
P01857_site133,2,2,1.0118791322557117
P01857_site134,5,5,1.3410531942345263
P01857_site135,3,3,1.886147905829356
P01857_site136,2,2,1.081872515021023
P01857_site143,3,3,1.2810963631631676
P01857_site145,4,4,2.060792505560942
P01857_site147,1,1,0.6649946048137546
P01857_site148,4,4,1.6641671652938506
P01857_site1483,2,2,0.3073532013852026
P01857_site152,1,1,2.4681713099016496
P01857_site154,1,1,0.699917715430543
P01857_site1546,2,2,0.8054306303177634
P01857_site156,2,2,1.3280219511797944
P01857_site1581,1,1,1.0204196286531166
P01857_site159,3,3,2.099285433591839
P01857_site1591,1,1,1.510439007599227
P01857_site1641,1,1,1.1286308252006698
P01857_site1642,1,1,1.4032392515176166
P01857_site1643,1,1,0.8995558495939715
P01857_site1644,1,1,1.350482560189023
P01857_site1645,1,1,0.584438083491664
P01857_site1647,1,1,1.3354358297755815
P01857_site1648,1,1,3.641418016481956
P01857_site1649,1,1,1.0120756309547034
P01857_site1651,1,1,0.773054508842464
P01857_site166,2,2,0.9334669833267925
P01857_site169,3,3,1.4723484121982628
P01857_site172,4,4,2.739357200589549
P01857_site173,2,2,2.0666577226419887
P01857_site178,2,2,2.2453160217881294
P01857_site182,2,2,2.29254953736502
P01857_site205,1,1,0.3058154574093336
P01857_site24,3,3,4.2037224930225845
P01857_site25,2,2,1.390447398931617
P01857_site27,2,2,1.4723199743678743
P01857_site28,2,2,1.4907840176409963
P01857_site29,2,2,1.5889271936304687
P01857_site33,4,4,1.938507700577376
P01857_site34,2,2,1.7589114202213936
P01857_site37,2,2,1.5279119462423512
P01857_site40,2,2,1.1838718440044342
P01857_site42,4,4,2.842930134552616
P01857_site43,2,2,2.166475413319733
P01857_site44,2,2,2.551223606376435
P01857_site45,2,2,1.1672051307553362
P01857_site47,2,2,1.7354258504042808
P01857_site50,2,2,1.4497488578253723
P01857_site54,2,2,2.32655488017002
P01857_site554,1,1,1.0625406306598058
P01857_site555,1,1,0.6166184023716621
P01857_site556,1,1,0.9600600461358342
P01857_site557,1,1,0.34304116332002
P01857_site558,1,1,2.179767798605523
P01857_site559,1,1,1.3283494821249582
P01857_site56,2,2,0.7359032436716731
P01857_site561,1,1,2.1070845903171564
P01857_site562,1,1,1.3835296517619418
P01857_site575,1,1,2.595951073338856
P01857_site58,2,2,1.2117684250458387
P01857_site59,2,2,0.4427311709304914
P01857_site60,2,2,1.735598905463854
P01857_site63,1,1,1.31621973501384
P01857_site64,1,1,0.7349323322025539
P01857_site66,1,1,2.162322970335773
P01857_site67,1,1,0.5223422575845368
P01857_site69,2,2,1.1360682484924751
P01857_site71,2,2,0.8732792752842798
P01857_site73,2,2,1.1460747611331508
P01857_site80,2,2,0.9470728481237772
P01857_site82,2,2,1.493601107694565
P01857_site83,1,1,2.6358448668551
P01857_site84,1,1,1.550259913680044
P01857_site85,1,1,0.7325065336836257
P01857_site86,1,1,1.9047985160584084
P01857_site87,1,1,1.1419469417241934
P01857_site88,1,1,2.226187067262862
P01857_site89,1,1,1.0828014527324694
P01857_site90,1,1,2.702055550649121
P01857_site93,1,1,0.5156552091037669
P01857_site94,1,1,0.9047989401598988
P01857_site95,1,1,1.0544734080904117
P01857_site99,1,1,0.665264390311093
P01903_site105,1,1,0.8544737724440128
P01903_site107,1,1,0.996088216015055
P01903_site108,1,1,1.3528336082829802
P01903_site109,3,3,4.445671223273747
P01903_site113,2,1,1.0783782027679714
P01903_site117,3,1,3.3634527806136334
P01903_site120,3,2,1.105961657338217
P01903_site121,1,1,4.391726482530304
P01903_site191,1,1,2.2837554474534767
P01903_site193,2,1,3.55642417331813
P01903_site194,1,1,1.3707651360118769
P01903_site195,2,1,0.8528881254026197
P01903_site196,3,1,3.2324218235464577
P01903_site197,7,3,1.8303735456215555
P01903_site198,2,1,5.952965579827575
P01903_site199,1,1,3.311420840733061
P01903_site200,2,1,1.384368603863401
P01903_site201,5,1,1.5777196811202696
P01903_site202,2,2,1.7142286570144782
P01903_site204,2,1,1.1267438661758733
P01903_site205,4,3,1.7609187653488707
P01903_site206,1,1,3.2011318453715787
P01903_site207,1,1,1.489658329937261
P01903_site208,1,1,1.187050768084578
P01903_site209,2,2,1.0347289957596228
P01903_site210,2,1,1.4460645608361726
P01903_site211,2,1,2.262414008755472
P01903_site214,2,1,1.1468769693039738
P01903_site215,1,1,1.8890973936899864
P01903_site216,3,2,1.9536213052640772
P01903_site217,2,1,1.181500424846338
P01903_site218,1,1,1.2163561602111783
P01903_site220,1,1,1.499273970280807
P01903_site222,1,1,1.675537909227075
P01903_site224,2,1,1.9578161203251772
P01903_site225,5,3,1.9137574930833077
P01903_site226,2,1,0.9680433829541012
P01903_site227,1,1,1.1620444072056977
P01903_site228,2,1,1.1095258104175418
P01903_site229,2,1,3.678808746050826
P01903_site325,1,1,0.4152089601757256
P01903_site417,2,1,1.5505409283652838
P01903_site418,2,1,2.5487237024499705
P01903_site419,1,1,0.8213216133172572
P01903_site423,7,2,4.791962485576904
P01903_site424,5,3,1.3711984909604809
P01903_site425,1,1,1.8853509395066368
P01903_site426,2,1,1.7613884877722623
P01903_site431,1,1,0.6406464786664708
P01903_site462,4,3,1.9887410575222408
P01903_site463,1,1,1.278734122990526
P01903_site494,2,2,1.478750429766589
P01903_site497,1,1,0.5521140732534902
P01903_site499,7,3,7.97246571445583
P01903_site500,1,1,0.8899274579995077
P01903_site501,4,2,1.9987839481151195
P01903_site502,6,3,2.652003016250943
P01903_site503,4,3,3.789675658137636
P01903_site505,2,1,1.2073945917534916
P01903_site511,2,2,1.8117397787020324
P01903_site512,1,1,0.7640364027059968
P01903_site513,1,1,1.0462667129318777
P01903_site515,1,1,1.3094748347990262
P01903_site518,6,3,0.9924260265568804
P01903_site519,1,1,1.0861555940272667
P01903_site521,1,1,1.444683481113462
P01903_site522,1,1,0.9154995150339476
P01903_site530,1,1,1.0746259549829316
P01903_site532,2,1,0.9812568908489526
P01903_site684,4,1,1.7712724700602451
P01903_site685,1,1,1.6322547647248842
P01903_site686,2,1,0.6367012612549384
P01903_site687,7,3,6.2215175528605045
P01903_site688,4,2,2.407628753412193
P01903_site710,2,1,1.661585494590874
P01903_site715,2,1,1.8079561270717928
P01903_site73,4,1,3.2385310267461773
P01903_site739,2,1,1.935623376196271
P01903_site752,2,1,4.548497031827832
P01903_site753,3,2,1.1353730933204087
P01903_site754,6,2,1.0567282785780423
P01903_site761,1,1,0.8115792938852769
P01903_site763,2,2,1.5504445341498714
P01903_site765,2,1,0.7128340421845432
P01903_site770,1,1,0.7727934172928352
P01903_site771,3,2,0.9513884742943371
P01903_site772,1,1,0.6127172121593822
P01903_site773,1,1,0.8243880768543601
P01903_site781,1,1,0.67902705171488
P01903_site795,2,1,0.5984690050914113
P01903_site799,2,2,0.9008508129053998
P01903_site800,2,2,1.7551946386583224
P01903_site810,3,2,1.960760987584384
P01903_site811,1,1,1.810412404064472
P01903_site815,1,1,0.6844655834645887
P01903_site85,1,1,1.3918491520828942
P01903_site87,6,2,4.231552856905671
P01903_site885,4,2,1.4429954744267188
P01903_site89,7,2,5.454185710111573
P01903_site891,1,1,3.25997131776371
P01903_site91,6,3,1.867819486509243
P01903_site914,1,1,1.2605005330219807
P01903_site918,2,2,2.2051685097952007
P01903_site919,2,2,1.0295734423651282
P01903_site92,3,3,2.4607625147017163
P01903_site93,3,1,3.376937908692231
P01903_site94,5,2,3.9739864760552073
P01903_site96,2,1,1.5239782921696754
P01903_site99,4,2,2.643310491158166
P02649_site1,2,2,2.0047256059894742
P02649_site10,1,1,1.2304387207654968
P02649_site13,1,1,1.2221660568714294
P02649_site14,1,1,2.4032672585524213
P02649_site16,1,1,1.999092456680308
P02649_site2,2,2,1.6829054895098587
P02649_site21,2,2,1.4412383945214542
P02649_site24,1,1,1.0070935877883955
P02649_site4,1,1,2.1836166498783105
P02649_site5,2,2,2.014264452142302
P02649_site6,2,2,2.153008068358949
P02649_site7,2,2,4.429450247342028
P02649_site8,1,1,1.4771519210433557
P02649_site9,2,2,2.0734713785305723
P02689_site1,1,1,1.633707234399372
P02689_site2,2,1,2.654997336420017
P02689_site24,1,1,0.8890658499234303
P02689_site26,2,1,1.5807228943090912
P02689_site28,2,1,2.094333291388784
P02689_site30,1,1,0.5362792537105104
P02689_site50,2,1,1.4086034412593946
P02689_site52,2,1,0.9348500184765668
P02751_site25,1,1,1.1873661535095654
P02751_site3,1,1,1.1555014244533977
P02751_site4,1,1,3.543432640396033
P02751_site82,1,1,1.7700024128672565
P02766_site1,50,25,5.625539997020706
P02766_site10,149,61,5.01062157255423
P02766_site100,7,5,1.3748057227115131
P02766_site106,1,1,0.5947800678958178
P02766_site107,14,12,2.996762893404739
P02766_site109,7,7,2.5613495891935165
P02766_site11,179,73,4.423840302443635
P02766_site110,6,6,1.885145482388974
P02766_site12,204,78,2.110321653168316
P02766_site123,17,12,2.251110325244688
P02766_site124,15,12,1.6709223154553228
P02766_site125,21,14,3.4967749241737898
P02766_site13,180,68,5.605024123512384
P02766_site134,25,15,3.307143087698912
P02766_site137,42,26,2.777825367294402
P02766_site14,80,36,5.634716388179181
P02766_site140,12,7,1.6911452400039382
P02766_site142,12,11,2.8962472406181017
P02766_site143,6,4,2.8944596660511843
P02766_site145,1,1,2.097923169527325
P02766_site146,7,5,1.3329475732674738
P02766_site147,23,17,2.7634249024791173
P02766_site148,1,1,2.4736284244682443
P02766_site149,4,3,1.226612231371484
P02766_site15,8,8,1.5096741458508265
P02766_site150,8,8,4.180655299929119
P02766_site151,15,12,3.005858114140512
P02766_site155,4,4,2.0290043386361107
P02766_site156,5,4,4.567283474163146
P02766_site157,13,8,2.0721268361621576
P02766_site158,2,2,1.1851307514843483
P02766_site16,174,65,2.228511279793331
P02766_site161,2,2,1.28031252512545
P02766_site162,1,1,3.592162167499358
P02766_site164,12,10,2.116226664737136
P02766_site17,5,4,1.3550037176120693
P02766_site171,10,9,1.3274586912859287
P02766_site172,1,1,0.887332075649039
P02766_site173,1,1,1.4018459900008875
P02766_site175,2,2,3.8401877845019694
P02766_site178,2,2,6.129256855445371
P02766_site18,26,21,2.086245460266432
P02766_site182,1,1,2.674546361860841
P02766_site183,1,1,1.535508120649652
P02766_site184,2,2,1.007854594006995
P02766_site185,1,1,1.4200155480694483
P02766_site19,42,26,4.788190039032511
P02766_site2,76,35,3.0293084819016745
P02766_site20,189,72,2.069374888342045
P02766_site207,1,1,3.646527890713937
P02766_site21,42,27,5.338256343006101
P02766_site22,119,50,6.381515391281414
P02766_site228,1,1,0.2586985442842133
P02766_site229,10,7,2.140839024834953
P02766_site23,148,58,5.177761249535144
P02766_site230,7,6,1.9411481552389027
P02766_site233,1,1,0.4166281071859134
P02766_site235,100,51,4.319530980932403
P02766_site236,4,3,1.328597068501346
P02766_site238,15,12,2.195851524450663
P02766_site239,3,3,1.3450039290548463
P02766_site24,19,14,3.726467475608519
P02766_site242,5,5,1.4557061516617888
P02766_site243,27,17,2.7419281582708828
P02766_site25,51,30,5.157901244523291
P02766_site27,3,3,1.0530355237002962
P02766_site277,1,1,1.383047263805639
P02766_site28,33,17,2.094678430027746
P02766_site29,21,13,2.4251459343330835
P02766_site3,22,16,3.5375906636077343
P02766_site30,87,41,5.250312048025678
P02766_site303,1,1,1.898192635965482
P02766_site31,47,22,3.1563632097930565
P02766_site318,1,1,1.4393757763469788
P02766_site32,16,14,2.625299102508412
P02766_site322,1,1,1.5167550456680847
P02766_site33,4,3,1.543234624145786
P02766_site34,47,27,3.4191020269431136
P02766_site35,1,1,2.259349085002317
P02766_site36,2,2,1.110967813509728
P02766_site37,2,2,1.0818986976914813
P02766_site4,158,61,6.53922986757114
P02766_site41,1,1,1.542093305338858
P02766_site45,23,16,2.046578889378581
P02766_site46,1,1,1.3635545794091006
P02766_site48,2,2,2.9024701634689527
P02766_site5,132,52,3.602530875265557
P02766_site51,1,1,1.2046589741563265
P02766_site54,8,8,1.9643920520143403
P02766_site58,2,2,2.824779105523336
P02766_site6,176,69,1.3229205925840026
P02766_site60,10,7,3.789322845379024
P02766_site64,1,1,5.783341804061884
P02766_site67,4,3,1.3136235329074433
P02766_site7,216,83,3.666457231105291
P02766_site74,3,3,1.6531505720987698
P02766_site8,167,67,9.615774028900043
P02766_site82,12,9,2.3691574140401146
P02766_site83,12,11,1.1220592245187326
P02766_site84,7,6,1.8472217121451395
P02766_site85,10,8,2.16152244750181
P02766_site86,13,11,2.2223970317344817
P02766_site87,1,1,0.4803924699703696
P02766_site9,48,27,5.680333389459506
P02766_site93,14,11,2.121494429923507
P02768_site1,1,1,1.4587926872928432
P02768_site10,9,8,3.4734379235404056
P02768_site100,34,23,2.9988972624178363
P02768_site101,4,4,2.413351395501723
P02768_site102,18,12,2.9048574690499125
P02768_site103,6,6,1.964756941172036
P02768_site104,7,7,10.41600134370976
P02768_site105,1,1,1.2248950418222102
P02768_site106,1,1,1.8840444264392664
P02768_site108,37,23,2.4782173945514443
P02768_site11,4,3,1.5234712372425707
P02768_site112,5,5,1.4601418253525495
P02768_site1121,4,4,1.4203513891712811
P02768_site114,11,6,2.8740324555070784
P02768_site1174,2,2,2.4647999253378883
P02768_site12,4,3,0.846880687891216
P02768_site122,7,7,1.8875439567595729
P02768_site13,4,3,1.6184407377634868
P02768_site130,59,32,2.909086208590353
P02768_site132,12,8,2.1061677246909456
P02768_site134,25,15,2.077005526246189
P02768_site137,25,14,8.750073100540176
P02768_site139,11,8,2.4453854827394084
P02768_site14,18,13,5.10946433791786
P02768_site144,28,19,5.09233357055056
P02768_site15,2,1,2.94292417739628
P02768_site155,2,2,2.2376213344232143
P02768_site16,18,12,3.131701203122006
P02768_site160,14,9,3.0295279780751936
P02768_site162,12,7,2.7717376611121725
P02768_site164,39,25,7.160366981720885
P02768_site166,6,4,3.8922867436384783
P02768_site167,6,3,2.906717394987754
P02768_site17,20,15,7.780484599393056
P02768_site170,3,3,0.9912625119768416
P02768_site175,12,10,1.5659213909205103
P02768_site176,39,27,4.206855199292874
P02768_site177,9,6,5.548553066962493
P02768_site178,12,7,2.1538447779347845
P02768_site18,2,2,0.866916191156683
P02768_site180,21,11,4.655395400370705
P02768_site181,15,11,4.043311217653801
P02768_site182,7,6,5.8721645569620256
P02768_site183,13,9,1.9029510122543705
P02768_site184,44,28,5.310330435132431
P02768_site186,30,17,3.0429940429940427
P02768_site187,14,7,2.679327826782268
P02768_site188,45,28,2.352035380594326
P02768_site189,18,10,1.4485411267976205
P02768_site19,4,3,1.8185744614841808
P02768_site190,13,8,1.9085051219903555
P02768_site191,15,9,1.3802179576163478
P02768_site192,44,25,6.210063331301091
P02768_site193,15,10,2.832432432432433
P02768_site195,34,23,5.772321965466885
P02768_site197,50,31,2.5611108103718943
P02768_site199,40,24,31.44400838862385
P02768_site2,2,2,2.0430260777161893
P02768_site20,38,27,6.0197320974663935
P02768_site206,6,4,1.6323879794020446
P02768_site208,23,16,2.604879898138743
P02768_site209,5,3,1.4653196599443408
P02768_site21,10,4,3.4134354968221348
P02768_site210,20,13,7.266260647876495
P02768_site211,39,23,8.081760110544783
P02768_site217,26,19,6.202267815055772
P02768_site218,18,14,4.873945712564429
P02768_site22,45,28,3.213906762422683
P02768_site225,16,13,1.6465351784851174
P02768_site228,14,9,0.5120204351421667
P02768_site23,12,7,4.463294227342687
P02768_site230,17,12,19.190667317161168
P02768_site231,23,16,4.622852153718649
P02768_site234,42,26,4.139690808541645
P02768_site235,4,4,1.3086374864371957
P02768_site236,4,4,0.9889457815322494
P02768_site237,3,2,1.7194735317877663
P02768_site238,16,10,1.1032230282783313
P02768_site24,2,2,5.331795159493351
P02768_site243,3,3,2.228299034995931
P02768_site25,1,1,1.5404796525717832
P02768_site253,5,5,1.5748383257637413
P02768_site256,2,2,1.900233917188492
P02768_site268,19,14,2.339953345575984
P02768_site270,21,15,1.860509188535817
P02768_site273,20,13,2.2528792396324926
P02768_site275,14,7,4.140511654017482
P02768_site279,1,1,1.367954461058282
P02768_site28,35,21,4.228125450612834
P02768_site280,7,4,1.183723960984748
P02768_site29,48,29,3.029063482243844
P02768_site3,22,16,5.041937129311983
P02768_site30,45,27,7.269542149575795
P02768_site31,6,6,2.2240141040057413
P02768_site32,46,25,4.407626682713305
P02768_site327,15,9,1.8771956330899455
P02768_site34,15,9,3.372556524591957
P02768_site347,2,2,0.2634662416069277
P02768_site35,2,2,1.6509970422352869
P02768_site36,3,3,0.8123418553688824
P02768_site37,16,11,2.1869558660213606
P02768_site38,1,1,1.9662334337165777
P02768_site380,3,3,1.8272748384629045
P02768_site39,3,3,3.7212748344370863
P02768_site391,5,2,0.9512121647545798
P02768_site4,2,2,0.9914183921619648
P02768_site40,2,2,1.353161069575747
P02768_site41,4,3,0.9177501464161824
P02768_site417,12,7,4.605913819365737
P02768_site42,1,1,1.324933531082132
P02768_site427,8,5,1.8944362757459483
P02768_site43,4,3,1.105324984642576
P02768_site433,1,1,0.634403253547621
P02768_site435,4,3,1.3632184685504978
P02768_site436,9,4,1.9652919576519845
P02768_site437,11,6,1.7273400206884113
P02768_site44,33,22,4.559309315366926
P02768_site442,6,4,1.6779577930831635
P02768_site45,6,6,2.981333535844472
P02768_site46,38,25,5.437869466765525
P02768_site467,3,3,1.1053450960041515
P02768_site47,3,3,3.1065375942498763
P02768_site48,1,1,1.5050933367519008
P02768_site483,4,4,4.18100124233387
P02768_site49,55,32,6.450298348002413
P02768_site491,1,1,0.914727793340031
P02768_site492,7,7,5.50003042472922
P02768_site493,4,3,1.8587441729594905
P02768_site494,5,4,1.6742126806448918
P02768_site498,1,1,1.626710844119651
P02768_site499,2,2,1.0740783791702229
P02768_site5,29,16,7.557103707626743
P02768_site50,19,12,2.806372448210148
P02768_site502,5,2,3.775461807289066
P02768_site503,1,1,0.2845348021572392
P02768_site504,3,3,2.44716990111072
P02768_site506,2,2,0.7214754139551245
P02768_site507,2,2,1.3115793234237485
P02768_site509,2,2,0.8007882081102327
P02768_site51,4,3,1.5409300109706152
P02768_site513,2,2,2.6145832717818416
P02768_site514,2,2,0.4214377435706944
P02768_site515,2,2,2.70996114723052
P02768_site516,3,3,0.8717189477634495
P02768_site517,2,2,0.9009892969925346
P02768_site52,3,2,1.3894172205244375
P02768_site520,1,1,0.6195911108508949
P02768_site53,1,1,1.606714515062801
P02768_site538,1,1,1.0115602540213713
P02768_site54,2,2,1.2394392559556464
P02768_site56,10,9,2.893308024866968
P02768_site57,8,8,2.4161809992517123
P02768_site589,3,2,1.90254158597087
P02768_site59,34,22,10.214729334654828
P02768_site6,1,1,0.6496299862837999
P02768_site60,15,11,2.238662690978177
P02768_site61,1,1,4.305952562787755
P02768_site610,5,2,2.9549582069743665
P02768_site618,5,2,0.952239118494084
P02768_site62,15,13,1.4826144213663563
P02768_site623,9,5,2.1709557851195957
P02768_site625,6,3,0.9073778589963158
P02768_site63,3,2,5.093306756795794
P02768_site634,9,4,0.9470233496972263
P02768_site637,5,2,0.3648036422338439
P02768_site64,6,6,1.658219645890615
P02768_site65,11,6,1.2426691519641886
P02768_site66,19,13,7.687759363060636
P02768_site68,11,8,2.129568135523674
P02768_site685,5,2,0.3976440302023836
P02768_site69,1,1,2.243094888109947
P02768_site7,34,22,2.934925876290084
P02768_site70,24,17,2.836408057111708
P02768_site71,3,3,2.316750251086376
P02768_site72,1,1,1.0847982930401607
P02768_site73,1,1,1.4320980073302785
P02768_site730,6,3,0.9561706374711082
P02768_site74,31,19,3.4748472597951308
P02768_site744,5,3,0.7007557297493944
P02768_site75,51,32,5.151974596018825
P02768_site753,1,1,0.6296230887977943
P02768_site757,18,10,0.8431653610459913
P02768_site76,10,8,2.525868463583264
P02768_site77,2,2,6.112847967877583
P02768_site779,1,1,0.7937745468167424
P02768_site78,6,3,2.307572340152175
P02768_site79,2,2,2.2831703742853025
P02768_site8,22,16,2.0680727140354467
P02768_site80,52,30,6.889424094854965
P02768_site81,4,3,1.3630752874620995
P02768_site812,1,1,1.0334610584571708
P02768_site83,2,2,4.113942523757773
P02768_site87,11,6,2.9715655603917304
P02768_site89,8,4,2.410953956872324
P02768_site9,1,1,1.0151490681223554
P02768_site90,9,6,2.209813003286376
P02768_site91,2,2,1.3006548266867717
P02768_site92,5,3,2.08369211860967
P02768_site94,2,2,1.2992310328681556
P02768_site947,7,3,4.7467249042853945
P02768_site95,13,10,1.989485895892334
P02768_site959,9,5,1.3813968988447276
P02768_site96,14,10,2.373686167510696
P02768_site97,2,2,1.420938774701992
P02768_site99,3,3,0.8722670344438205
P02787_site117,2,1,1.4141041924877342
P02787_site120,5,2,0.9476680908477626
P02787_site128,9,3,4.9357213332524905
P02787_site131,6,2,1.3308938014364535
P02787_site165,4,2,0.953006062734324
P02787_site166,2,1,1.3503908951814048
P02787_site171,2,1,0.826949752535677
P02794_site1,12,3,1.7127956773394897
P02794_site10,16,8,3.1015274425575297
P02794_site100,1,1,3.4953223612562927
P02794_site101,2,2,1.4647834108421194
P02794_site1017,1,1,0.7364522814527912
P02794_site103,2,2,1.2156171808855318
P02794_site104,1,1,0.9933046919999788
P02794_site105,2,2,2.2485994130873888
P02794_site106,1,1,1.6574785629002495
P02794_site107,1,1,0.9110056755370074
P02794_site108,1,1,1.1187586021338467
P02794_site109,1,1,1.1121778011572854
P02794_site11,5,5,1.2139069296311744
P02794_site110,1,1,2.861831113950174
P02794_site111,1,1,1.317903465696172
P02794_site112,1,1,1.213396763369154
P02794_site113,2,1,2.115313607105434
P02794_site114,1,1,1.811547354804356
P02794_site115,1,1,3.3004302644490853
P02794_site119,2,2,2.619111452927562
P02794_site1199,1,1,0.9495651471716398
P02794_site12,21,9,2.9588937398774733
P02794_site1208,1,1,0.8047215074415466
P02794_site121,2,2,2.660998334279072
P02794_site1215,1,1,3.0588378101860685
P02794_site122,2,2,0.8118766174342097
P02794_site1226,1,1,7.793025340375018
P02794_site124,1,1,1.187322165885801
P02794_site125,1,1,1.844509846146484
P02794_site126,1,1,1.7184932302424587
P02794_site127,1,1,2.1615661158273163
P02794_site13,5,3,1.4001376824199534
P02794_site131,1,1,0.8064798997365188
P02794_site132,1,1,0.9927094253311732
P02794_site137,1,1,1.0348198086022269
P02794_site138,1,1,3.327024993195318
P02794_site14,4,3,1.816438098816457
P02794_site140,1,1,3.0299721352384137
P02794_site146,1,1,0.6969661791838841
P02794_site149,1,1,1.5757944484406827
P02794_site15,19,9,1.9556440597547124
P02794_site168,1,1,2.3500132705521533
P02794_site17,1,1,3.689728475533292
P02794_site170,1,1,1.6272896373087018
P02794_site171,1,1,1.6184360762856531
P02794_site179,1,1,1.665610609987717
P02794_site18,2,2,3.3633741649952755
P02794_site181,1,1,0.8865598949189132
P02794_site19,11,5,5.087226111240973
P02794_site190,1,1,1.070823082870598
P02794_site195,1,1,1.9560478437534143
P02794_site199,1,1,1.1246192207167962
P02794_site2,19,8,2.094983490351701
P02794_site20,2,2,1.3134928025969188
P02794_site203,1,1,1.945718844345932
P02794_site21,2,2,0.9243187944074108
P02794_site22,2,2,1.9470367745626245
P02794_site223,1,1,5.480004809730845
P02794_site225,1,1,1.4537743470065525
P02794_site227,1,1,1.6478398464454826
P02794_site229,1,1,1.3157927697124965
P02794_site23,3,3,3.083531249331365
P02794_site230,1,1,0.6675017638435312
P02794_site234,1,1,1.4215940344922715
P02794_site241,1,1,0.7529732077807916
P02794_site242,1,1,1.2907664128717138
P02794_site247,1,1,1.3357999735792006
P02794_site248,4,1,1.5342380843636838
P02794_site25,2,2,1.4958362278196584
P02794_site253,1,1,3.174399074245718
P02794_site26,1,1,0.9772949761021396
P02794_site268,1,1,0.9541655361611048
P02794_site27,1,1,1.4128543443189676
P02794_site28,2,2,4.693066871109484
P02794_site280,2,2,0.8630615230222314
P02794_site281,2,2,0.8915278584802118
P02794_site282,2,2,0.7301917330169718
P02794_site283,3,2,1.7274854549526286
P02794_site284,2,2,5.04036278906622
P02794_site287,2,2,2.259666765158079
P02794_site288,2,2,1.3065696948454513
P02794_site289,2,2,1.299941527935533
P02794_site29,2,2,3.236613809286781
P02794_site290,2,2,1.1541925730004912
P02794_site291,2,2,1.1656006290524257
P02794_site292,2,2,1.0819826834433788
P02794_site293,2,2,3.512121479747856
P02794_site294,2,2,0.8021199915200339
P02794_site296,2,2,0.6401018951552482
P02794_site297,2,2,1.4474040588383237
P02794_site299,2,2,1.287970322306618
P02794_site3,8,3,1.5714979604581658
P02794_site30,2,2,1.5733274441331144
P02794_site302,2,2,0.9487691001697792
P02794_site304,2,2,1.2427721915204586
P02794_site305,2,2,1.769365091416069
P02794_site308,2,2,1.011045500430154
P02794_site309,2,2,1.0608390264731
P02794_site31,2,2,1.779452288633648
P02794_site311,2,2,1.6009895144469624
P02794_site312,3,2,1.455071348628987
P02794_site317,1,1,0.8155608331366533
P02794_site318,1,1,1.548044797490795
P02794_site32,2,2,2.1085542252058964
P02794_site320,2,2,1.0141333718363894
P02794_site322,2,2,1.3365071670936917
P02794_site327,2,2,1.312803981450062
P02794_site328,2,2,0.4069784520243502
P02794_site339,1,1,0.9870100833948176
P02794_site34,13,4,2.8314974448405645
P02794_site345,1,1,2.2717951910663143
P02794_site35,1,1,1.345624215130126
P02794_site350,3,3,1.3643035373550565
P02794_site352,1,1,2.0182426269382794
P02794_site37,4,2,1.0477246312643549
P02794_site38,4,3,1.253692926979891
P02794_site39,11,5,2.3825496565910904
P02794_site392,1,1,1.1088033536585369
P02794_site4,21,9,2.8887559339322846
P02794_site41,3,2,1.430166044666099
P02794_site410,1,1,1.613136366355587
P02794_site43,2,2,1.0569229013338832
P02794_site44,1,1,2.3154550015529067
P02794_site447,1,1,2.099464422341239
P02794_site448,1,1,1.9141190387827052
P02794_site449,1,1,0.8827897930089404
P02794_site45,12,4,2.673693472863832
P02794_site450,1,1,1.6434545969767147
P02794_site451,1,1,1.6882423279404213
P02794_site452,1,1,0.9190733929616318
P02794_site454,1,1,0.6605579361704448
P02794_site462,1,1,0.7379223318820355
P02794_site466,1,1,1.7998692310037705
P02794_site467,1,1,1.5547097175358224
P02794_site469,1,1,0.7818691745269855
P02794_site470,1,1,0.9435495041840832
P02794_site471,1,1,0.9886973721390224
P02794_site475,1,1,1.4710845245494095
P02794_site478,1,1,2.0437899095272023
P02794_site479,1,1,1.021557528782561
P02794_site48,2,2,1.7287962373945418
P02794_site480,1,1,0.7833717045301318
P02794_site484,1,1,0.8765260279324153
P02794_site489,1,1,1.744156551862832
P02794_site49,15,6,2.1759164476414443
P02794_site492,1,1,0.9266244129838218
P02794_site494,1,1,0.5304097117577768
P02794_site496,6,1,2.691498192805251
P02794_site498,1,1,0.7651529894314542
P02794_site499,1,1,0.5359754017609019
P02794_site5,12,8,3.0965814452639084
P02794_site50,2,2,3.070962856344927
P02794_site51,1,1,0.971224859152874
P02794_site52,1,1,1.5418889926137014
P02794_site520,1,1,0.4285207009614363
P02794_site523,1,1,0.7875476823576033
P02794_site524,1,1,0.6099773957012452
P02794_site525,1,1,0.7715129807600503
P02794_site526,1,1,0.8542967502105538
P02794_site527,1,1,0.5865631778427907
P02794_site529,1,1,0.6179969027217639
P02794_site532,1,1,3.2545882146075567
P02794_site534,1,1,0.9938453528695346
P02794_site536,1,1,0.8416137494790007
P02794_site538,1,1,0.73966916040502
P02794_site539,1,1,1.1683047852268371
P02794_site54,2,2,2.072987525952433
P02794_site540,1,1,0.6392341507114732
P02794_site542,1,1,0.586621767069129
P02794_site544,1,1,2.2478421449161425
P02794_site545,1,1,1.0874100933246151
P02794_site548,1,1,0.5951502050676528
P02794_site549,1,1,0.99410797417366
P02794_site55,1,1,1.0536390925643424
P02794_site553,1,1,0.8261136886127233
P02794_site557,1,1,2.494871500625693
P02794_site558,1,1,0.304760710303103
P02794_site559,1,1,0.5721974831762715
P02794_site56,1,1,0.9769895692485996
P02794_site560,1,1,1.5001105699476276
P02794_site562,1,1,1.051000165969857
P02794_site565,1,1,1.3956573458390662
P02794_site569,1,1,2.0871290642923763
P02794_site57,1,1,0.98311752894003
P02794_site570,1,1,0.9931581385827112
P02794_site572,1,1,0.5733248154457694
P02794_site573,1,1,1.4425332833906763
P02794_site574,1,1,1.6943332079618278
P02794_site575,1,1,2.265763629065985
P02794_site577,1,1,5.2379378034920965
P02794_site578,1,1,0.858729238815464
P02794_site58,2,2,2.001560518058616
P02794_site581,1,1,0.8314946535950771
P02794_site582,1,1,1.0154895902554653
P02794_site583,1,1,0.6649315628192033
P02794_site586,1,1,1.2699848763098196
P02794_site587,1,1,1.0551641055094063
P02794_site588,1,1,0.9941277486664668
P02794_site59,1,1,0.998585798227268
P02794_site591,1,1,0.5179586913172989
P02794_site594,1,1,0.8063710649029608
P02794_site595,1,1,0.6972586495051976
P02794_site596,1,1,0.7525749889399718
P02794_site597,1,1,0.9051097470040887
P02794_site598,1,1,1.0486710068004643
P02794_site599,1,1,0.5173521230927537
P02794_site6,23,9,2.7667387613665437
P02794_site60,2,2,2.5248126979222985
P02794_site600,1,1,1.6568949747824495
P02794_site601,1,1,2.10417148193005
P02794_site602,1,1,0.8041094961459346
P02794_site603,1,1,0.7685738090264521
P02794_site605,1,1,0.838453235027064
P02794_site606,1,1,0.5278320662887342
P02794_site607,1,1,0.7234224318821691
P02794_site608,1,1,0.4928301498142177
P02794_site609,1,1,0.9269503921984312
P02794_site61,1,1,1.3678689317871524
P02794_site610,1,1,0.930114736437671
P02794_site611,1,1,0.6174583046042131
P02794_site612,1,1,0.6887035926830338
P02794_site613,1,1,0.8351889331861885
P02794_site614,1,1,0.308763679569758
P02794_site615,1,1,2.2638945189989546
P02794_site62,1,1,1.897606269064743
P02794_site625,1,1,1.284026059091854
P02794_site627,1,1,0.8271336850604809
P02794_site63,1,1,1.7696260629610858
P02794_site64,1,1,1.9251616847388917
P02794_site648,1,1,1.2607437921122404
P02794_site661,1,1,0.7648881239242684
P02794_site67,1,1,3.649862853696249
P02794_site7,4,4,6.659598977644984
P02794_site70,2,2,1.0662247722766849
P02794_site71,1,1,1.678970570594586
P02794_site72,3,2,1.6259715380405035
P02794_site727,1,1,0.9939880545405874
P02794_site73,1,1,2.1127413515687854
P02794_site738,1,1,2.329160440980495
P02794_site74,1,1,1.333735075698519
P02794_site76,2,2,0.8842016398626672
P02794_site77,1,1,2.545542934925592
P02794_site78,2,1,1.79958382664227
P02794_site79,1,1,3.047177556501648
P02794_site8,17,9,4.194346816976127
P02794_site80,1,1,1.4998740395515808
P02794_site82,1,1,1.5478954156407552
P02794_site83,1,1,0.8847006274834343
P02794_site84,1,1,0.7021428444618034
P02794_site85,1,1,1.7844579726590355
P02794_site86,3,2,3.2533690451111976
P02794_site87,1,1,1.1246618949830864
P02794_site88,1,1,2.0580625899569096
P02794_site89,1,1,1.8205049059498088
P02794_site9,5,5,1.0558245607156629
P02794_site90,1,1,1.4968798690256808
P02794_site91,2,2,1.3327484818299955
P02794_site92,1,1,1.0264042271315963
P02794_site93,1,1,1.575869637829842
P02794_site94,1,1,1.4042662183284516
P02794_site95,1,1,1.5916504485377472
P02794_site977,1,1,0.8739551817855494
P02794_site982,1,1,1.3364374099499958
P02794_site983,1,1,0.5026244408799864
P02794_site99,1,1,4.271749915435787
P03372_site1,193,103,2.212570390462627
P03372_site10,185,101,3.3694694064449666
P03372_site123,88,48,1.8439192970157603
P03372_site125,77,52,3.05926560464162
P03372_site126,146,83,2.6758924559750703
P03372_site128,91,52,3.73913361512699
P03372_site129,43,31,2.836814248812298
P03372_site135,10,9,1.3304644294237744
P03372_site136,45,28,2.6662116960842583
P03372_site137,129,64,4.136489578114342
P03372_site142,27,18,2.4176527062578703
P03372_site143,86,50,3.660927647251156
P03372_site144,83,57,3.93057487210613
P03372_site15,82,57,3.213887067791256
P03372_site19,198,103,4.449819016300362
P03372_site2,286,143,2.471743969100848
P03372_site20,53,41,9.277974967308053
P03372_site21,29,26,3.2093277437469334
P03372_site22,44,29,3.2501987173205285
P03372_site227,38,28,4.200642603470201
P03372_site24,73,50,1.9990656119300407
P03372_site26,106,60,3.869302459175262
P03372_site269,22,19,3.2988257180310367
P03372_site27,284,143,1.7944398930122925
P03372_site273,46,30,4.6360618349202944
P03372_site29,102,66,3.801463190337663
P03372_site290,29,24,1.2568744011153443
P03372_site296,3,3,0.922445617776853
P03372_site3,105,67,1.8150283924228825
P03372_site4,251,126,6.784820868404733
P03372_site403,9,8,1.0234116070798955
P03372_site405,12,10,1.3776532429464723
P03372_site5,171,93,4.632343035557211
P03372_site54,39,29,2.2376774650604543
P03372_site56,13,13,3.5373476228900067
P03372_site57,68,47,2.6855417263403
P03372_site58,67,46,1.863449442002029
P03372_site6,28,24,1.3377380607267548
P03372_site62,160,91,2.8378510845094995
P03372_site63,23,21,1.33053308508137
P03372_site65,96,65,1.7695409278600922
P03372_site66,64,38,3.0450246348759458
P03372_site67,143,71,2.753551394207685
P03372_site71,65,50,3.474831272580867
P03372_site76,28,24,2.2731611106250185
P03372_site8,197,100,5.585731902500459
P03372_site9,113,68,1.900045059363091
P03950_site106,1,1,1.8827279879367995
P03950_site119,1,1,0.8272351020677374
P03950_site22,1,1,5.836154911787475
P03950_site26,2,1,1.8466310306601268
P03950_site50,1,1,1.260926014072273
P03950_site58,4,1,1.7035260903615042
P03950_site59,1,1,1.175588541745315
P03950_site60,5,1,2.536956859460592
P03950_site61,3,1,1.9572988852742657
P03950_site62,1,1,1.8742423615802075
P03950_site63,2,1,2.51921006988015
P03950_site64,2,1,1.396723961085382
P03950_site65,2,1,2.710605965247541
P03950_site66,1,1,1.7416886953817443
P03950_site8,1,1,2.049845657097157
P03951_site100,2,2,1.1771469206992935
P03951_site101,2,2,0.7349586639076582
P03951_site102,2,2,0.9861745825016762
P03951_site108,2,2,0.3848415678382516
P03951_site111,2,2,0.4807771851529334
P03951_site114,2,2,0.3489358863166322
P03952_site329,3,3,1.223461142453157
P03952_site62,4,4,0.9926245196943316
P03952_site64,7,7,3.0080936105572964
P03952_site65,5,5,0.7248500194605622
P03952_site66,7,7,1.050720353195373
P03952_site67,4,4,1.973831883095741
P03952_site69,4,4,0.8841255476708126
P03952_site72,7,7,3.051615449435206
P03952_site73,6,6,1.9246043509231443
P03952_site74,4,4,2.8541785557870707
P03952_site75,1,1,0.6114581944025215
P03952_site76,5,5,1.3559973862259556
P04049_site18,1,1,1.4024375263905415
P04049_site20,1,1,3.25180698245295
P04150_site100,1,1,0.3989481399565368
P04150_site104,1,1,1.3380559008701929
P04150_site111,1,1,1.0685801359619949
P04150_site114,1,1,1.0211852778162869
P04150_site117,1,1,4.032698124245404
P04150_site123,1,1,1.4531536972894352
P04150_site124,1,1,0.6910296434731839
P04150_site128,1,1,1.438454391478882
P04150_site220,1,1,0.8887888104884877
P04150_site222,1,1,0.8035454037614054
P04150_site272,1,1,1.0082285860497844
P04150_site275,1,1,0.895778742048279
P04150_site87,1,1,0.870142131681141
P04150_site88,1,1,1.0065469434084644
P04150_site96,1,1,0.8235894603164287
P04179_site1,1,1,1.657758490815625
P04179_site11,1,1,1.3380178206016466
P04179_site112,1,1,0.8844510084460239
P04179_site113,1,1,2.234060224245678
P04179_site115,1,1,0.9186240200498188
P04179_site117,1,1,1.5778092392847574
P04179_site118,1,1,0.8268566543174694
P04179_site13,3,1,2.1626618792366523
P04179_site14,1,1,2.637670780297305
P04179_site155,1,1,0.9192665558144354
P04179_site17,1,1,3.0874176743213577
P04179_site18,2,1,1.9786179818056808
P04179_site19,2,1,2.629556505845432
P04179_site2,1,1,2.8593599960093283
P04179_site20,3,1,1.6064093071375685
P04179_site21,2,1,4.810343097913322
P04179_site22,1,1,0.9631055261830944
P04179_site24,1,1,0.8501597186803748
P04179_site25,1,1,1.0896464481800754
P04179_site27,1,1,2.338284986695833
P04179_site29,2,1,1.5174417735335604
P04179_site3,3,1,3.039275603054711
P04179_site30,2,1,2.2094083444159223
P04179_site31,1,1,1.4152975224534663
P04179_site32,2,1,1.8791983089329052
P04179_site33,2,1,1.2854324895760738
P04179_site34,2,1,2.972201389654792
P04179_site35,1,1,1.601904477945698
P04179_site36,2,1,1.6030578211272737
P04179_site38,2,1,1.5164599126279683
P04179_site4,1,1,1.1801687159665113
P04179_site40,2,1,1.4269917139903203
P04179_site41,2,1,1.5415656605518036
P04179_site43,3,1,4.6489547306836325
P04179_site45,1,1,1.3778318199058477
P04179_site46,2,1,1.3255654884304855
P04179_site48,2,1,1.938049640119748
P04179_site5,3,1,1.8485575078646517
P04179_site50,2,1,1.8411730425964417
P04179_site57,2,1,1.1233787979209544
P04179_site60,1,1,1.0787341253142566
P04179_site61,1,1,2.322676076608583
P04179_site63,2,1,1.2550026157467955
P04179_site68,1,1,1.1074755782038543
P04179_site75,1,1,1.1020800313320402
P04179_site85,1,1,1.8036593998241088
P04179_site87,1,1,2.4998193782037506
P04179_site88,1,1,1.1685566095410889
P04275_site367,1,1,1.1681491681863858
P04275_site371,1,1,0.9532829461810788
P04275_site385,1,1,2.432685961590479
P04275_site386,1,1,2.034056157909369
P04275_site389,1,1,2.5337194188241163
P04275_site390,1,1,0.1793575874023641
P04275_site399,1,1,1.3290228505592627
P04275_site400,1,1,1.4535048422162198
P04629_site27,1,1,0.7451011307485669
P04629_site32,2,2,1.870233831893828
P04629_site40,2,2,1.0801463215769236
P04629_site624,1,1,0.8613373502575803
P04637_site1007,1,1,0.8570375829034634
P04637_site1160,14,9,0.9863063118149716
P04637_site1161,18,13,1.2059955721323574
P04637_site1162,29,19,1.251758901376841
P04637_site1163,3,3,1.2823344263156855
P04637_site1228,2,2,1.569800864725348
P04637_site1238,1,1,2.915765097254784
P04637_site1239,1,1,0.9882417146259178
P04637_site1240,1,1,0.9857591092048132
P04637_site1241,1,1,1.004946525355773
P04637_site1242,1,1,0.7781559267386144
P04637_site1243,1,1,0.838847423083931
P04637_site1244,1,1,1.0894724793789183
P04637_site1246,1,1,4.386057755128708
P04637_site1247,1,1,1.046469857126716
P04637_site1248,1,1,1.3361422268266288
P04637_site1249,1,1,0.9645942596968474
P04637_site125,21,14,2.509632399782932
P04637_site1250,1,1,0.7249013119098661
P04637_site1256,1,1,1.4241631898500169
P04637_site1257,1,1,0.6508139096152218
P04637_site1258,1,1,1.5946192497194982
P04637_site126,47,28,1.0824467807439735
P04637_site1264,1,1,0.2988802979472929
P04637_site1265,1,1,0.3449531016437742
P04637_site1267,1,1,0.6257777027706827
P04637_site1268,1,1,1.4128543528437
P04637_site127,47,28,1.113670336384764
P04637_site1270,1,1,0.943193646956113
P04637_site1271,1,1,0.6406167886486279
P04637_site1273,1,1,1.0102093504913914
P04637_site1274,1,1,1.429123890979895
P04637_site1277,1,1,1.1737257717157217
P04637_site1279,1,1,1.1532391942708733
P04637_site128,46,27,1.091200020238562
P04637_site1281,1,1,1.2077589959373185
P04637_site1282,1,1,0.659651322063754
P04637_site1283,2,2,0.7691846462320154
P04637_site1284,1,1,0.9149782809786814
P04637_site1285,2,2,0.8884494658371148
P04637_site1286,1,1,1.409386297493838
P04637_site1287,1,1,1.5608368492018616
P04637_site129,47,28,3.2946639909437065
P04637_site1290,1,1,1.0375237024402797
P04637_site130,47,28,1.8442847981624844
P04637_site1302,1,1,1.5258854647793585
P04637_site131,16,12,7.902454664221591
P04637_site132,47,28,2.1161693920193554
P04637_site133,22,17,4.114297042550507
P04637_site134,13,10,1.6184143451236417
P04637_site135,23,15,2.5739899734591565
P04637_site136,44,27,2.939798036284642
P04637_site137,28,19,1.8902575685944916
P04637_site138,47,28,2.051749677308731
P04637_site139,35,22,1.9996272607903764
P04637_site140,7,4,3.240011356184322
P04637_site1407,1,1,0.2502796126823662
P04637_site141,4,4,1.4373267610157303
P04637_site142,20,16,2.1698232661483
P04637_site1422,2,1,1.0289143141400323
P04637_site143,20,16,2.445465696035172
P04637_site144,4,4,2.224269005847953
P04637_site1540,1,1,0.9955696270922704
P04637_site1592,1,1,1.5219015249277523
P04637_site1611,1,1,0.8280370277000102
P04637_site1689,13,9,2.183164960336294
P04637_site1691,2,2,1.104579938435221
P04637_site1692,4,4,1.773544660676008
P04637_site1709,1,1,1.9681411392810613
P04637_site1711,1,1,1.034847242070371
P04637_site1712,1,1,1.3655417532069516
P04637_site1713,1,1,0.9346308815348046
P04637_site1714,1,1,1.8654215532836036
P04637_site1717,1,1,1.3358533396433758
P04637_site1718,1,1,0.9591833752265156
P04637_site1719,1,1,0.8415056324858631
P04637_site1720,1,1,0.4468486093850615
P04637_site1721,1,1,1.1927881202292876
P04637_site1722,1,1,1.0424141465914916
P04637_site1723,1,1,0.9168018850620124
P04637_site1724,1,1,0.9441859290019108
P04637_site1727,1,1,0.856104355662031
P04637_site1728,1,1,1.4251953600302845
P04637_site1733,1,1,1.295640828760667
P04637_site1735,1,1,0.9341571554666652
P04637_site1739,1,1,0.7084036870167364
P04637_site1741,1,1,1.1616760631673022
P04637_site1742,1,1,1.7417903211143546
P04637_site1812,1,1,1.1252986848556694
P04637_site2043,2,1,0.3199552576984483
P04637_site2087,1,1,0.6335372275783846
P04637_site2146,1,1,0.4994763453003699
P04637_site2148,1,1,0.9951167115876156
P04637_site2149,1,1,1.238193767752369
P04637_site2150,1,1,0.6420006693106812
P04637_site2153,1,1,1.122254899776456
P04637_site2154,1,1,0.6894883180787827
P04637_site2155,1,1,0.8794749184712909
P04637_site2157,1,1,1.317546930685206
P04637_site2158,1,1,3.7515997869768474
P04637_site2221,1,1,1.2401446144870152
P04637_site2230,2,1,1.0105793222338155
P04637_site2231,2,1,1.112914196377812
P04637_site2232,2,1,0.7360817038236394
P04637_site2235,2,1,0.5421475047779697
P04637_site2236,2,1,1.0381399089425216
P04637_site2237,2,1,1.3588802341614457
P04637_site2238,2,1,0.9556986222488636
P04637_site2239,2,1,1.525200371373894
P04637_site2241,2,1,1.0116189487917235
P04637_site2242,2,1,0.5711094931944667
P04637_site2243,2,1,1.107617300679253
P04637_site229,1,1,1.0513215812192995
P04637_site2490,1,1,0.5775200534501203
P04637_site2594,1,1,1.0133935710858788
P04637_site2595,1,1,0.5938926158875777
P04637_site2596,1,1,1.0126064804559278
P04637_site2598,1,1,0.7549342559377794
P04637_site2600,1,1,1.028421719209804
P04637_site2601,1,1,1.099116261840504
P04637_site2602,1,1,0.8995828923613273
P04637_site2603,1,1,1.1049284578696343
P04637_site2605,1,1,1.082981398497695
P04637_site2607,1,1,1.6216015557907215
P04637_site2608,2,2,1.6404813104907885
P04637_site2609,1,1,1.0273631376065662
P04637_site2610,2,2,0.750391124122864
P04637_site2611,1,1,2.7396549506153423
P04637_site270,1,1,1.0312639885935972
P04637_site2732,1,1,0.4998018447072213
P04637_site2739,1,1,0.4668821333636122
P04637_site2740,1,1,0.9439231121153596
P04637_site2783,1,1,1.4335008382570409
P04637_site2800,1,1,0.3862050420168067
P04637_site2822,1,1,0.6751916761928338
P04637_site2950,1,1,0.797992246099735
P04637_site432,2,2,1.113051590228663
P04637_site437,1,1,1.2505036317376692
P04637_site438,2,2,1.3321168107447208
P04637_site509,1,1,1.2935477396714572
P04637_site510,10,8,1.6436979330345085
P04637_site511,45,27,1.8405813173023609
P04637_site512,7,7,1.541348898640876
P04637_site513,41,25,7.751057736400842
P04637_site514,2,2,1.1971003935131603
P04637_site515,22,13,1.2685049780104147
P04637_site516,7,6,1.194130828366536
P04637_site517,18,13,1.8006164469479304
P04637_site577,40,25,1.7181246706111826
P04637_site578,14,11,1.825996402537158
P04637_site585,13,11,1.731885515957848
P04637_site586,8,5,1.753543382663998
P04637_site587,10,10,1.4575726582767443
P04637_site629,1,1,0.8549717720315576
P04637_site656,38,25,6.373963265675424
P04637_site658,29,18,2.1098078621510066
P04637_site671,16,11,1.483704203191729
P04637_site672,22,18,1.2265888165281833
P04637_site723,1,1,0.7841900339715715
P04637_site726,1,1,1.1113869607292624
P04637_site797,1,1,3.5641216662054878
P04637_site798,1,1,2.2239825475699915
P04637_site813,1,1,1.605128382139113
P04637_site862,1,1,1.2459305060283588
P04637_site892,1,1,0.4906554061313242
P04637_site964,1,1,0.3120294036039939
P04746_site1,26,17,1.7607995053866854
P04746_site10,21,14,2.008132096156997
P04746_site11,26,17,4.0752299772913325
P04746_site12,13,8,1.1944739606419217
P04746_site13,26,17,2.1371082426297656
P04746_site14,11,9,1.135100684237362
P04746_site15,22,15,2.425655884254974
P04746_site16,22,14,1.905184614084745
P04746_site18,25,16,2.112896599160754
P04746_site19,22,15,2.47153872249888
P04746_site2,25,17,2.37923855261149
P04746_site20,5,5,2.349528563505269
P04746_site21,25,17,1.7911000799055277
P04746_site22,23,15,1.8396061141363853
P04746_site23,16,12,2.078770748275581
P04746_site24,18,12,2.685159126972246
P04746_site25,14,11,2.9609788204320537
P04746_site26,21,16,2.2901294025863086
P04746_site27,11,7,1.3283330705663845
P04746_site28,5,3,0.841198849091509
P04746_site29,15,11,1.5483261671662454
P04746_site3,26,17,4.055334789197961
P04746_site30,24,16,1.6745755630368235
P04746_site31,8,6,1.3211968665033516
P04746_site32,11,9,1.9814798119035983
P04746_site33,3,3,0.9577799449350484
P04746_site36,11,9,0.9425555777016876
P04746_site39,5,4,1.1495830486847824
P04746_site4,26,17,2.6839715647687177
P04746_site45,6,5,0.7875677457436124
P04746_site46,2,2,1.2040278628358938
P04746_site5,25,16,3.977530061991188
P04746_site52,3,3,1.042880465887901
P04746_site6,6,6,1.3843138851251156
P04746_site7,22,15,1.56734450035615
P04746_site8,24,16,3.415524151022991
P04746_site9,18,10,1.9714281171494896
P04818_site100,2,2,0.3920003380321975
P04818_site101,2,2,0.8523118360017956
P04818_site104,2,2,1.190864168744283
P04818_site105,3,3,1.1258626932881115
P04818_site107,6,6,1.1787712405339414
P04818_site108,1,1,0.9041012620095324
P04818_site109,1,1,2.6308365072647764
P04818_site112,2,2,1.2433552052433403
P04818_site114,1,1,1.9654201570095688
P04818_site115,1,1,5.140547045696192
P04818_site117,4,4,1.5488221514280147
P04818_site120,2,2,1.2835952981444785
P04818_site122,1,1,2.276903445342408
P04818_site123,2,2,1.0623797929369398
P04818_site126,3,3,1.862823571542642
P04818_site15,4,4,1.7116784547297017
P04818_site168,4,3,2.291770947209536
P04818_site169,1,1,1.0136997458786734
P04818_site171,1,1,0.8831380806747219
P04818_site172,1,1,1.0601885378155531
P04818_site174,1,1,0.8192387048989525
P04818_site175,1,1,0.0983379287603572
P04818_site181,1,1,0.2408777494641613
P04818_site19,6,6,3.434313172765534
P04818_site192,1,1,1.1829825536904808
P04818_site196,2,2,1.4269576696616588
P04818_site2,5,5,2.7216192098172103
P04818_site20,6,6,3.010594726753348
P04818_site201,1,1,2.808826451839736
P04818_site21,8,8,3.0177245690965133
P04818_site210,1,1,2.179033621285797
P04818_site213,1,1,2.251593196160824
P04818_site216,1,1,1.135072015691359
P04818_site229,3,3,0.3966899955728454
P04818_site24,8,7,7.515100385317379
P04818_site25,13,11,7.677942479028812
P04818_site26,5,5,1.2608952304340153
P04818_site27,2,2,1.1335092242809457
P04818_site28,6,6,3.2500448740075942
P04818_site283,1,1,0.3842057704240405
P04818_site3,2,2,0.4746714303942835
P04818_site303,1,1,0.810042408697955
P04818_site307,1,1,0.5721845660915919
P04818_site308,2,2,0.5148994457717592
P04818_site309,1,1,0.7140971576359073
P04818_site31,6,6,1.545680331435809
P04818_site314,2,2,1.0266635095973191
P04818_site315,1,1,3.164649611723447
P04818_site317,2,2,0.8308775959510681
P04818_site318,1,1,1.7287842676911405
P04818_site32,5,5,2.1557160250220413
P04818_site321,2,2,7.601476725122956
P04818_site325,2,2,1.0865908927606736
P04818_site326,2,2,1.1407820152549175
P04818_site327,1,1,1.1866933847258607
P04818_site328,2,2,2.2148386852181825
P04818_site33,9,7,2.273032797106871
P04818_site330,1,1,1.3024411837109875
P04818_site331,2,2,0.6546353041527206
P04818_site336,2,2,1.563354532547601
P04818_site340,2,2,1.0124400193898726
P04818_site342,2,2,1.170556715046654
P04818_site344,2,2,1.4752233836993147
P04818_site346,1,1,0.8421114987702942
P04818_site347,1,1,0.7442329407969027
P04818_site348,1,1,0.7323794124070124
P04818_site351,1,1,0.6364851675776737
P04818_site356,2,2,1.3223807437296269
P04818_site358,2,2,1.418856509432295
P04818_site360,2,2,0.947858292532886
P04818_site363,2,2,1.2290289069293756
P04818_site368,1,1,0.4406471537530499
P04818_site39,6,6,3.2813164560176222
P04818_site4,12,10,9.125444829268874
P04818_site40,6,6,1.6735444106656774
P04818_site42,4,4,2.71447625025218
P04818_site46,11,10,3.0886554776157773
P04818_site5,4,4,3.1298265520032658
P04818_site51,5,4,2.211354098543346
P04818_site57,3,3,1.312507723541354
P04818_site59,3,3,1.9054618562315684
P04818_site6,8,7,1.5146505383406812
P04818_site61,7,7,6.202861468916637
P04818_site62,6,6,2.1772944577464224
P04818_site63,3,3,1.2741355048727214
P04818_site64,1,1,1.714213806547265
P04818_site66,4,4,0.9253061775185668
P04818_site67,5,5,1.531844995658518
P04818_site68,8,6,2.512326433774885
P04818_site69,6,6,2.8107276789943216
P04818_site70,4,4,1.0776398319789091
P04818_site72,6,6,4.464573971931768
P04818_site73,3,2,4.286148566739402
P04818_site74,3,3,1.1809549296402846
P04818_site75,10,9,1.9264355086045324
P04818_site76,5,5,1.6453769227043142
P04818_site77,11,10,2.933278223901748
P04818_site79,3,2,1.8211218589141336
P04818_site80,3,3,1.3080014307983765
P04818_site81,3,3,1.2215726017092587
P04818_site82,9,8,2.285998230633425
P04818_site85,4,4,2.4400533124398534
P04818_site87,3,3,1.2305246283626934
P04818_site88,2,2,1.7235839861376845
P04818_site89,3,3,1.3310623609029386
P04818_site9,5,5,1.5281256211488767
P04818_site90,4,4,6.5856772889859245
P04818_site91,2,2,2.243199040972728
P04818_site92,2,2,1.6655651154982982
P04818_site93,7,6,1.2879125398402962
P04818_site94,2,2,1.1090576516952957
P04818_site95,1,1,3.299786238373101
P04818_site96,2,2,1.550375434270985
P04818_site97,3,3,0.96908822301442
P04818_site99,2,2,3.207077500702133
P05067_site1312,1,1,1.6705793161895484
P05067_site1314,1,1,0.9975710437681692
P05067_site1315,1,1,0.9040842080384236
P05067_site1316,1,1,1.622950508397338
P05067_site1317,1,1,0.9213316222140424
P05067_site1318,1,1,0.3821049500496964
P05067_site1319,1,1,0.3421600201685207
P05067_site1320,1,1,0.8651366857914277
P05067_site1321,1,1,0.5986290684295716
P05067_site1323,1,1,1.1760909182130983
P05067_site1325,1,1,0.8530102745596257
P05067_site1336,1,1,1.200344713081703
P05067_site1340,1,1,1.4010266179816904
P05067_site1341,1,1,0.383731783153294
P05067_site1471,1,1,0.9302256877179388
P05067_site1472,1,1,1.6356577090993925
P05067_site1474,1,1,1.5183400795214386
P05067_site1475,1,1,1.2978194663013574
P05067_site1478,1,1,0.7696712195956543
P05067_site1480,1,1,0.4941810451376872
P05067_site1481,1,1,1.5232617014035874
P05067_site1487,1,1,1.4183643414658094
P05067_site1489,1,1,0.8586029132615343
P05067_site1490,1,1,0.6597237447928086
P05067_site1491,1,1,0.9775289561115292
P05067_site1493,1,1,1.189961468953524
P05067_site1494,1,1,0.6435629916171998
P05067_site268,1,1,0.8001279169362772
P05067_site274,1,1,0.545215216090269
P05067_site287,1,1,1.843184362642168
P05067_site295,1,1,0.90880435421031
P05067_site296,1,1,0.7954448451408176
P05067_site298,1,1,1.1397581935380054
P05067_site299,1,1,1.172646264301512
P05067_site300,1,1,1.5120797747390364
P05067_site304,1,1,2.736744577864397
P05067_site64,1,1,1.0884243206777988
P05067_site65,1,1,1.027295185521964
P05067_site766,1,1,0.4697232307383554
P05067_site777,1,1,2.01181735865597
P05067_site781,1,1,0.8237304976283697
P05089_site101,2,2,1.7217785658702114
P05089_site103,9,5,1.479918341166167
P05089_site104,12,4,3.2952858332177053
P05089_site105,6,3,0.6378764542766879
P05089_site106,4,3,0.9474483935985272
P05089_site107,5,3,1.4323136504068577
P05089_site108,14,3,2.9589758106296498
P05089_site11,36,14,2.02048909451421
P05089_site110,10,3,0.7461648400144134
P05089_site113,9,2,2.310698666283625
P05089_site114,3,1,1.047769379103846
P05089_site115,6,2,1.329040684202396
P05089_site120,5,3,0.6557139416234208
P05089_site124,3,2,2.23953559626922
P05089_site128,4,2,1.9461714659685865
P05089_site134,5,3,1.3195454262665645
P05089_site15,17,8,2.9234159990800723
P05089_site16,21,4,3.817095612571821
P05089_site2,36,14,1.5411572640199958
P05089_site20,36,14,1.7276355313538008
P05089_site23,14,4,4.371950870244749
P05089_site25,21,4,2.0426084435312064
P05089_site29,33,14,2.2012754641886665
P05089_site3,22,9,2.4601085510790752
P05089_site30,13,4,2.9995510726773045
P05089_site31,36,14,6.763359053004888
P05089_site4,20,11,1.5123387135045638
P05089_site46,1,1,1.0002108054809429
P05089_site48,1,1,1.2895244964767243
P05089_site5,32,11,7.603118793901507
P05089_site53,8,4,3.5783911192214117
P05089_site54,8,5,1.3056662733968942
P05089_site55,12,3,2.941907838024416
P05089_site56,19,4,2.145066534777872
P05089_site57,19,4,2.083967032637389
P05089_site58,18,4,2.084132473131384
P05089_site59,17,4,1.501518557169998
P05089_site6,36,14,2.581851537575433
P05089_site60,19,4,1.5798727583979095
P05089_site61,18,4,2.1206640265551013
P05089_site62,7,3,2.0650332964960887
P05089_site63,19,4,2.028761943370774
P05089_site64,3,3,2.107932926162366
P05089_site65,19,4,2.217195362916963
P05089_site66,19,4,1.4866718565729318
P05089_site67,18,4,5.252036451552911
P05089_site68,9,2,1.116335902903067
P05089_site70,13,3,2.683412408344873
P05089_site71,15,4,2.487055049540876
P05089_site72,1,1,1.0138773737613012
P05089_site73,2,2,0.6538164759061325
P05089_site76,1,1,0.6894514369706995
P05089_site88,1,1,1.6649214472574445
P05089_site9,18,8,2.874690356197147
P05089_site91,4,3,1.630387647668805
P05089_site96,7,2,3.383131129824848
P05089_site97,4,4,1.2052192253550966
P05091_site10,15,10,1.269310797085014
P05091_site100,7,6,1.404397668140381
P05091_site101,10,8,1.544004135693531
P05091_site102,15,10,1.5322533742809927
P05091_site104,6,6,2.504196792655839
P05091_site105,13,9,1.040690410003584
P05091_site106,7,6,1.3829324410813963
P05091_site107,7,6,1.4065772006196866
P05091_site108,13,10,1.9068722812700905
P05091_site109,5,5,1.400091532564729
P05091_site11,14,9,0.9609500870782736
P05091_site111,7,6,1.1184559885306735
P05091_site112,15,10,2.247903436765759
P05091_site113,14,10,2.585409512676262
P05091_site114,16,10,1.9855661586575184
P05091_site115,14,10,2.6146744766940797
P05091_site116,5,5,1.4249007018880244
P05091_site117,4,4,1.876646245199978
P05091_site118,9,5,1.436600755283466
P05091_site119,7,6,2.0570739852607
P05091_site12,16,10,1.0363933288768925
P05091_site120,6,5,1.1452153003401069
P05091_site121,5,5,1.1134753936657569
P05091_site123,3,3,3.376689875193114
P05091_site124,7,6,1.6881060565563692
P05091_site126,13,9,2.149898282150023
P05091_site127,14,10,3.1700634352635007
P05091_site128,7,6,1.271894168492966
P05091_site129,7,6,2.090463244596377
P05091_site13,15,10,1.256366334534662
P05091_site130,7,6,1.194271957813485
P05091_site131,11,6,1.6502296870513924
P05091_site133,12,9,1.694671932883684
P05091_site134,12,8,3.122510606340606
P05091_site135,6,5,1.8545339654783768
P05091_site136,15,10,2.0388325062864743
P05091_site137,16,10,1.864769808933507
P05091_site139,7,6,1.722313665798096
P05091_site14,7,6,0.9987334871042148
P05091_site141,7,6,1.0280556075237095
P05091_site142,9,9,2.126459859174844
P05091_site143,6,6,1.3812491041088728
P05091_site144,7,6,1.0218401211113748
P05091_site145,13,8,6.536488962754624
P05091_site147,14,9,3.3131968121823165
P05091_site148,13,8,1.666346153846154
P05091_site149,7,6,1.7364957468678774
P05091_site151,8,8,2.3796015591165007
P05091_site152,8,5,2.052139930922244
P05091_site153,4,4,1.303812222062832
P05091_site154,16,10,1.8429800270376344
P05091_site155,13,10,2.98859060089502
P05091_site157,7,6,1.8245243189138676
P05091_site158,7,6,1.3302989412185453
P05091_site159,15,10,1.4890996023416911
P05091_site16,7,6,1.14251960221066
P05091_site160,6,5,4.5061791451348
P05091_site161,7,6,1.834075063323721
P05091_site162,10,8,1.9324301193064135
P05091_site163,5,5,1.0841124364819847
P05091_site164,6,5,1.8274475912985504
P05091_site165,11,6,1.2308779494550246
P05091_site166,7,6,1.499887015862973
P05091_site17,7,6,1.0007910231544348
P05091_site171,7,6,1.4741409712624505
P05091_site172,14,9,1.781302072830321
P05091_site173,13,9,1.1728259838786157
P05091_site174,12,7,1.3110385131946714
P05091_site175,6,5,1.114552616826424
P05091_site176,7,6,0.6798772180101623
P05091_site178,6,4,1.931387216075212
P05091_site179,15,10,1.769389729800693
P05091_site18,15,10,1.1431460324593394
P05091_site182,6,6,0.9852531477844896
P05091_site183,7,6,1.0842434639733245
P05091_site187,6,5,0.9935556430832309
P05091_site189,7,6,1.7046091664906586
P05091_site19,7,6,1.484294253774218
P05091_site190,15,10,1.1390823776687933
P05091_site191,12,7,1.234357442376737
P05091_site192,12,9,2.347388175759503
P05091_site193,14,9,2.57206035527881
P05091_site194,16,10,2.247715326917328
P05091_site195,15,10,4.023563245048472
P05091_site196,7,6,1.6496704158396434
P05091_site197,7,6,2.1933563206603948
P05091_site198,11,10,1.5344969050645338
P05091_site199,7,6,1.3261668808542777
P05091_site2,7,6,1.2349241877485877
P05091_site20,6,5,4.457901007899524
P05091_site200,15,10,4.388631508934396
P05091_site204,7,6,2.378608901286864
P05091_site205,16,10,2.1659081964668774
P05091_site206,7,6,1.280130102360424
P05091_site207,6,5,1.0714651386281784
P05091_site208,7,6,1.882416396979504
P05091_site209,5,5,4.234125444025396
P05091_site21,7,6,1.085295432531108
P05091_site210,14,10,1.4928796440434893
P05091_site211,7,4,1.3253065605585852
P05091_site212,11,7,2.478512599530862
P05091_site213,6,5,1.034061956403687
P05091_site214,15,10,1.9210723263021745
P05091_site215,7,6,1.7130548538080408
P05091_site216,6,5,1.2905474915738258
P05091_site218,15,10,1.3548303478550678
P05091_site219,11,10,2.173861263802722
P05091_site22,15,10,0.8744785444289939
P05091_site220,6,5,1.106649208766078
P05091_site221,16,10,1.7540594029143648
P05091_site222,5,5,1.0510366459222449
P05091_site224,6,5,1.885187190943143
P05091_site225,6,5,2.041700192806935
P05091_site226,7,6,1.479364384224965
P05091_site227,5,4,3.1593752917234554
P05091_site228,10,7,1.8191644680122865
P05091_site229,10,7,5.152979869223994
P05091_site23,11,7,4.836832703398153
P05091_site230,14,8,1.6891332113954096
P05091_site231,11,8,1.3736586698229163
P05091_site233,12,9,1.8412301897079415
P05091_site234,11,6,2.847360128908257
P05091_site235,4,3,0.8820367481247828
P05091_site238,10,7,1.5108242762858288
P05091_site239,10,7,1.234801282785477
P05091_site24,14,9,3.478803242977416
P05091_site242,3,3,1.6121466141933736
P05091_site243,10,7,1.5640375193960634
P05091_site244,9,8,1.436348816584731
P05091_site245,10,6,2.52430191416166
P05091_site246,3,3,2.023615269461078
P05091_site25,7,6,1.0208514195685028
P05091_site252,13,9,2.036712726687251
P05091_site258,8,5,2.1075253597546597
P05091_site26,15,10,1.2307538636989264
P05091_site263,15,10,6.951719814139739
P05091_site264,11,9,1.917951763651758
P05091_site265,5,4,2.98676767342618
P05091_site267,5,5,1.7229299117635724
P05091_site27,13,9,2.3771953249205087
P05091_site272,4,3,1.0238978732831192
P05091_site273,7,6,1.4607540787902906
P05091_site274,9,7,1.287356734295495
P05091_site275,13,9,4.001379695668781
P05091_site278,13,8,1.9497773419288456
P05091_site279,5,4,0.9480557019084416
P05091_site28,7,6,1.064744272412004
P05091_site281,6,5,1.7562349440755578
P05091_site282,7,5,1.1676418770334744
P05091_site283,7,6,1.5299700246511303
P05091_site284,9,8,2.3118744534058884
P05091_site285,4,4,0.6526379392326108
P05091_site286,2,2,0.9485933900075466
P05091_site29,15,10,0.997624983288376
P05091_site290,12,8,0.5828521192423476
P05091_site293,6,5,0.7101943202582751
P05091_site294,7,6,3.3249963916781797
P05091_site296,5,4,1.202617201234897
P05091_site299,10,6,1.5851842715645867
P05091_site3,7,6,0.9955328937299618
P05091_site30,6,5,1.4631649836052711
P05091_site300,14,10,1.0562976370912345
P05091_site301,13,7,1.1124286341677645
P05091_site302,14,9,1.802473119588909
P05091_site304,15,9,2.3354127798507465
P05091_site306,7,6,1.6395749408778018
P05091_site307,7,6,1.1767657404978578
P05091_site308,14,10,6.6619674814323
P05091_site309,7,6,1.0766922996652728
P05091_site31,13,10,1.498776471210698
P05091_site310,3,2,0.918817130640089
P05091_site311,4,3,0.8909546617757316
P05091_site316,16,10,3.4191856010258177
P05091_site32,15,10,5.359746631578074
P05091_site320,7,6,1.8526955201214883
P05091_site321,5,4,1.2184502036027332
P05091_site326,4,4,1.3743785002048905
P05091_site327,5,4,2.2421574059416387
P05091_site328,12,8,1.894220076090137
P05091_site33,7,6,0.886983432452454
P05091_site331,12,8,2.3380989642047187
P05091_site334,2,2,1.1921906657407342
P05091_site339,5,5,0.7409389613507582
P05091_site34,7,6,0.9653359241157844
P05091_site342,2,2,1.8920831450923907
P05091_site346,2,2,1.067512528039715
P05091_site348,2,2,0.6101163783899209
P05091_site349,2,2,0.934344153232045
P05091_site35,6,5,2.644548798335766
P05091_site350,2,2,1.580423745639164
P05091_site351,10,6,1.2474743648443445
P05091_site354,3,3,2.6017136081966847
P05091_site356,6,3,1.106485708008885
P05091_site36,6,5,1.0765854994041293
P05091_site37,14,8,1.0657625363756873
P05091_site38,7,6,1.2300891848736222
P05091_site39,7,6,1.914033104196816
P05091_site4,16,10,1.0512084536158892
P05091_site40,15,10,1.0040489881378505
P05091_site41,14,8,1.1375153780637834
P05091_site42,4,4,1.3245138201881643
P05091_site44,16,10,2.198878224176869
P05091_site46,13,8,1.0166170845728857
P05091_site467,3,3,1.932824857918713
P05091_site47,15,9,1.1106717712007104
P05091_site48,15,9,3.97956911973823
P05091_site49,15,10,1.1483332553022143
P05091_site5,16,10,1.076166321307875
P05091_site50,7,6,4.810199836236086
P05091_site53,11,6,1.0859137242479435
P05091_site54,6,5,0.6984278885679099
P05091_site56,5,4,1.0196498469061586
P05091_site568,11,8,0.7955181874877434
P05091_site57,15,10,1.2730835492313155
P05091_site58,13,7,1.025491011224562
P05091_site59,7,6,1.2781791032729328
P05091_site6,10,7,4.427761267670277
P05091_site60,7,6,1.2785913345251867
P05091_site62,5,4,1.4410097741779035
P05091_site629,5,3,1.2545100843942212
P05091_site632,2,2,0.5435947104084883
P05091_site645,2,2,0.6139536512287476
P05091_site65,5,4,1.0658370178820866
P05091_site650,8,5,1.4714321117793454
P05091_site66,5,4,0.9761069539624444
P05091_site666,8,5,1.566173416567996
P05091_site67,13,8,1.4437047926355335
P05091_site69,7,6,1.570416958823956
P05091_site7,14,9,1.3654330144581708
P05091_site70,9,5,2.176271858550202
P05091_site71,7,6,1.843010976637628
P05091_site716,2,2,1.3997136949260378
P05091_site72,11,8,1.2725308466480922
P05091_site74,8,7,0.8886340806392745
P05091_site76,4,3,1.5838573138641203
P05091_site77,15,10,2.3012226218389094
P05091_site78,6,5,2.796386469758932
P05091_site79,12,8,1.9232612273918168
P05091_site8,7,6,1.3079274527417295
P05091_site80,16,10,2.006587786259542
P05091_site81,12,7,2.105213696967324
P05091_site82,4,3,1.1561374832832307
P05091_site84,3,3,1.163411428534064
P05091_site85,5,4,2.000447115348181
P05091_site86,10,10,1.5287474614071592
P05091_site88,4,3,1.023463536265994
P05091_site89,11,8,0.8588718519936648
P05091_site9,7,4,2.05158862585864
P05091_site91,7,6,1.4852386838198188
P05091_site92,7,6,1.4426400356899942
P05091_site94,5,5,0.8651571042127765
P05091_site95,4,4,1.5933537456094429
P05091_site96,6,6,3.515045905939666
P05091_site97,14,10,1.3863682702522884
P05091_site98,15,10,1.8083601314367508
P05091_site99,7,4,1.9549515253563696
P05230_site114,1,1,3.0379700074761424
P05230_site126,1,1,1.0742218486201058
P05230_site136,1,1,1.8882629039190404
P05230_site149,1,1,3.3153602839445218
P05230_site152,1,1,6.019018273459102
P05230_site166,1,1,0.966403554720662
P05230_site168,1,1,3.092430475992084
P05230_site187,1,1,0.5901807460581976
P05230_site192,1,1,0.587074138970609
P05230_site23,1,1,1.1202669519475408
P05230_site65,1,1,1.2912074173689154
P05230_site66,2,1,1.563241549138124
P05230_site67,2,1,1.8405196241017137
P05230_site68,1,1,2.749215492260937
P05230_site69,1,1,6.003282420251415
P05230_site7,1,1,1.564328089160244
P05230_site70,1,1,1.1704349955969744
P05230_site71,1,1,1.0957274578867655
P05230_site73,1,1,1.9014648409108843
P05230_site77,1,1,1.873730054006504
P05230_site9,2,1,2.2492691129578075
P05230_site91,1,1,1.1036734483181376
P05413_site1,47,9,1.8385107494124813
P05413_site10,10,2,0.716972580509655
P05413_site104,3,2,1.0802473675413673
P05413_site14,42,7,1.3982191203123946
P05413_site4,33,5,0.960706719727568
P05413_site5,37,9,2.4610424081558784
P05413_site8,32,7,2.2380043601985857
P06239_site1,1,1,2.173891335308658
P06239_site2,1,1,1.4496288441145282
P06239_site20,1,1,1.0357365461949042
P06239_site28,1,1,1.2722093883867496
P06239_site3,1,1,0.5716005499480232
P06239_site308,1,1,0.8006718924972004
P06239_site59,1,1,1.007534321287769
P06239_site6,1,1,1.168554704835402
P06239_site62,7,7,3.130624722832907
P06239_site63,6,6,2.268369889562248
P06239_site64,6,6,1.408415582935147
P06239_site65,7,7,1.9980189386284688
P06239_site67,5,5,0.9714710406367156
P06239_site68,5,5,2.1104278981820284
P06239_site69,7,7,2.1780879120363528
P06239_site71,6,6,1.4871149010800218
P06239_site72,6,6,0.8939979081181109
P06239_site73,7,7,1.1473779801965591
P06239_site76,6,6,2.1265093643417035
P06239_site77,5,5,1.0681829619564411
P06239_site78,4,4,1.3475451437963686
P06239_site79,4,4,1.0807425511267656
P06239_site80,3,3,1.020755201016382
P06239_site81,4,4,1.5726157234873346
P06239_site85,2,2,1.2416073245167851
P06241_site59,2,2,2.5268767072521983
P06241_site69,1,1,1.47013505070409
P06241_site70,1,1,1.0345486930684429
P06241_site80,1,1,1.1382904868094417
P06276_site1,78,45,3.2626231928103158
P06276_site11,21,9,1.6768428851140391
P06276_site14,36,19,2.564361901232981
P06276_site146,6,5,1.0206584438065367
P06276_site152,4,4,0.9370896940313176
P06276_site156,3,3,1.3126211969241055
P06276_site16,78,45,1.414562800738013
P06276_site18,77,45,4.082600850197051
P06276_site2,77,45,2.639637888683085
P06276_site20,78,45,1.8977976064459083
P06276_site21,76,44,2.8181152304875137
P06276_site22,78,45,2.062177205833156
P06276_site27,78,45,2.6713527211294794
P06276_site28,72,39,1.4568069779097688
P06276_site3,78,45,1.1460519733982797
P06276_site30,62,34,1.931442522568641
P06276_site31,52,34,1.340566549456362
P06276_site32,48,25,2.0825035760778223
P06276_site33,30,22,1.007950811733943
P06276_site4,73,40,2.18047629201593
P06276_site5,75,42,2.469007845487605
P06276_site57,34,21,0.8197567185289958
P06276_site62,43,27,1.4497306247451751
P06276_site65,17,11,1.8205305287528692
P06276_site7,35,22,1.0403336434699522
P06276_site9,72,41,3.649904870449177
P06396_site267,1,1,0.6477525976468758
P06396_site271,1,1,0.485778907396481
P06396_site33,2,1,1.8291600872246037
P06396_site34,2,1,1.9205615883827023
P06396_site35,1,1,0.518737917198614
P06730_site1,22,14,9.0638058396713
P06730_site109,8,6,1.688690523631147
P06730_site126,6,6,0.8215925625277605
P06730_site129,9,6,1.2851508985822098
P06730_site133,6,4,1.8698985786062496
P06730_site14,2,1,0.727527521494104
P06730_site148,5,4,1.462103921846241
P06730_site166,2,2,3.437410362136967
P06730_site167,2,2,0.773670956911024
P06730_site168,2,2,0.6835571974488192
P06730_site17,3,3,0.9725833796273644
P06730_site170,2,2,2.773966314189831
P06730_site171,2,2,2.578072421840176
P06730_site174,2,2,1.2619873104142711
P06730_site177,2,2,1.1745286079497528
P06730_site179,2,2,1.0917862377593872
P06730_site182,2,2,0.7665579203562736
P06730_site2,9,5,6.524016545987448
P06730_site21,12,8,1.6219137724680612
P06730_site25,6,4,1.0599286361293356
P06730_site29,16,10,1.6058686412791956
P06730_site3,21,13,3.5710168472549206
P06730_site30,9,4,2.461036473152318
P06730_site31,2,1,1.1033129069322098
P06730_site33,5,5,1.5815119956489334
P06730_site4,19,11,1.953092204119784
P06730_site5,14,10,1.8989587215803208
P06730_site51,3,3,0.2713739300790633
P06730_site54,7,6,1.1045685773396616
P06730_site6,17,14,3.825232572084496
P06730_site60,2,2,2.899907630458856
P06730_site63,2,2,1.0604243412330832
P06730_site7,17,12,2.146229404309252
P06730_site71,2,2,1.3109294868084418
P06730_site73,11,9,1.6603423869632663
P06730_site76,4,3,0.5642347237251131
P06730_site79,9,8,1.9016078894122488
P06730_site81,10,8,2.8593955902381563
P06730_site83,3,3,0.4156415298125121
P06730_site86,2,2,0.7582896990216728
P06730_site91,13,10,2.070228624831893
P06730_site96,16,11,1.408571321840154
P06746_site1,73,11,2.154849544543775
P06746_site10,80,11,2.898841237953824
P06746_site100,7,6,9.322435730623312
P06746_site101,1,1,1.2034659628504556
P06746_site103,3,2,1.6504164127564491
P06746_site104,1,1,3.493041945717307
P06746_site105,2,2,1.855221709470305
P06746_site107,4,3,1.8429420191995085
P06746_site109,9,4,2.135553054461327
P06746_site12,29,6,2.754600392995292
P06746_site125,6,4,2.500358690609548
P06746_site126,8,3,2.4986692909487025
P06746_site127,1,1,0.8827693925171792
P06746_site128,10,5,2.2093375323570914
P06746_site129,6,2,5.938206647032221
P06746_site13,9,4,1.5406058526725612
P06746_site130,22,6,4.214546747877117
P06746_site131,2,2,1.6270333453764905
P06746_site133,5,3,1.3698754338157144
P06746_site134,3,1,1.818953638922874
P06746_site138,9,4,1.3646362562424363
P06746_site139,4,2,0.9654676125962316
P06746_site146,2,1,1.2033256062767477
P06746_site150,3,2,2.3861732209247526
P06746_site16,16,5,6.787806327661751
P06746_site17,19,8,2.580320249951181
P06746_site18,8,5,9.511696997977912
P06746_site19,30,6,2.2730215049661084
P06746_site2,46,10,2.7557261271801745
P06746_site20,8,4,2.142259203791045
P06746_site21,6,4,2.440390719806792
P06746_site22,16,8,17.949997768255667
P06746_site23,9,5,7.414537329127236
P06746_site24,16,7,3.384701101304125
P06746_site25,77,11,6.118542024659149
P06746_site26,15,8,1.9899936104483824
P06746_site27,7,5,1.5916274592950077
P06746_site28,7,5,1.3000295670007107
P06746_site29,70,9,4.8810614419294085
P06746_site3,62,10,2.97783990662577
P06746_site30,19,7,4.073235187571635
P06746_site31,26,6,3.868440524683285
P06746_site32,70,9,3.5577011706148034
P06746_site33,6,5,3.586644295891566
P06746_site34,14,7,2.6944635317198924
P06746_site36,69,8,2.6727790557563806
P06746_site37,13,7,6.506181193555943
P06746_site38,10,7,7.373100720739792
P06746_site39,25,7,2.7688650676322526
P06746_site4,2,2,2.0134484900195604
P06746_site40,39,6,3.8717715719149153
P06746_site41,57,7,2.6364517547595967
P06746_site42,42,8,4.444362172151713
P06746_site43,60,8,3.2386536327459585
P06746_site44,46,7,2.966403144714791
P06746_site45,47,9,4.022468719108242
P06746_site46,40,8,3.5894096604709302
P06746_site47,40,7,1.658378854625551
P06746_site49,80,9,7.3109240519731955
P06746_site5,36,8,4.538426982841152
P06746_site50,73,7,2.043012681151496
P06746_site51,27,8,1.4194085472992122
P06746_site52,8,6,1.7756453601686486
P06746_site53,3,3,1.0136845663632608
P06746_site54,37,8,4.396389018659485
P06746_site55,1,1,0.8262078589196513
P06746_site56,3,3,2.342349013657056
P06746_site57,8,5,2.27989323953605
P06746_site58,2,2,1.6141974959566598
P06746_site59,21,8,3.564190313227815
P06746_site6,9,7,1.645042446606023
P06746_site60,5,4,2.296095010107821
P06746_site61,38,7,1.7059518954854784
P06746_site62,43,9,4.4608106945826735
P06746_site63,48,7,1.229455839957263
P06746_site64,67,8,1.3372735789129222
P06746_site65,7,3,1.7948158976857906
P06746_site66,13,6,1.7042958517297782
P06746_site67,63,7,2.497706973153436
P06746_site68,4,3,2.401790994882872
P06746_site69,1,1,1.3698628350891835
P06746_site7,12,6,1.5981431011683662
P06746_site71,6,3,4.349255693257234
P06746_site72,20,6,1.743206152467707
P06746_site75,12,5,3.4588155801129057
P06746_site76,3,3,1.2095184710435531
P06746_site8,82,9,4.493015081584296
P06746_site81,33,6,3.682148349195326
P06746_site83,3,3,1.8350400083938931
P06746_site84,6,4,2.745534853090846
P06746_site85,3,3,1.3499153081480462
P06746_site86,18,6,2.4526487958520704
P06746_site87,23,7,4.589037561281286
P06746_site88,4,3,1.9536155671397029
P06746_site89,1,1,1.2543164897829877
P06746_site9,64,9,5.066180229925354
P06746_site90,5,3,2.166940375835901
P06746_site92,4,3,2.600213657985971
P06746_site93,6,3,1.163263660409006
P06746_site94,1,1,1.575907233685068
P06746_site95,3,1,2.833828164950657
P06746_site96,4,3,2.2550311151852496
P06746_site97,1,1,0.8729640166317567
P06746_site98,5,4,1.5927825081963347
P06746_site99,3,3,1.0814216000055064
P07148_site10,1,1,1.1886475402054415
P07148_site148,2,2,2.887015007274576
P07148_site18,1,1,1.7578474960856714
P07148_site25,1,1,2.077721686080736
P07148_site32,1,1,1.5515240224778606
P07148_site33,6,3,1.319235518814504
P07148_site35,1,1,2.752646325317898
P07148_site43,3,3,2.22495120194566
P07148_site56,1,1,1.3488427341838516
P07148_site6,6,3,2.201720565626104
P07148_site77,1,1,0.7095338950297596
P07148_site84,3,1,1.64243792130225
P07148_site85,2,1,0.5763409043784289
P07148_site86,5,2,1.3381399862929897
P07148_site89,1,1,0.4483851233387328
P07148_site92,1,1,1.314951506626194
P07148_site96,1,1,3.189887733428958
P07148_site97,1,1,1.040936226333032
P07148_site98,1,1,1.882456008610548
P07711_site1,48,30,1.2523476787153056
P07711_site10,30,20,2.1105975800477403
P07711_site117,18,14,2.721660003580166
P07711_site118,2,2,0.9565980161947988
P07711_site129,1,1,0.2259239878108312
P07711_site131,25,18,1.2833384460611676
P07711_site132,2,2,1.6119139872657648
P07711_site139,5,5,2.2327791331020306
P07711_site140,7,5,1.3395854467273305
P07711_site15,1,1,0.9997732332811082
P07711_site17,7,5,2.4100556564870086
P07711_site2,40,24,5.79935325804509
P07711_site203,12,9,2.3607780665716445
P07711_site208,22,14,3.623929227003876
P07711_site22,15,14,1.8814702712618376
P07711_site224,4,4,0.8877836855068021
P07711_site23,21,14,2.8731608751390225
P07711_site24,4,3,1.0560849094862714
P07711_site245,6,5,3.815146155183167
P07711_site25,9,7,0.9217358512459026
P07711_site251,19,12,1.1036618174065764
P07711_site26,27,15,2.6349535803438706
P07711_site29,15,13,2.9991147717650684
P07711_site305,8,8,2.6000186155359946
P07711_site326,3,3,1.8152928381448736
P07711_site33,6,4,2.4922067157235896
P07711_site34,3,3,2.5062924508542537
P07711_site37,27,17,3.927051510803557
P07711_site38,1,1,0.7598686371100165
P07711_site4,14,11,1.286745735206231
P07711_site454,21,13,1.0946531124166612
P07711_site455,20,13,1.0973933603112638
P07711_site457,18,10,1.1781918666043258
P07711_site458,11,7,1.178284886353346
P07711_site459,13,8,1.6581240517034102
P07711_site460,17,10,2.669280913040352
P07711_site461,17,10,1.182414916779916
P07711_site464,19,11,1.129030456682712
P07711_site467,5,4,0.970285527240726
P07711_site469,17,12,2.2661150913796377
P07711_site47,26,16,2.986920607675994
P07711_site470,13,9,1.1551603598785125
P07711_site471,11,7,1.2934232558571013
P07711_site474,15,9,0.9428575699518914
P07711_site475,19,12,1.511905682922007
P07711_site477,9,6,0.5976058524739865
P07711_site478,17,12,1.8872359789747288
P07711_site479,9,8,1.4897883770274245
P07711_site480,19,12,1.028353985820479
P07711_site483,20,12,2.566230476677944
P07711_site484,15,11,1.0068680483196315
P07711_site486,8,6,1.0703543253787553
P07711_site494,17,11,1.5549091594755873
P07711_site495,15,9,0.787861650113527
P07711_site497,6,6,0.8765201001503118
P07711_site499,15,10,2.001036656851697
P07711_site501,20,12,0.9977767206730712
P07711_site502,14,9,1.4694070010310585
P07711_site506,10,6,1.9689289063965485
P07711_site509,7,5,1.922251106439666
P07711_site511,6,6,1.745925682572833
P07711_site513,9,7,1.1415080399242352
P07711_site518,9,5,1.020297501282333
P07711_site523,11,7,1.3485177103453732
P07711_site528,2,2,0.70016374433946
P07711_site531,9,5,1.3412007118104337
P07711_site534,10,7,1.1682063862644243
P07711_site535,8,6,2.111570790811584
P07711_site545,7,4,1.1965831718547226
P07711_site56,31,20,3.3614395322617656
P07711_site58,11,8,0.5874725727833654
P07711_site59,5,5,1.1651762886774495
P07711_site63,24,16,1.1940635565448183
P07711_site64,18,13,1.0417527753490712
P07711_site65,10,6,1.6553020085012322
P07711_site66,15,11,3.75100447886177
P07711_site67,5,3,1.2627187726224731
P07711_site68,14,9,1.4155819397400202
P07711_site69,24,14,1.3081373227257005
P07711_site7,25,16,2.6401331944341098
P07711_site70,1,1,0.8225746491589108
P07711_site72,8,7,2.039990561925892
P07711_site74,13,9,1.935513193707374
P07711_site76,4,4,2.141442926858398
P07711_site77,15,10,1.4895196150395564
P07711_site78,31,21,1.5376385415551683
P07711_site79,12,7,2.845559168395522
P07711_site8,2,2,1.2661513018730048
P07711_site80,4,4,1.03047904270271
P07711_site81,5,4,3.278521833838195
P07711_site82,11,8,3.14060312081757
P07711_site84,1,1,1.6715014034484734
P07711_site86,20,12,1.1606296507143026
P07711_site9,5,4,1.4237757437736496
P07711_site92,19,13,1.610019309699153
P07814_site63,2,2,1.1220363115747078
P07814_site65,2,2,0.4674272413344257
P07814_site66,2,2,0.8588967266386621
P07814_site70,2,2,0.1659576391360598
P07814_site73,2,2,1.1352870643482038
P07814_site74,2,2,1.8044247909520468
P07814_site75,2,2,10.603792632058608
P07814_site77,2,2,1.1945305958108554
P07814_site79,2,2,0.9250290207095686
P07814_site80,2,2,3.502228086777649
P07814_site88,2,2,0.8353574043823578
P07814_site94,2,2,1.2962030737406876
P07814_site96,2,2,1.118678401992394
P07900_site1,185,116,2.97620259284233
P07900_site10,125,89,1.813115075612712
P07900_site11,190,145,5.421633768431566
P07900_site12,154,111,3.997244964738295
P07900_site14,193,131,2.5267248773624003
P07900_site15,151,112,2.099180933612514
P07900_site16,90,63,3.480742678176532
P07900_site18,132,106,4.090454968186297
P07900_site186,35,27,2.9318809650838817
P07900_site19,214,133,3.396429372142669
P07900_site2,309,199,6.433367340943204
P07900_site21,130,96,2.2400515470445943
P07900_site25,11,11,1.2749147032654462
P07900_site26,46,35,2.172239991940663
P07900_site28,30,24,2.075537149278126
P07900_site29,97,77,2.610006614728796
P07900_site3,86,62,2.16657773934482
P07900_site30,53,41,2.8860585464561823
P07900_site31,36,26,1.463559344086781
P07900_site32,1,1,0.3864623573342087
P07900_site33,59,48,3.974852574131535
P07900_site37,12,10,1.4710560850946264
P07900_site372,19,15,1.5949452668216362
P07900_site38,11,9,0.9794591724237368
P07900_site4,272,181,1.4878066314229466
P07900_site41,6,4,1.7673517717226055
P07900_site42,10,8,3.069712307243072
P07900_site43,10,8,1.42326166395793
P07900_site44,12,10,1.439449544588545
P07900_site46,13,11,1.7885501487416675
P07900_site47,38,26,2.3950847537655227
P07900_site48,10,8,1.3094821259031315
P07900_site49,73,59,3.933583150277813
P07900_site5,235,160,4.659626196626652
P07900_site51,5,5,0.7762052877138413
P07900_site52,6,6,0.8883847168653944
P07900_site55,19,16,1.8751287319585013
P07900_site58,7,6,1.0813241235501103
P07900_site59,5,4,1.7468411679905025
P07900_site6,222,152,3.701471856438282
P07900_site60,33,30,1.0304840600748144
P07900_site7,146,105,2.1236695771638714
P07900_site8,237,168,4.934802147201498
P07900_site9,295,194,5.725617306768196
P07900_site92,11,10,2.7295045782720764
P07900_site93,31,28,2.013391853118973
P07900_site96,11,10,2.6490527535647708
P08246_site139,1,1,2.140391815577945
P08246_site17,13,12,3.675924598468162
P08246_site18,3,3,1.0157548304904809
P08246_site21,3,3,1.1409463982047323
P08246_site24,3,3,3.622148800048058
P08246_site25,2,2,1.6790742135449856
P08246_site26,5,5,1.039342585517764
P08246_site28,10,9,1.301528108665505
P08246_site41,4,4,0.9063213085999356
P08246_site43,3,3,0.8754752171995852
P08246_site44,3,3,0.9086585238374758
P08246_site6,13,12,4.67274043084732
P08246_site7,9,8,1.847785166816952
P08246_site75,8,8,1.467399128323169
P08246_site76,1,1,0.900014591084847
P08246_site77,2,2,0.689638637037694
P08246_site78,4,4,1.1402631485619037
P08254_site1,20,17,6.784335309060118
P08254_site103,4,4,1.6283766831144937
P08254_site105,2,2,2.8737019812186
P08254_site12,6,6,0.5729832360840975
P08254_site13,12,11,1.8147475912606867
P08254_site14,18,14,1.9993091643664511
P08254_site156,3,2,2.2108496230673955
P08254_site16,11,11,1.9811048230727604
P08254_site19,7,6,0.6631698794523473
P08254_site21,4,4,2.10034834630166
P08254_site22,2,2,0.7752558000873074
P08254_site24,4,4,1.262731862690014
P08254_site27,7,6,2.350034917968078
P08254_site28,3,3,1.2848508180943214
P08254_site30,7,6,1.724839635818116
P08254_site31,3,3,2.4770076565834063
P08254_site32,1,1,1.9058480136384768
P08254_site34,2,2,1.4629807393040726
P08254_site36,13,12,1.3937939110070257
P08254_site38,2,2,2.188230839958895
P08254_site40,1,1,0.4889558116638675
P08254_site41,1,1,1.9203460791985532
P08254_site42,1,1,0.7232123141653852
P08254_site43,3,2,1.1346125972331824
P08254_site44,1,1,1.752699360239732
P08254_site45,2,2,0.8109322040491374
P08254_site46,2,2,1.1817809473329155
P08254_site47,11,9,2.5586412089912933
P08254_site5,20,17,3.731952446160616
P08254_site56,6,6,2.0939656531987536
P08254_site74,4,4,0.7717606244579359
P08254_site81,3,3,1.3957813545559417
P08263_site1,8,4,5.552320671172222
P08263_site10,1,1,1.1485198401209245
P08263_site100,5,2,1.096551762957626
P08263_site101,5,4,1.7165361749130956
P08263_site102,4,3,1.992715550519888
P08263_site103,2,2,1.9517705773893816
P08263_site106,2,2,0.864836159788353
P08263_site11,8,3,2.805477210982552
P08263_site12,1,1,4.145663926008694
P08263_site13,2,2,1.5085730376519326
P08263_site14,1,1,1.026561788836113
P08263_site15,6,2,2.1900280431579446
P08263_site16,3,2,1.0271072074537313
P08263_site17,13,4,1.5972358621387297
P08263_site18,14,4,1.6697716642655562
P08263_site19,13,3,3.160925748119699
P08263_site203,2,2,1.9258494609217205
P08263_site207,3,2,1.9141323792486584
P08263_site21,11,2,3.0720911491375467
P08263_site22,12,3,3.3094690146352725
P08263_site229,1,1,1.333409731228478
P08263_site23,11,4,3.962690850648605
P08263_site235,1,1,0.8713070735265557
P08263_site24,1,1,2.2292031937839782
P08263_site28,15,4,2.494501817301565
P08263_site29,1,1,1.3181261304714822
P08263_site30,1,1,1.505673806008062
P08263_site301,2,2,1.0315011849044788
P08263_site303,2,2,2.6964490456599446
P08263_site304,1,1,0.8735085381736734
P08263_site305,1,1,0.93825156211655
P08263_site307,2,2,1.999162143647573
P08263_site309,1,1,0.961313803464998
P08263_site31,1,1,1.1734311469453431
P08263_site311,2,2,1.9491706674621356
P08263_site312,1,1,1.1441249065775672
P08263_site313,2,2,0.9659267233379116
P08263_site314,2,2,1.034693763850887
P08263_site315,2,2,1.4087259399600394
P08263_site316,2,2,1.28758435962242
P08263_site318,2,2,0.6703322054752384
P08263_site319,1,1,0.4824739200347924
P08263_site32,15,4,1.5216868667488077
P08263_site320,2,2,0.9797831524028936
P08263_site321,2,2,0.993027278638086
P08263_site322,2,2,1.1024059464931704
P08263_site323,2,2,2.2433521950994546
P08263_site324,2,2,1.51546184463668
P08263_site33,6,3,1.2194516971279374
P08263_site34,1,1,0.8259937236248428
P08263_site36,15,4,1.7163860824794923
P08263_site37,1,1,1.026916880292701
P08263_site38,1,1,0.9121069916690518
P08263_site4,15,4,2.4335695870806355
P08263_site41,1,1,1.5988835027509238
P08263_site42,5,2,0.9036807398651412
P08263_site43,6,2,2.082523326572008
P08263_site44,15,4,2.024807598973861
P08263_site45,4,2,2.7376896145446987
P08263_site46,9,2,2.49540035350948
P08263_site47,7,4,1.281624509810655
P08263_site48,9,4,3.129506463761094
P08263_site50,6,2,1.457802690010719
P08263_site51,7,4,1.2285491898977898
P08263_site53,9,3,1.4016283508434066
P08263_site54,6,2,1.97945255078026
P08263_site55,15,4,6.164795581932081
P08263_site56,15,4,5.815354317714236
P08263_site57,14,4,3.742900639399168
P08263_site58,15,4,6.61271617644927
P08263_site59,6,2,1.313565861252188
P08263_site6,1,1,0.9168688737035996
P08263_site62,7,3,1.4250228039286394
P08263_site63,2,1,0.752496576424734
P08263_site64,10,4,1.259833645512556
P08263_site65,4,1,1.6274953073835066
P08263_site66,9,3,5.003559985760057
P08263_site68,11,3,0.8936633859357466
P08263_site69,2,1,1.4869489625511862
P08263_site7,8,4,2.8879288334368804
P08263_site70,7,3,1.481862605532733
P08263_site71,9,2,4.061575573326284
P08263_site94,2,1,1.262430428122962
P08263_site95,8,2,2.5300518851192515
P08263_site97,5,3,1.1622846781504983
P08263_site99,7,3,2.113641617335196
P08581_site29,2,2,2.1101245882858373
P08581_site30,2,2,0.989022009802866
P08581_site34,2,2,1.0692347590908249
P08581_site35,2,2,1.0601621191569284
P08581_site36,2,2,1.06378429010282
P08581_site37,2,2,1.3221392894379267
P08581_site372,3,3,0.982113742684768
P08581_site374,3,3,2.706240029593323
P08581_site376,3,3,1.373827631107169
P08581_site377,3,3,1.2225324673158464
P08581_site378,1,1,0.8294670093063097
P08581_site379,3,3,1.0171783173659676
P08581_site381,1,1,1.9823834059631509
P08581_site383,2,2,1.484049000226853
P08581_site384,3,3,1.3025524630374057
P08581_site385,3,3,1.8236816782140104
P08581_site386,1,1,1.2005015970300577
P08581_site387,2,2,1.182928503921743
P08581_site41,2,2,0.6806624367140799
P08581_site44,1,1,0.9150480992690038
P08581_site45,1,1,0.3185107038492779
P08581_site46,1,1,1.0205800642999023
P08581_site47,2,2,1.3230237375334428
P08581_site48,2,2,1.9740659456538217
P08581_site49,1,1,0.8087071068042205
P08581_site50,2,2,1.0110866864188093
P08581_site51,1,1,1.1429281765235844
P08581_site52,1,1,1.2093595217762596
P08581_site53,1,1,1.5954156677250046
P08631_site148,1,1,0.8392569134307578
P08631_site467,1,1,0.790292621897324
P08631_site7,1,1,1.4570736398463404
P08709_site10,32,26,1.058554338814054
P08709_site11,6,6,1.0411228081047512
P08709_site12,2,2,1.000427101431317
P08709_site13,13,13,1.2919190661126143
P08709_site15,2,2,1.540444517888127
P08709_site16,3,3,1.1764773925764638
P08709_site17,27,23,1.0292720236792046
P08709_site19,25,22,1.0635778657673025
P08709_site2,31,25,1.2292550245128435
P08709_site20,20,18,0.9766876799281462
P08709_site3,21,17,1.2558910494948825
P08709_site5,12,11,1.0534421542859778
P08709_site6,15,14,2.279775088235714
P08709_site7,10,8,1.529163600411206
P08709_site8,3,3,1.4327986421747996
P08709_site83,11,10,0.9504715002935644
P08709_site86,2,2,0.9672897196261682
P08709_site89,4,4,1.555536479595081
P08709_site9,3,3,0.7593276765052172
P08709_site90,6,5,1.8332047952828163
P08709_site91,12,11,1.9150420671205048
P09012_site1,1,1,1.620675164588878
P09012_site103,1,1,1.2528207988330686
P09012_site11,1,1,1.5313167896266486
P09012_site12,2,1,1.186063494028096
P09012_site13,1,1,0.8543724194401852
P09012_site14,2,1,0.849452829791858
P09012_site16,2,1,1.2302945612634195
P09012_site17,1,1,0.4915006580135732
P09012_site19,2,1,0.8513851811917006
P09012_site2,1,1,1.4337066824255071
P09012_site20,2,1,1.1461482270866257
P09012_site21,1,1,0.9997184945384237
P09012_site22,1,1,1.361556556332834
P09012_site23,1,1,0.6522138514184195
P09012_site25,1,1,1.6320918131197666
P09012_site256,1,1,0.4144119179312103
P09012_site26,1,1,1.3202017885806008
P09012_site28,1,1,3.3532032350564567
P09012_site283,1,1,0.2393173804119905
P09012_site286,1,1,0.6552486542942074
P09012_site295,1,1,0.8784233771403672
P09012_site296,1,1,0.7856934168042171
P09012_site297,1,1,1.3557784932294583
P09012_site31,1,1,1.2346652991992426
P09012_site35,1,1,1.36349922247537
P09012_site39,1,1,1.2218740530563896
P09012_site40,1,1,1.2764718212852606
P09012_site41,4,2,1.4467254335445268
P09012_site42,1,1,1.1022002400429405
P09012_site43,1,1,1.3750871536449594
P09012_site45,2,2,0.9870099976370704
P09012_site48,1,1,0.3894882371606001
P09012_site50,1,1,0.6555621966193929
P09012_site51,1,1,0.7697614534230259
P09012_site52,1,1,0.8498234883542659
P09012_site53,1,1,1.142844600459162
P09012_site57,1,1,1.134240439337925
P09012_site58,1,1,1.024351245216989
P09012_site6,3,1,1.7516168219911268
P09012_site60,1,1,0.8678931050482269
P09012_site62,2,2,2.40435152020992
P09012_site68,1,1,0.8045791390019276
P09012_site78,2,1,1.6939875195573249
P09012_site79,3,2,1.339894019682059
P09012_site8,7,4,2.5950996008805687
P09012_site82,1,1,1.2466498445455774
P09012_site9,2,1,1.487709002325324
P09012_site96,1,1,1.0309773710744914
P09012_site97,2,1,2.1270394611204666
P09012_site98,1,1,1.2503132470989788
P09211_site12,22,9,1.6647805150538693
P09211_site121,8,3,0.9211609594056848
P09211_site13,24,9,2.286181290542848
P09211_site14,31,12,1.7144797778571068
P09211_site143,5,2,1.1204763229925112
P09211_site147,3,3,0.3565577729700098
P09211_site15,17,7,3.055258951631425
P09211_site16,21,7,1.5355837492314357
P09211_site17,23,9,1.8329735861937413
P09211_site18,21,8,1.543427353853294
P09211_site19,22,10,1.6127762062975686
P09211_site20,26,10,2.078584422423285
P09211_site21,20,9,1.3683754923229217
P09211_site22,23,9,3.3757625762134524
P09211_site27,21,6,3.210191302547825
P09211_site29,11,6,3.1980074151626625
P09211_site3,29,10,1.4588695318528866
P09211_site32,7,4,0.9793890132116884
P09211_site33,9,5,1.3517332663148194
P09211_site37,13,6,1.2629905106074328
P09211_site4,27,11,2.11561364759879
P09211_site40,10,7,1.2957145512614698
P09211_site46,6,5,1.3950672877118426
P09211_site5,18,8,1.5746854486103383
P09211_site6,23,9,1.0192694177024877
P09211_site7,4,4,1.356627418794785
P09211_site78,3,2,1.4712668244698188
P09211_site8,29,12,4.813516693222663
P09211_site88,7,4,1.9509721191561544
P09211_site9,31,12,2.67984875258179
P09382_site1,14,11,1.486435866093608
P09382_site10,8,8,3.0759841428588643
P09382_site101,2,2,1.2691498738905422
P09382_site107,1,1,1.07993697863869
P09382_site11,4,3,1.4887608648016946
P09382_site116,2,2,1.4271405894985838
P09382_site117,1,1,1.4754898223679194
P09382_site118,1,1,1.0921339780753945
P09382_site124,5,5,1.7702323377472868
P09382_site125,7,5,1.7164848271476765
P09382_site13,6,6,2.08233405012536
P09382_site14,1,1,3.863189754141134
P09382_site15,1,1,2.2540747430439083
P09382_site16,1,1,1.0345724837285255
P09382_site17,1,1,1.1734897270775837
P09382_site18,1,1,1.2716859216540293
P09382_site19,1,1,0.9448782534641962
P09382_site2,14,11,4.824330520341524
P09382_site21,1,1,1.1564251359263906
P09382_site23,1,1,0.5146683458712445
P09382_site24,1,1,0.7822066859590403
P09382_site25,1,1,1.1620750978549144
P09382_site26,1,1,1.2511063880684905
P09382_site3,14,11,4.101314405431485
P09382_site4,7,7,3.155952944048582
P09382_site47,12,9,3.400922727975669
P09382_site49,1,1,0.8904033057851239
P09382_site5,14,11,2.999732128985251
P09382_site50,1,1,1.5105590856071542
P09382_site52,3,2,4.169304930516339
P09382_site53,1,1,1.2332661732043977
P09382_site55,2,2,1.2471204778168303
P09382_site56,3,3,3.31800405561993
P09382_site57,8,7,1.918073834315552
P09382_site58,5,4,1.959137939793516
P09382_site59,1,1,2.1253098510981294
P09382_site6,10,8,2.827200534395092
P09382_site61,12,9,2.2551004883689085
P09382_site62,11,8,1.8891376193783211
P09382_site7,11,9,2.5290764140348405
P09382_site72,1,1,0.6597258153579922
P09382_site8,1,1,2.860971291699934
P09382_site80,1,1,1.392474233464702
P09382_site88,1,1,2.1248929704682435
P09382_site9,2,2,1.4206657874216622
P09382_site92,9,7,5.006740466994235
P09382_site93,7,5,1.0476362623294442
P09382_site94,5,4,1.3706863909622335
P09455_site1,13,9,1.24858924113307
P09455_site10,4,4,1.2181513380371611
P09455_site13,8,5,4.221634757224266
P09455_site18,3,2,2.879681492187287
P09455_site20,1,1,0.8416128563294283
P09455_site21,4,3,0.9582957369679124
P09455_site3,6,5,2.3499079859138927
P09455_site4,10,7,3.982847090888864
P09455_site5,2,1,1.3281875229390647
P09455_site9,6,4,1.5172162555099635
P09467_site414,3,3,1.185725508623285
P09467_site415,3,3,0.7856957117408028
P09467_site425,3,3,0.5174303199416558
P09467_site433,3,3,0.8843108263512404
P09467_site438,3,3,1.0207909604519774
P09467_site441,3,3,2.937013665098418
P09467_site444,3,3,1.1459533607681756
P09467_site450,3,3,0.7144549917314479
P09467_site454,3,3,0.5404875061321035
P09467_site457,3,3,4.301493979443657
P09467_site461,3,3,1.6851490852576083
P09467_site464,3,3,0.5187968118190618
P09467_site465,3,3,2.089248845035077
P09467_site467,3,3,1.916829855330015
P09467_site469,3,3,1.112795408507765
P09467_site481,3,3,1.0138855683443957
P09467_site485,3,3,0.7519085797771379
P09467_site489,3,3,1.0830736398776084
P09467_site499,3,3,0.6087245260534817
P09467_site509,3,3,0.8133316482207016
P09467_site512,3,3,0.4988773569411552
P09467_site517,3,3,0.2858225641414332
P09467_site531,3,3,0.6029182188548581
P09467_site542,3,3,1.0223527471000904
P09467_site545,3,3,0.3447723351811035
P09467_site548,3,3,1.3281568178301673
P09467_site639,3,3,1.1957972485584087
P09467_site643,3,3,0.9515352128752426
P09467_site644,3,3,3.1421964137206557
P09467_site649,3,3,0.9544105709631812
P09467_site655,3,3,0.1242999024670804
P09467_site657,3,3,0.9078662279821852
P09467_site659,3,3,2.922097061380468
P09467_site660,3,3,0.9446604511875316
P09467_site662,3,3,1.771984593098337
P09467_site663,3,3,0.6876885305665514
P09467_site666,3,3,1.387606220939554
P09467_site671,3,3,1.2814576648053164
P09467_site674,3,3,0.7181950953678473
P09467_site677,3,3,1.0220678345661816
P09467_site682,3,3,0.4540186622203774
P09467_site684,3,3,0.7258029800069725
P09467_site691,3,3,0.897771086895992
P09467_site696,3,3,2.4886659158390496
P09467_site699,3,3,0.4691257682181128
P09601_site1,10,9,1.5788777602758046
P09601_site10,3,3,1.623748316296165
P09601_site13,4,4,1.1827558832183245
P09601_site15,9,8,1.246736177074819
P09601_site16,9,8,1.0999797372930205
P09601_site18,10,9,0.6618322124961933
P09601_site19,8,7,0.8180290516353579
P09601_site22,7,7,3.003860231213641
P09601_site24,5,5,4.957176121655197
P09601_site26,10,9,1.9944119709444148
P09601_site27,9,8,1.0647685835593728
P09601_site28,7,7,1.4254164686936683
P09601_site3,10,9,5.440163479489379
P09601_site31,10,9,3.5125066675478056
P09601_site36,9,8,1.84329705608696
P09601_site38,2,2,0.5747189025841489
P09601_site4,4,4,1.1136291484529537
P09601_site44,2,2,0.794306169315913
P09601_site50,1,1,1.963167165577209
P09601_site52,5,5,2.402767815182171
P09601_site57,10,9,1.4058762350494018
P09601_site58,7,6,1.6715647536035785
P09601_site6,9,8,1.5204764255739325
P09601_site63,11,10,1.6746268585395456
P09601_site64,4,4,0.6622387919421034
P09601_site68,8,7,2.144347912239585
P09601_site7,10,9,1.3944418625473802
P09601_site8,7,7,0.9988076719887296
P09651_site10,18,15,2.0957545218316964
P09651_site11,36,27,1.615634293838169
P09651_site12,35,26,2.617468914911096
P09651_site152,31,24,1.1949986155337118
P09651_site156,13,12,2.3698203779408384
P09651_site165,2,2,0.6798941346804142
P09651_site5,32,25,2.071028390372873
P09651_site6,33,25,2.0345418643556483
P09651_site7,10,10,2.553514333140451
P09651_site8,13,8,1.0468695963095176
P09651_site9,17,12,2.643609039754792
P09651_site93,2,2,0.655125963412766
P09874_site269,22,21,2.7970753424984376
P09874_site270,8,7,2.41566209112692
P09874_site271,13,11,1.2705613604399846
P09874_site273,20,19,2.9206469997733238
P09874_site274,7,7,1.2013909962807965
P09874_site275,30,28,3.017088647358171
P09874_site277,9,9,1.4414287439042954
P09874_site278,28,28,4.080479056664768
P09874_site279,16,16,2.712482173431998
P09874_site280,15,13,1.822753438465832
P09874_site281,14,13,1.6731136192626035
P09874_site282,8,7,1.8822773911171704
P09874_site285,7,7,0.9467630311521048
P09874_site286,23,22,8.215059251075381
P09874_site289,10,10,1.8362893290834783
P09874_site290,12,12,1.567883729174052
P09874_site292,17,15,2.692739868504141
P09874_site295,8,8,1.411673955915207
P09874_site296,4,4,0.7797224329510465
P09874_site297,6,6,0.9735471689238452
P09874_site298,15,14,2.5062486711238163
P09874_site300,13,11,2.7825424321049157
P09874_site303,17,15,1.6420501880427356
P09874_site304,23,21,3.2002822458566507
P09874_site305,5,5,1.9598906215473972
P09874_site306,18,16,2.0089561876215685
P09874_site307,14,12,2.777948474308246
P09874_site308,10,10,2.1327499016120077
P09874_site309,12,12,3.490544186173256
P09874_site310,16,15,2.438962977429344
P09874_site312,14,13,4.283727379486962
P09874_site313,8,8,0.8340004846570155
P09874_site314,17,15,3.677741561297705
P09874_site315,11,11,1.995147212455488
P09874_site316,27,25,2.289959968106006
P09874_site317,30,28,2.1654660063034665
P09874_site318,15,13,2.006756568196688
P09874_site323,16,16,2.177652857440642
P09874_site327,1,1,1.0749383438531956
P09874_site341,11,10,2.664833203378207
P09874_site346,12,12,2.2809294101591933
P09874_site348,15,14,5.094408021596606
P09874_site350,11,11,2.002681433257256
P09874_site356,5,5,1.0448354789597425
P09874_site358,9,9,1.1830210033953985
P09874_site360,4,4,1.244273887692683
P09874_site364,1,1,0.2946209582011442
P09874_site366,3,3,0.8598395074700633
P09874_site368,1,1,0.2217306839373669
P09874_site376,3,3,1.1640728988400837
P09874_site380,8,8,1.2756126730355686
P09874_site386,16,15,2.130660411190664
P09874_site388,8,7,1.5898202184841546
P09874_site389,15,14,2.52207392645812
P09874_site391,8,8,1.52638690882043
P09874_site394,6,6,2.158351391151139
P09874_site397,1,1,0.73549810929023
P09874_site398,6,6,3.798267647908496
P09874_site403,8,8,1.461175312984131
P09874_site407,1,1,0.6114783714065671
P09874_site408,12,11,0.9717962480833252
P09874_site414,1,1,0.7440927943693019
P09874_site417,7,7,0.6077916077583418
P09874_site418,8,8,3.9059210436909697
P09874_site419,2,2,0.6483516205052835
P09874_site425,11,11,2.314117584947957
P09874_site429,4,4,1.5383966333177856
P09874_site559,12,12,1.5437929710676022
P09874_site598,6,6,1.1488128963865991
P09874_site621,9,9,1.9853246104395967
P09874_site655,7,7,1.0818563698254544
P09874_site754,3,3,1.6909198708799051
P09874_site755,1,1,1.081277666550337
P09874_site756,2,2,0.3767882967091108
P09874_site758,2,2,7.635567887638199
P09874_site759,1,1,1.5042021728308297
P09874_site760,8,8,1.746434231378764
P09874_site761,1,1,0.5188108251210027
P09874_site762,1,1,0.7827702759319327
P09958_site105,14,11,1.2501676613156532
P09958_site112,1,1,1.4802529805803586
P09958_site115,5,5,2.6704639630155578
P09958_site117,1,1,1.3050895663644342
P09958_site121,7,7,1.875282599353525
P09958_site124,23,16,1.7565658764119652
P09958_site147,19,13,1.6680257953245974
P09958_site15,14,10,4.810640697575707
P09958_site173,9,6,0.9837856774403548
P09958_site174,2,2,0.9609974106164724
P09958_site175,17,14,2.3930909274295225
P09958_site176,23,16,3.6175948766603416
P09958_site177,23,16,1.0909710116484457
P09958_site178,18,13,2.502273771244832
P09958_site18,16,12,1.9648852388938212
P09958_site183,1,1,0.7921893528053423
P09958_site198,3,3,1.3384016353548136
P09958_site2,22,15,1.851041070100256
P09958_site201,1,1,0.6267189361620353
P09958_site216,20,14,1.7063551341914376
P09958_site218,7,7,1.305809589840096
P09958_site219,4,4,1.253081725869944
P09958_site225,17,12,4.930606026291679
P09958_site226,7,6,1.0144898369893338
P09958_site227,17,13,2.712431535269709
P09958_site229,5,5,1.3076799679165831
P09958_site231,2,2,0.9842186216051072
P09958_site233,1,1,1.5434118343021692
P09958_site234,5,5,1.126057859881492
P09958_site235,3,3,1.0168711414021034
P09958_site237,18,13,1.5665567906862572
P09958_site241,3,3,1.1223062803424082
P09958_site242,1,1,1.9364656672988487
P09958_site27,2,2,1.0227570482185375
P09958_site31,2,2,2.68181343014084
P09958_site33,3,3,1.1557156329178644
P09958_site36,23,16,2.3508523000161925
P09958_site37,23,16,2.7952438181467207
P09958_site4,8,7,1.9238022185508616
P09958_site41,22,15,2.209991350562213
P09958_site46,5,5,3.3717447501508366
P09958_site54,19,14,3.2518339440184336
P09958_site70,22,15,2.117077996110254
P09958_site76,7,7,1.843855260726823
P09958_site81,1,1,0.9425508090412028
P09958_site84,11,9,1.5942208256182917
P09958_site90,17,12,3.340705454348981
P09958_site95,6,6,1.665212689822336
P09958_site96,1,1,0.8478861385070247
P09958_site97,19,13,2.9912869590058566
P09960_site1,22,20,0.9899490785162298
P09960_site10,37,32,2.571513110467931
P09960_site11,50,38,3.6778030081611535
P09960_site12,44,33,1.639927692345789
P09960_site120,5,5,0.2544515867304803
P09960_site13,47,35,1.2901788619514123
P09960_site14,50,38,1.7384546318104337
P09960_site15,41,31,4.139905575141283
P09960_site16,50,38,1.941369550811611
P09960_site19,22,19,1.9773812849637848
P09960_site2,50,38,2.187125989201009
P09960_site203,2,2,0.916025408922652
P09960_site21,2,2,0.5539092820872301
P09960_site25,43,34,1.8982199935485764
P09960_site26,21,18,1.514043041547552
P09960_site29,28,24,2.295037384988541
P09960_site3,39,31,3.049071560272361
P09960_site33,39,34,1.3979536940772646
P09960_site35,34,28,1.771453687397056
P09960_site36,30,23,1.828790502552076
P09960_site37,7,7,0.8084651289697041
P09960_site38,36,28,0.8702035302633288
P09960_site39,41,35,1.8578913132940096
P09960_site41,44,35,3.994884091913614
P09960_site42,39,30,1.3061940007791195
P09960_site44,11,8,1.1122112525729968
P09960_site46,26,22,1.6809982496627534
P09960_site47,32,29,1.6990552830787071
P09960_site5,46,34,3.8965606808898254
P09960_site53,31,25,1.6982183374875657
P09960_site57,9,7,2.694095196616657
P09960_site6,25,22,2.520567956562958
P09960_site63,2,2,0.6575217822129702
P09960_site67,13,13,1.2882129089651082
P09960_site7,42,31,0.997710255128574
P09960_site72,4,4,0.3519492855180634
P09960_site84,2,2,0.3039444627260364
P09960_site9,50,38,3.326144757176408
P0AEX9_site1,1,1,4.1367537156772185
P0AEX9_site1097,1,1,0.5313082473656042
P0AEX9_site11,2,2,1.665661848211657
P0AEX9_site1112,1,1,1.1038606605133237
P0AEX9_site1113,1,1,2.105415229089463
P0AEX9_site1114,1,1,0.6200572366996167
P0AEX9_site1118,1,1,2.1915282226776225
P0AEX9_site1122,1,1,1.854533723529276
P0AEX9_site1130,1,1,0.7409868698414906
P0AEX9_site1138,1,1,0.6298941513204083
P0AEX9_site1169,1,1,0.9261873328317948
P0AEX9_site13,1,1,1.6535756356986893
P0AEX9_site14,1,1,7.438021091257438
P0AEX9_site1592,1,1,1.823004249007063
P0AEX9_site16,1,1,2.5651192740196795
P0AEX9_site1630,4,4,0.9623765763846523
P0AEX9_site1664,1,1,2.35095232294999
P0AEX9_site17,1,1,4.163446006936197
P0AEX9_site174,1,1,0.9147039172823568
P0AEX9_site18,1,1,1.2349038390350302
P0AEX9_site184,1,1,0.8554871056950785
P0AEX9_site19,1,1,1.995755700397217
P0AEX9_site2,2,2,2.028250907725053
P0AEX9_site20,1,1,1.0202987221683533
P0AEX9_site22,2,2,1.2001998261055264
P0AEX9_site2473,1,1,0.6447825280288372
P0AEX9_site2474,1,1,0.5027194138626144
P0AEX9_site2475,1,1,1.8640900956975024
P0AEX9_site2478,1,1,10.441612870517456
P0AEX9_site2482,1,1,1.1177939867929627
P0AEX9_site2483,1,1,0.5873564172825154
P0AEX9_site2488,1,1,0.3194955531898842
P0AEX9_site2495,1,1,1.330065011857312
P0AEX9_site2497,1,1,0.9180749898304892
P0AEX9_site25,1,1,2.7039791370024147
P0AEX9_site2504,1,1,1.4016352286364429
P0AEX9_site2507,1,1,0.8238306673341923
P0AEX9_site2531,1,1,1.185158393648606
P0AEX9_site257,1,1,1.1049954263979098
P0AEX9_site258,1,1,1.029914650178298
P0AEX9_site260,1,1,1.3514119435529688
P0AEX9_site263,1,1,1.5587571764193364
P0AEX9_site296,1,1,1.0280916066468957
P0AEX9_site3,1,1,1.7395393849248917
P0AEX9_site341,1,1,1.4754472197934636
P0AEX9_site342,1,1,1.5358123109735844
P0AEX9_site350,1,1,4.319395066084077
P0AEX9_site351,1,1,0.898226387254781
P0AEX9_site4,1,1,1.451809118298374
P0AEX9_site457,1,1,1.0516692709325812
P0AEX9_site508,2,1,7.289981243585661
P0AEX9_site509,2,1,2.136360452491857
P0AEX9_site510,1,1,1.0146821311737928
P0AEX9_site515,2,1,2.3280223951963928
P0AEX9_site517,1,1,0.5406851623665251
P0AEX9_site518,1,1,2.420851283764898
P0AEX9_site519,1,1,1.0654434990466977
P0AEX9_site523,1,1,3.235432997963089
P0AEX9_site524,1,1,2.3005567348900557
P0AEX9_site527,2,1,2.063579272592941
P0AEX9_site530,1,1,1.7270398336950872
P0AEX9_site531,2,1,4.829267120159604
P0AEX9_site532,2,1,2.3849908511200524
P0AEX9_site534,1,1,1.0673943350674964
P0AEX9_site538,1,1,1.6411312319544422
P0AEX9_site539,1,1,1.064555999239399
P0AEX9_site542,1,1,2.401653107016928
P0AEX9_site543,1,1,1.5596459092107795
P0AEX9_site544,1,1,1.2466605477521184
P0AEX9_site552,2,1,1.3057083976285226
P0AEX9_site557,1,1,1.2063215734931978
P0AEX9_site570,1,1,1.063267004726234
P0AEX9_site634,1,1,0.9904432767923264
P0AEX9_site665,1,1,0.5636870828794657
P0AEX9_site691,1,1,2.513012235385512
P0AEX9_site693,1,1,2.0454499287954
P0AEX9_site695,1,1,2.2386966678519507
P0AEX9_site707,1,1,1.4458643257024204
P0AEX9_site710,1,1,1.05312920140871
P0AEX9_site721,1,1,0.9884398021519312
P0AEX9_site723,2,2,0.9100762780947944
P0AEX9_site725,3,3,0.9920151474168244
P0AEX9_site726,5,5,1.5889932770212032
P0AEX9_site727,2,2,1.0144334532374102
P0AEX9_site728,3,3,1.0682226011747529
P0AEX9_site729,1,1,1.0757710105884928
P0AEX9_site730,6,6,1.6451805350290838
P0AEX9_site734,4,4,0.9888897447208782
P0AEX9_site735,1,1,0.7336811190264445
P0AEX9_site736,1,1,0.7581434407339357
P0AEX9_site737,4,4,2.480796362078956
P0AEX9_site738,3,3,1.2649695349595105
P0AEX9_site739,5,5,1.3951563877737676
P0AEX9_site741,6,6,1.309015293627221
P0AEX9_site742,1,1,1.2218294752588397
P0AEX9_site743,1,1,1.415409283193949
P0AEX9_site744,1,1,0.6364136156275587
P0AEX9_site745,6,6,3.775215281412056
P0AEX9_site748,4,4,0.9954356957806272
P0AEX9_site750,6,6,1.4073131529600855
P0AEX9_site751,4,4,2.210440856891976
P0AEX9_site752,1,1,0.8501106805407309
P0AEX9_site753,2,2,1.314490685460776
P0AEX9_site757,6,6,1.766777009523356
P0AEX9_site759,5,5,1.848152040806487
P0AEX9_site760,1,1,0.4621424207931017
P0AEX9_site761,1,1,0.4495737010162069
P0AEX9_site765,6,6,1.3536259503732109
P0AEX9_site766,5,5,4.3270876074905065
P0AEX9_site774,3,3,0.7509627265524138
P0AEX9_site806,1,1,0.9537446089170228
P0AEX9_site822,1,1,1.3604140182023727
P0AEX9_site884,2,2,0.6203417187055623
P0AEX9_site901,1,1,1.081713084603258
P0C024_site1,38,20,0.8822736296304627
P0C024_site11,29,18,2.084760300839967
P0C024_site12,37,19,2.096628356972635
P0C024_site16,12,8,1.087483866341603
P0C024_site2,29,19,1.012776194802866
P0C024_site20,3,3,0.2531781983930489
P0C024_site23,4,4,0.8732254583613828
P0C024_site3,38,20,2.467438146697876
P0C024_site8,38,20,1.7501327054211866
P0CG47_site1039,2,1,1.7383241615616238
P0CG47_site1086,1,1,1.379816850793538
P0CG47_site1094,2,2,1.6796415715953916
P0CG47_site1196,6,3,4.348416372891029
P0CG47_site124,1,1,1.0125690366839135
P0CG47_site134,9,2,9.182577986204516
P0CG47_site135,1,1,0.4539911611372317
P0CG47_site1384,1,1,0.7622632055222753
P0CG47_site1491,2,1,1.032230143645472
P0CG47_site151,3,2,2.48838430477846
P0CG47_site155,1,1,0.3162892489575418
P0CG47_site1655,1,1,0.6070014033148573
P0CG47_site1658,1,1,1.0840375359440573
P0CG47_site1660,1,1,1.1815156390660613
P0CG47_site1674,1,1,0.949960039254354
P0CG47_site1698,1,1,0.8202015315898253
P0CG47_site1723,1,1,1.8596720863661456
P0CG47_site1745,1,1,1.5597383714346542
P0CG47_site1807,3,1,0.7508533183896481
P0CG47_site181,5,2,4.447619047619048
P0CG47_site184,2,1,2.576328958652208
P0CG47_site186,2,2,2.980266031179386
P0CG47_site1891,1,1,1.604061628128389
P0CG47_site2043,1,1,1.0563331558055604
P0CG47_site2044,1,1,0.9949259240414992
P0CG47_site2045,1,1,0.8087397222651356
P0CG47_site2046,1,1,1.0104868260761106
P0CG47_site2139,1,1,0.8185688614704573
P0CG47_site267,1,1,0.4718398328506632
P0CG47_site269,1,1,2.921429424954487
P0CG47_site274,1,1,0.9313595981208428
P0CG47_site321,5,5,9.597096127891088
P0CG47_site322,2,1,2.9493657378383067
P0CG47_site391,1,1,0.974307360987156
P0CG47_site400,2,1,2.558232624156928
P0CG47_site402,5,3,2.800451518635624
P0CG47_site41,2,1,1.3860200521733663
P0CG47_site410,2,2,5.142734680420141
P0CG47_site419,1,1,0.9706872573855468
P0CG47_site421,1,1,0.8440737093157089
P0CG47_site448,2,1,1.5448156191681857
P0CG47_site449,1,1,0.4783001888285993
P0CG47_site450,1,1,1.0808401978958224
P0CG47_site451,1,1,0.9408272799012566
P0CG47_site452,1,1,0.7570545718441957
P0CG47_site454,1,1,0.9632144858746116
P0CG47_site455,1,1,1.1670065359477124
P0CG47_site457,1,1,0.6446137148109398
P0CG47_site458,1,1,1.4854059069301755
P0CG47_site459,1,1,1.31737997152741
P0CG47_site461,2,2,0.9435763811027296
P0CG47_site462,1,1,0.84154676930351
P0CG47_site463,1,1,0.6075622741457998
P0CG47_site468,1,1,0.7815728321189477
P0CG47_site47,6,3,3.439274610544372
P0CG47_site470,1,1,1.039844811387708
P0CG47_site471,1,1,1.345521272786712
P0CG47_site472,1,1,0.9124866759856348
P0CG47_site473,1,1,2.127057211895204
P0CG47_site474,1,1,13.484757995589367
P0CG47_site48,1,1,1.7866501222583118
P0CG47_site49,6,2,4.34735838595827
P0CG47_site51,9,2,3.869259024479198
P0CG47_site546,1,1,2.890557431800905
P0CG47_site56,8,3,3.0757298743288235
P0CG47_site609,1,1,0.97068186325161
P0CG47_site624,5,2,2.350681888974661
P0CG47_site654,1,1,0.7660664304619522
P0CG47_site656,1,1,1.230567912624016
P0CG47_site659,1,1,0.9737532337523008
P0CG47_site662,1,1,1.5358080142056951
P0CG47_site663,1,1,1.0308821694464083
P0CG47_site664,1,1,0.979945772677582
P0CG47_site742,1,1,0.7078856936758828
P0CG47_site751,1,1,0.7986726933879772
P0CG47_site811,1,1,0.7556936905623164
P0CG47_site837,4,2,1.4312505955740602
P0CG48_site1078,1,1,0.995082006928798
P0CG48_site1250,1,1,1.7137605420601167
P0CG48_site1282,1,1,3.0263428632380114
P0CG48_site1308,1,1,0.5441015607476958
P0CG48_site1311,1,1,1.0145867607439516
P0CG48_site1315,1,1,2.227152373992523
P0CG48_site136,5,2,1.960679945054945
P0CG48_site137,3,1,3.527137143863724
P0CG48_site1377,1,1,2.00859535112672
P0CG48_site138,6,3,2.942030965025751
P0CG48_site1427,1,1,4.945108840362696
P0CG48_site1428,1,1,1.1800528439115858
P0CG48_site1430,1,1,0.3849484578286316
P0CG48_site1432,1,1,1.155011450304328
P0CG48_site1441,1,1,3.640189268096245
P0CG48_site1445,1,1,1.880497619089456
P0CG48_site1448,1,1,2.7249638480482883
P0CG48_site1450,1,1,0.8256734991064141
P0CG48_site1451,1,1,2.0229990330408127
P0CG48_site1453,1,1,2.077458913633152
P0CG48_site1459,1,1,0.9053345763662376
P0CG48_site1461,1,1,1.869382126462313
P0CG48_site1475,1,1,0.9098278492046198
P0CG48_site1478,1,1,1.1140382756620917
P0CG48_site1487,1,1,1.0536345023288114
P0CG48_site1498,1,1,2.299531678735739
P0CG48_site1673,1,1,1.03463135531843
P0CG48_site171,5,2,6.709674399946514
P0CG48_site1733,3,3,0.641936784028518
P0CG48_site175,1,1,1.4500661707444091
P0CG48_site1751,1,1,1.196482723161352
P0CG48_site176,2,1,1.4725713758873964
P0CG48_site1768,1,1,1.7753188401752575
P0CG48_site177,1,1,0.2971727260854225
P0CG48_site180,2,2,1.9820291753064865
P0CG48_site1803,1,1,1.2879380697135303
P0CG48_site183,1,1,3.425382584946828
P0CG48_site1856,1,1,1.2154356435121467
P0CG48_site1933,1,1,2.204808773613131
P0CG48_site1962,1,1,1.860121679933532
P0CG48_site1987,1,1,0.8888367039512415
P0CG48_site2043,1,1,0.4350221058815042
P0CG48_site205,1,1,1.0547101232743492
P0CG48_site2054,1,1,1.5311869093388382
P0CG48_site2059,1,1,0.8188310515478814
P0CG48_site2065,1,1,0.8609672776214823
P0CG48_site2071,1,1,1.082255528813037
P0CG48_site2075,1,1,1.569225835309607
P0CG48_site2076,1,1,0.3609539957816128
P0CG48_site2079,1,1,0.8172225144416921
P0CG48_site2080,1,1,2.2820306865519
P0CG48_site2081,1,1,1.0175996623664714
P0CG48_site2083,1,1,0.7704331769849524
P0CG48_site2085,1,1,1.0730630448911898
P0CG48_site2086,1,1,0.5517778072512101
P0CG48_site2089,1,1,3.27952703600372
P0CG48_site2092,1,1,0.8003199348771611
P0CG48_site2093,1,1,0.7120370578579298
P0CG48_site2094,1,1,1.6099714475754774
P0CG48_site2095,1,1,1.9572163194722847
P0CG48_site2097,1,1,2.345724153947258
P0CG48_site2098,1,1,0.816286047261276
P0CG48_site2101,1,1,0.4147407736961427
P0CG48_site2104,1,1,0.7123643387866104
P0CG48_site2111,1,1,1.2463885668220882
P0CG48_site2113,1,1,1.004345231637192
P0CG48_site2118,1,1,2.285984210116933
P0CG48_site2120,1,1,0.8550363909729441
P0CG48_site2124,1,1,1.1227941276709934
P0CG48_site2365,1,1,0.9721927346659708
P0CG48_site2374,1,1,0.9544383919260864
P0CG48_site2375,1,1,0.8473015862262854
P0CG48_site2379,1,1,0.241846482376168
P0CG48_site2383,1,1,1.007610367906036
P0CG48_site2393,1,1,1.7851086583533504
P0CG48_site247,2,1,2.6300266809330783
P0CG48_site2491,1,1,0.8577675246728631
P0CG48_site2492,1,1,0.5579640551216904
P0CG48_site2494,1,1,2.554082690084895
P0CG48_site2497,1,1,1.4302774681987624
P0CG48_site2498,1,1,0.9604989901220758
P0CG48_site2516,1,1,1.2180562913341422
P0CG48_site2556,1,1,3.846567157129024
P0CG48_site2826,1,1,0.9389067958489477
P0CG48_site291,1,1,0.743229369701262
P0CG48_site292,1,1,1.1343625994164632
P0CG48_site306,1,1,0.5995852083595898
P0CG48_site313,1,1,3.964708963530413
P0CG48_site350,3,2,3.179950452307703
P0CG48_site376,1,1,1.9150817824741344
P0CG48_site389,1,1,0.946460906858253
P0CG48_site406,1,1,1.401723127574962
P0CG48_site416,1,1,0.6596730147030614
P0CG48_site442,1,1,1.1867277344139433
P0CG48_site455,2,2,3.6798440907674737
P0CG48_site466,4,3,0.961936449953667
P0CG48_site477,3,2,0.9245094992297922
P0CG48_site478,1,1,2.189355151376932
P0CG48_site507,1,1,0.3436107636016026
P0CG48_site530,1,1,1.9354948886788408
P0CG48_site535,1,1,2.714873832807366
P0CG48_site537,1,1,1.889077139698916
P0CG48_site538,1,1,1.0530325635057989
P0CG48_site544,1,1,0.3669775711516159
P0CG48_site554,1,1,1.0701293710772384
P0CG48_site565,1,1,0.6904352045088995
P0CG48_site574,1,1,0.5873274739227039
P0CG48_site598,1,1,1.3094095138107047
P0CG48_site599,1,1,2.974157424356627
P0CG48_site605,1,1,1.2296297558012117
P0CG48_site864,1,1,1.2143795220135467
P0CG48_site866,1,1,0.9226539057881292
P0CG48_site869,1,1,1.0032803180914514
P0CG48_site870,1,1,0.9729583708526702
P0CG48_site873,1,1,1.0687581885213435
P0CG48_site874,1,1,1.4609980056799363
P0CG48_site877,1,1,1.135006278679482
P0CG48_site884,1,1,1.1092176369442397
P0CG48_site893,1,1,0.8662306912854619
P0CG48_site894,1,1,1.0380532641249385
P0CG48_site921,3,2,1.5097738420177726
P0DMV8_site1,6,4,2.0104659943677925
P0DMV8_site10,2,2,1.3028893563315105
P0DMV8_site100,4,3,1.203766524012004
P0DMV8_site11,6,4,1.5377068305807318
P0DMV8_site12,8,6,6.035679986978106
P0DMV8_site13,8,5,1.7465746705470715
P0DMV8_site14,4,3,1.3067980618059722
P0DMV8_site15,11,7,4.14717031708532
P0DMV8_site16,6,3,2.0728798015931007
P0DMV8_site160,1,1,0.8651743035311327
P0DMV8_site17,12,9,3.4432193667607804
P0DMV8_site18,2,2,1.1297642103130223
P0DMV8_site2,11,7,1.2923337462562523
P0DMV8_site20,15,9,2.6598197317695607
P0DMV8_site21,6,3,1.7402142216240466
P0DMV8_site22,16,8,2.625223640566891
P0DMV8_site226,3,3,2.2062386583721327
P0DMV8_site228,3,3,1.4004270253782805
P0DMV8_site229,8,5,1.2356842142455284
P0DMV8_site233,8,6,2.6247146572389632
P0DMV8_site24,3,2,1.0132129606920257
P0DMV8_site26,6,5,1.2492251830694905
P0DMV8_site29,8,6,1.8381198235990104
P0DMV8_site3,15,8,2.539198891053891
P0DMV8_site30,9,5,1.7623194332983516
P0DMV8_site4,14,6,1.1812362429952254
P0DMV8_site44,5,3,0.9003886178375089
P0DMV8_site46,5,4,1.500971039258691
P0DMV8_site5,14,8,4.520176212707812
P0DMV8_site54,9,4,0.8759410184333477
P0DMV8_site55,4,3,0.8521534250372474
P0DMV8_site6,10,5,1.3411238687434588
P0DMV8_site7,16,9,1.486778529675075
P0DMV8_site8,17,9,3.249103870007586
P0DMV8_site9,17,9,3.6712888003809687
P0DMV8_site97,7,4,1.1446931889071628
P0DMV8_site98,5,3,1.9246986820861336
P0DMV8_site99,5,3,2.026573509619191
P0DOX5_site100,2,1,1.3152043791165715
P0DOX5_site103,2,1,2.038658058989108
P0DOX5_site106,4,2,2.473756739286399
P0DOX5_site112,3,1,1.6904187505219304
P0DOX5_site115,5,2,1.6595019955062635
P0DOX5_site116,4,2,2.039433561264092
P0DOX5_site120,3,2,0.9042050267980636
P0DOX5_site124,2,1,1.486377019643459
P0DOX5_site129,3,2,1.527777351051028
P0DOX5_site130,5,2,1.6347153777209091
P0DOX5_site132,4,2,2.631682248674469
P0DOX5_site137,3,2,1.6261995208534632
P0DOX5_site139,1,1,0.3884552098878812
P0DOX5_site140,2,2,1.0376714228481616
P0DOX5_site141,1,1,0.6957193391865965
P0DOX5_site142,1,1,0.9423110033018705
P0DOX5_site143,1,1,1.0632075311822125
P0DOX5_site144,1,1,0.6874029872381032
P0DOX5_site145,3,2,1.556496948741141
P0DOX5_site147,1,1,0.6911970320214658
P0DOX5_site149,1,1,0.943222212036952
P0DOX5_site150,1,1,1.4127625952779326
P0DOX5_site151,1,1,0.6658954982229313
P0DOX5_site152,1,1,1.244179782478925
P0DOX5_site154,1,1,1.1274195827250035
P0DOX5_site155,2,2,1.5984418860480998
P0DOX5_site156,2,2,1.755599034761625
P0DOX5_site157,1,1,2.5332271219900773
P0DOX5_site158,1,1,1.9744512899499425
P0DOX5_site159,1,1,0.8514261469924594
P0DOX5_site161,1,1,0.8554892392209577
P0DOX5_site167,1,1,1.111784843657869
P0DOX5_site168,1,1,1.2981177364017304
P0DOX5_site171,1,1,0.905738867353692
P0DOX5_site173,2,2,2.32227933972685
P0DOX5_site174,1,1,1.3421067321647873
P0DOX5_site178,1,1,1.2494914354786402
P0DOX5_site179,1,1,2.6541044162292318
P0DOX5_site185,1,1,0.95446719493754
P0DOX5_site235,1,1,1.7537847444239667
P0DOX5_site238,1,1,1.8975248346540623
P0DOX5_site326,1,1,0.8418122387220051
P0DOX5_site449,1,1,1.6506219159375195
P0DOX5_site451,2,2,1.1285526903097367
P0DOX5_site452,1,1,0.53217039916096
P0DOX5_site542,1,1,1.4461933594570429
P0DOX5_site566,1,1,0.6991996703249035
P0DOX5_site568,1,1,0.937023518583172
P0DOX5_site573,1,1,0.7220588501912721
P0DOX5_site575,1,1,0.4006404470854964
P0DOX5_site578,1,1,0.4228938266050144
P0DOX5_site579,1,1,1.5345239033986444
P0DOX5_site581,1,1,1.1805081822711074
P0DOX5_site585,1,1,1.7449897982316938
P0DOX5_site586,1,1,0.6652021510526659
P0DOX5_site587,1,1,0.5780024544964858
P0DOX5_site71,2,1,2.029314667886017
P0DOX5_site72,4,2,4.344335189896628
P0DOX5_site75,3,2,1.7573469003203317
P0DOX5_site77,2,1,1.3879318335297466
P0DOX5_site80,3,2,3.30767890311568
P0DOX5_site81,3,1,1.080625416509721
P0DOX5_site83,3,2,2.5382210971013666
P0DOX5_site84,4,2,1.1666673792310291
P0DOX5_site86,4,2,2.64993281940806
P0DOX5_site92,2,1,1.0373914041869188
P0DOX5_site95,4,2,1.93292425813026
P0DOX5_site97,4,2,2.5611586287829207
P0DOX5_site98,2,1,2.623250566078563
P0DP23_site100,1,1,1.2964901643975637
P0DP23_site101,1,1,1.6624701405732276
P0DP23_site104,1,1,1.0916405685377015
P0DP23_site105,1,1,0.8562840598134898
P0DP23_site1066,1,1,0.8322062265500821
P0DP23_site107,1,1,1.3148399035125402
P0DP23_site109,1,1,1.068448587865004
P0DP23_site110,1,1,1.808610351050824
P0DP23_site113,1,1,0.7968168828313914
P0DP23_site114,1,1,1.7343984228075118
P0DP23_site115,1,1,1.6411816245556798
P0DP23_site116,1,1,1.869966798458
P0DP23_site117,1,1,2.521402784940691
P0DP23_site118,1,1,2.463316623915715
P0DP23_site120,1,1,0.4152482520561759
P0DP23_site1281,2,2,1.2072837210227445
P0DP23_site1282,3,2,1.102035260794586
P0DP23_site1285,3,2,1.0707806110950129
P0DP23_site13,7,5,2.658118491965543
P0DP23_site1365,1,1,4.155947194816453
P0DP23_site1370,1,1,2.3095450379004734
P0DP23_site140,1,1,2.70315809913854
P0DP23_site1421,1,1,1.4620370483286786
P0DP23_site15,4,3,2.223898167478543
P0DP23_site163,1,1,1.8120002254773275
P0DP23_site167,2,1,1.8169037038397269
P0DP23_site170,1,1,1.414574221669664
P0DP23_site183,1,1,1.0578026110927634
P0DP23_site198,1,1,0.964270951467424
P0DP23_site199,1,1,0.4620395231600228
P0DP23_site20,2,2,1.6353997763488954
P0DP23_site200,1,1,0.4340707396530419
P0DP23_site201,1,1,1.1335607238507688
P0DP23_site256,1,1,1.4019881488938204
P0DP23_site263,1,1,0.4386623989218329
P0DP23_site269,1,1,1.86325149679385
P0DP23_site270,1,1,0.6549136950707402
P0DP23_site272,1,1,1.4978418014457329
P0DP23_site277,1,1,0.968127607289743
P0DP23_site28,1,1,0.6244181367946902
P0DP23_site286,1,1,1.991582217045234
P0DP23_site289,1,1,0.8394176416019862
P0DP23_site3,2,2,2.4037413946226645
P0DP23_site326,1,1,1.5152864321608042
P0DP23_site328,1,1,5.227418139732937
P0DP23_site331,1,1,0.8670307393157088
P0DP23_site333,1,1,0.6999797024529961
P0DP23_site349,1,1,6.148777311001449
P0DP23_site35,2,2,4.092122412804337
P0DP23_site354,1,1,1.244773012934005
P0DP23_site38,3,2,3.082031983992768
P0DP23_site394,1,1,0.8149619624782413
P0DP23_site396,1,1,1.0863456090651558
P0DP23_site4,3,3,4.044965705010734
P0DP23_site412,1,1,0.3862500660990958
P0DP23_site44,9,4,3.6419540348345874
P0DP23_site47,5,1,2.3063555263971525
P0DP23_site472,1,1,2.490591734672753
P0DP23_site473,1,1,2.9982973346970696
P0DP23_site492,1,1,1.4402113129532976
P0DP23_site495,1,1,0.4462128939679466
P0DP23_site50,2,1,0.4277051837744706
P0DP23_site502,1,1,0.8420402480489487
P0DP23_site503,1,1,0.3577412108591341
P0DP23_site504,1,1,1.0722441030080068
P0DP23_site505,1,1,0.924791630132318
P0DP23_site506,1,1,1.3342686336900973
P0DP23_site51,3,1,1.2318091871723993
P0DP23_site511,1,1,1.2097711228022845
P0DP23_site513,1,1,0.3647236685880671
P0DP23_site514,1,1,0.4023445396976304
P0DP23_site516,1,1,0.8088683110483625
P0DP23_site52,2,1,3.2218343624286647
P0DP23_site53,3,3,3.3834026070115115
P0DP23_site54,5,5,4.314792965896961
P0DP23_site55,1,1,1.7143597167555469
P0DP23_site56,5,3,1.5602496590141648
P0DP23_site57,5,4,4.384679174021922
P0DP23_site58,7,5,3.016265950302216
P0DP23_site59,3,3,2.4424160344200145
P0DP23_site60,1,1,1.685237288399061
P0DP23_site61,1,1,0.5929180362798606
P0DP23_site62,1,1,0.8237286279293509
P0DP23_site63,3,3,1.5130287443267776
P0DP23_site65,4,3,7.530615181941969
P0DP23_site66,2,2,2.5010343767732173
P0DP23_site660,2,2,0.7573523908084131
P0DP23_site68,4,3,4.166346454284974
P0DP23_site70,3,2,5.366513972138155
P0DP23_site72,1,1,2.6410195893320747
P0DP23_site743,3,3,1.1446211587780442
P0DP23_site759,1,1,2.616767337807606
P0DP23_site761,2,1,2.815119059124084
P0DP23_site768,4,4,2.625171439354192
P0DP23_site770,4,4,1.7677593302114374
P0DP23_site778,2,2,1.2531528120684046
P0DP23_site78,3,3,3.512704549411014
P0DP23_site782,1,1,1.1205616227341568
P0DP23_site8,2,2,4.961656867737605
P0DP23_site80,2,1,1.4891272794447523
P0DP23_site81,1,1,0.9771815477040744
P0DP23_site82,1,1,0.3924955544205543
P0DP23_site91,1,1,3.278727694707606
P0DP23_site92,1,1,1.0004620502710695
P0DP23_site93,2,2,0.7436355602198348
P0DP23_site94,1,1,1.422459589092006
P0DP23_site950,2,1,2.203095725626543
P0DP23_site951,1,1,0.9676327830392626
P0DP23_site953,2,1,1.3495419880311967
P0DP23_site96,1,1,1.572196194358772
P0DP23_site97,1,1,1.0425134996069811
P0DP23_site98,1,1,2.472510921928241
P0DP23_site99,1,1,1.1487698358183682
P0DP23_site994,1,1,1.0879585585136853
P10253_site1,15,10,2.1191699550853302
P10253_site10,14,10,2.020197950905978
P10253_site11,15,10,1.7919863045722155
P10253_site12,15,10,1.439112196425624
P10253_site13,5,3,1.1824124636877744
P10253_site14,11,7,1.4500236504868174
P10253_site15,12,9,1.0671078694229528
P10253_site16,15,10,1.4554686514444304
P10253_site17,14,10,1.5330042842194629
P10253_site18,11,7,2.444618536046593
P10253_site19,15,10,1.6013373085582798
P10253_site2,15,10,1.6139494876648937
P10253_site20,14,9,1.4695996151747972
P10253_site21,15,10,1.1997227156370884
P10253_site22,14,9,5.33564361193727
P10253_site23,15,10,1.0793528528394043
P10253_site24,12,7,1.1179247856504348
P10253_site26,15,10,1.3610002074043348
P10253_site28,9,7,1.1129766191486214
P10253_site29,3,1,0.9082723091611378
P10253_site3,12,8,1.4542128283191809
P10253_site30,6,4,1.2260446171749777
P10253_site31,15,10,1.880558733996848
P10253_site32,14,9,0.8557564003522287
P10253_site33,14,9,1.5705029201117762
P10253_site34,7,5,1.8451459147521825
P10253_site35,9,6,1.866905612195296
P10253_site36,5,2,1.80344406754493
P10253_site37,15,10,1.387350743663152
P10253_site38,15,10,1.589988867020941
P10253_site39,15,10,2.581178246022467
P10253_site4,15,10,1.112545897695619
P10253_site42,10,6,1.2087417989344675
P10253_site43,4,2,0.6303641317810256
P10253_site44,14,9,1.57002440122243
P10253_site45,13,8,2.2104917385473186
P10253_site46,7,4,1.6847228099873042
P10253_site47,14,10,1.7886622326148471
P10253_site48,10,6,0.5176859255294235
P10253_site49,5,5,0.9687774397092156
P10253_site5,15,10,2.957128451118803
P10253_site50,4,4,1.1882067556722844
P10253_site51,5,4,1.5583062108973171
P10253_site52,8,8,1.3338122957141283
P10253_site53,1,1,0.9364104495651636
P10253_site54,10,8,1.331550616770411
P10253_site55,5,5,1.2429571797900936
P10253_site56,11,8,1.208576037163688
P10253_site57,6,4,1.199518614945576
P10253_site58,1,1,0.8199226336655913
P10253_site59,2,2,1.5639795502537697
P10253_site6,15,10,0.92940993778559
P10253_site60,10,8,0.8502052269478447
P10253_site61,5,4,1.4904125876897467
P10253_site65,6,5,1.1297868506322402
P10253_site67,5,4,2.091144096427559
P10253_site68,9,8,2.727024773873948
P10253_site69,2,2,1.3450541114186796
P10253_site7,15,10,1.485703613331112
P10253_site71,8,7,1.902962751440649
P10253_site77,4,4,1.1395931765056946
P10253_site78,1,1,0.8853950903019282
P10253_site8,15,10,1.7953325272779157
P10253_site9,15,10,2.417396910855304
P10415_site104,3,3,3.155193332634873
P10415_site121,8,8,7.209829619921362
P10415_site143,3,3,2.2526656233698485
P10415_site145,4,4,1.1616604865892777
P10415_site147,5,5,3.042397409796659
P10415_site154,2,2,1.1134940412400418
P10415_site157,3,3,1.0859920576946065
P10415_site159,1,1,0.8969016452503903
P10415_site160,2,2,1.2134683267672004
P10415_site185,5,5,2.060811992081977
P10415_site192,3,3,1.926481733408022
P10415_site194,1,1,2.534222007622135
P10415_site215,3,3,0.9717464561678382
P10415_site262,2,2,1.2380874171097744
P10415_site263,2,2,1.1912592062193128
P10415_site264,2,2,2.1607933462031976
P10415_site265,1,1,0.5111388257158928
P10415_site267,5,5,1.254601105733664
P10415_site269,2,2,1.1029117403720408
P10415_site6,1,1,1.1286406080993918
P10415_site68,1,1,2.670700527331506
P10415_site7,1,1,0.878789970789125
P10599_site1,5,4,2.6693806566104703
P10599_site10,1,1,1.1167239239527311
P10599_site11,3,2,1.1650089751413084
P10599_site12,2,2,2.4196612824026675
P10599_site2,2,1,2.48488561290702
P10599_site24,2,2,0.5975490210863814
P10599_site25,1,1,1.465589709829341
P10599_site3,1,1,3.0397240476209486
P10599_site4,5,3,2.365754060324826
P10599_site5,1,1,4.049006580612503
P10599_site6,1,1,1.1325555093715869
P10599_site7,1,1,1.7497593898489754
P10599_site8,1,1,1.5305576059351191
P10599_site9,4,4,3.0787862169819946
P10721_site1,2,2,1.903242467110345
P10721_site10,1,1,1.2381637120659312
P10721_site11,1,1,1.5258599627887164
P10721_site13,4,4,1.6764667054940787
P10721_site14,9,9,1.6381456390158375
P10721_site15,1,1,1.230143384305342
P10721_site16,3,3,1.0593784732506546
P10721_site18,6,6,4.0300909673088645
P10721_site19,4,4,1.0482291135825414
P10721_site2,4,4,1.177847478612816
P10721_site20,1,1,1.18577465374852
P10721_site21,4,4,2.824355838148088
P10721_site23,6,6,2.297414943637969
P10721_site24,11,11,2.395715686606026
P10721_site25,4,4,1.5761522285103722
P10721_site26,3,3,0.7779605296371013
P10721_site27,4,4,4.269307072161436
P10721_site3,8,8,1.4804020901401398
P10721_site317,5,5,1.6362460148632612
P10721_site333,1,1,1.5774098268762262
P10721_site343,2,2,2.010904468422226
P10721_site344,4,4,0.7889454452014678
P10721_site357,3,3,2.1467545937071897
P10721_site4,3,3,1.0043585839980964
P10721_site452,17,8,0.6739785099148009
P10721_site5,6,6,1.1580243337195828
P10721_site527,2,2,1.0785435344590506
P10721_site529,2,2,2.4749561926123222
P10721_site530,1,1,1.509856170314623
P10721_site531,1,1,1.269020126362605
P10721_site532,1,1,1.1206054062904538
P10721_site534,1,1,1.6380253873793926
P10721_site7,3,3,1.0316793770781305
P11021_site1,7,3,1.0444099974431091
P11021_site10,5,3,3.395125975110495
P11021_site11,12,5,1.881791652267404
P11021_site120,1,1,1.188025985770936
P11021_site123,6,2,1.4627042809018933
P11021_site13,6,2,1.3227452395538732
P11021_site14,2,1,0.9872685155494444
P11021_site140,3,1,1.1764150575385215
P11021_site15,5,2,2.307534185206628
P11021_site16,4,2,5.464893030832994
P11021_site17,9,3,2.135570652678776
P11021_site18,6,3,1.073089848738001
P11021_site19,2,2,1.3461105277017231
P11021_site2,6,2,1.0608979491285335
P11021_site20,2,2,1.8726027500812628
P11021_site21,11,4,1.5336672297699208
P11021_site22,12,5,1.2798966172965156
P11021_site24,7,3,1.606409301213242
P11021_site25,8,3,1.651359685816814
P11021_site26,4,3,1.4347539121143678
P11021_site27,3,3,1.675407787775128
P11021_site28,5,3,1.4707799756556783
P11021_site29,6,3,1.8244669870599268
P11021_site3,2,1,0.869336108260159
P11021_site30,4,2,0.8104307337834811
P11021_site31,3,2,2.2490160198867564
P11021_site32,3,2,1.9763568227678925
P11021_site33,12,3,1.987575513929332
P11021_site34,8,3,1.6417718192230448
P11021_site35,1,1,1.725333280608185
P11021_site36,1,1,0.8812400900672608
P11021_site37,3,2,1.44512865325405
P11021_site38,4,3,1.9064933541829552
P11021_site39,4,2,0.938565455130267
P11021_site4,3,3,3.355912455391157
P11021_site40,12,5,2.895327146661661
P11021_site403,1,1,1.29188143493333
P11021_site404,1,1,0.9457185967559412
P11021_site406,1,1,1.4819017300763822
P11021_site407,1,1,0.4434218109511323
P11021_site41,10,3,1.5284416588685923
P11021_site42,10,5,2.330275484005274
P11021_site43,1,1,0.8061123682788435
P11021_site44,10,3,2.080429563985152
P11021_site45,4,2,1.0952529895467855
P11021_site47,4,3,2.2622241982450317
P11021_site48,6,2,2.324513877909159
P11021_site49,4,2,0.536863288972823
P11021_site5,5,2,0.9592700297769342
P11021_site50,1,1,0.7555017017409433
P11021_site51,6,3,4.034958620979374
P11021_site52,7,3,1.2808918152853064
P11021_site53,3,2,1.2158006215729358
P11021_site54,10,3,1.024050227472736
P11021_site55,3,2,0.8199264877252952
P11021_site56,5,3,2.0029991005457424
P11021_site57,7,3,1.3210614178518665
P11021_site58,5,3,1.0045005028883247
P11021_site59,2,2,0.7732600791695181
P11021_site6,9,3,1.10547161732322
P11021_site7,5,3,2.083479026039436
P11021_site78,5,2,3.2734053176881783
P11021_site8,5,4,2.288004637586113
P11021_site9,6,3,1.3516129032258064
P11142_site100,3,2,3.158642388410374
P11142_site101,1,1,0.7109427729405008
P11142_site103,3,2,1.3620816466915364
P11142_site105,3,2,1.487360358140299
P11142_site117,1,1,0.9373537845068564
P11142_site119,2,2,0.8096880369304656
P11142_site121,2,2,1.078216445703986
P11142_site123,2,2,2.6726014583227333
P11142_site126,3,2,4.975317856254338
P11142_site128,3,2,4.065763039278815
P11142_site129,2,1,1.8319093184734816
P11142_site130,2,1,3.303777163604834
P11142_site132,3,2,1.4207167969774883
P11142_site135,1,1,0.875337010812193
P11142_site136,3,2,2.215923037333228
P11142_site143,2,1,2.526982716749317
P11142_site150,1,1,2.3881012716024017
P11142_site154,1,1,0.6018151968118207
P11142_site160,2,1,1.326273012377008
P11142_site162,2,2,0.7481217248563672
P11142_site163,1,1,1.011848651479445
P11142_site166,1,1,2.268365510182473
P11142_site167,2,1,1.0241948268923549
P11142_site169,4,4,1.2556205188094098
P11142_site171,1,1,1.1248673801768263
P11142_site174,2,2,3.217054990213797
P11142_site255,3,3,1.097213521728034
P11142_site256,2,2,1.2831642990612129
P11142_site257,3,3,1.0992384973964202
P11142_site258,2,2,0.7502817786890353
P11142_site260,2,2,1.7054496587332462
P11142_site261,3,3,0.9869759798095408
P11142_site264,2,2,2.2501247448400994
P11142_site265,3,3,2.7481354358620886
P11142_site266,2,2,1.311386185095928
P11142_site267,2,2,1.7109593374509289
P11142_site268,2,2,2.001810169025488
P11142_site269,2,2,1.4213942855214652
P11142_site271,3,3,2.1514201676498663
P11142_site272,1,1,1.000664937429987
P11142_site273,3,3,1.8755058305198384
P11142_site275,3,3,1.0925829023017422
P11142_site277,2,2,0.7675967752929439
P11142_site278,3,3,1.338151177146061
P11142_site279,3,3,2.266359710637041
P11142_site280,2,2,0.9679873064386784
P11142_site281,3,3,5.908372177842618
P11142_site282,2,2,2.5551480667731865
P11142_site283,1,1,2.6243726541940493
P11142_site33,19,13,1.4708484915881614
P11142_site354,3,2,1.1132892340852505
P11142_site358,1,1,0.9061507220216608
P11142_site359,2,2,1.013286594264566
P11142_site36,12,10,2.294983189841905
P11142_site360,2,2,1.8166226863827364
P11142_site362,2,2,1.018356004268398
P11142_site365,2,2,3.462853623241197
P11142_site366,1,1,0.4929097995988412
P11142_site368,9,6,2.2662605430485363
P11142_site37,12,10,1.0984591679506934
P11142_site370,2,2,2.062418860931353
P11142_site371,2,2,0.9171473965628488
P11142_site38,19,13,1.4533018090151724
P11142_site43,19,12,1.5474335732760909
P11142_site435,3,3,3.192170739588548
P11142_site44,13,10,1.372490034049305
P11142_site448,5,4,1.3528417927887386
P11142_site453,1,1,0.4158340601165445
P11142_site47,13,9,4.020148677743023
P11142_site49,20,13,1.770807258647252
P11142_site50,11,7,2.148806227810169
P11142_site51,11,7,1.1577215301058426
P11142_site52,14,11,2.19238450734035
P11142_site53,15,11,1.687424273725705
P11142_site55,17,13,7.105411984111607
P11142_site58,21,14,1.893576361198244
P11142_site59,7,5,1.7837372643735598
P11142_site60,13,9,2.246949090349537
P11142_site61,18,14,1.346452152887566
P11142_site63,20,13,1.6554841061450924
P11142_site64,18,13,2.485709154351396
P11142_site65,8,6,1.4006854830239674
P11142_site69,9,8,1.7770601089873033
P11142_site71,17,12,2.3275971219103764
P11142_site73,13,8,1.7003250053910846
P11142_site74,6,5,1.6841798304060287
P11142_site76,12,9,1.2944751751972463
P11142_site78,11,10,1.1252094480361774
P11142_site80,15,11,4.175203138474245
P11142_site81,10,8,1.9005626974029837
P11142_site85,2,2,2.295837458333712
P11142_site90,1,1,0.9329308163282636
P11142_site92,10,7,2.158610835652517
P11142_site94,5,4,1.0668786794071532
P11142_site99,6,5,2.9847587019755832
P11172_site1,27,7,1.989759827812788
P11172_site10,13,3,1.4320749647831077
P11172_site117,3,1,0.7890642912826158
P11172_site118,4,1,2.0215001012319145
P11172_site12,9,2,1.472388179755585
P11172_site13,19,6,2.1937734701155933
P11172_site14,6,2,1.7352456058197347
P11172_site148,2,1,2.156300092387142
P11172_site149,1,1,0.5164885408927244
P11172_site15,6,2,1.1765752244364769
P11172_site16,6,2,1.5288769253775982
P11172_site17,4,2,1.5187905851072896
P11172_site18,10,2,1.5390294047674002
P11172_site19,5,2,1.0009473799134327
P11172_site2,14,3,4.185692628233711
P11172_site203,9,4,1.4377608463554306
P11172_site207,4,2,0.5931609697792787
P11172_site208,3,3,0.8616281269295148
P11172_site21,13,3,1.3403898153453353
P11172_site210,1,1,1.1376748108603805
P11172_site211,4,2,2.389429476945525
P11172_site212,3,2,0.9062030549250524
P11172_site213,4,2,1.9436504891617112
P11172_site214,1,1,2.000598550466913
P11172_site215,3,2,1.43593085860017
P11172_site23,27,7,15.480457027828
P11172_site24,2,1,1.8356981570288813
P11172_site25,2,2,1.4498363911026653
P11172_site26,12,2,2.6475439488709345
P11172_site27,4,2,1.219762126701326
P11172_site28,1,1,0.8420083121470001
P11172_site29,18,4,4.08316753269331
P11172_site3,24,7,19.06816693853546
P11172_site30,10,2,1.846448370519897
P11172_site31,16,5,3.204089419716672
P11172_site33,6,4,1.0437402447765594
P11172_site34,6,4,1.2136729364036023
P11172_site35,6,4,0.7890113974401194
P11172_site36,5,4,1.0927219006938371
P11172_site37,2,1,0.988252229950625
P11172_site38,5,4,0.9869035260468508
P11172_site39,3,2,1.3286019021421631
P11172_site4,14,3,2.989960570215348
P11172_site40,6,4,4.37056845536375
P11172_site41,1,1,0.7148962835160759
P11172_site43,6,4,1.3719440214632732
P11172_site44,1,1,0.8652850825914125
P11172_site45,3,2,2.2934133407758863
P11172_site46,3,3,1.1735159548123864
P11172_site47,3,3,1.2120702415393931
P11172_site48,1,1,1.438447686405512
P11172_site49,1,1,0.9453076159630416
P11172_site5,12,3,2.591853131791275
P11172_site50,2,1,1.0071049320197651
P11172_site51,9,2,1.0731458538697298
P11172_site52,2,1,1.2833423430380724
P11172_site53,7,2,2.4340685204679864
P11172_site55,11,2,0.7019995689920572
P11172_site56,11,2,1.4468918386816312
P11172_site57,27,7,3.066050091136164
P11172_site58,10,2,2.0491459877537865
P11172_site59,25,7,3.00013754737743
P11172_site6,27,7,3.8800962904364544
P11172_site60,17,2,2.085350345927538
P11172_site62,21,6,1.5334571099166006
P11172_site63,19,7,1.6825662217400783
P11172_site64,17,6,2.257582453415483
P11172_site65,18,6,1.713893017968784
P11172_site67,14,4,1.9089032200774771
P11172_site68,12,3,4.665102815478304
P11172_site69,5,1,1.604000084167999
P11172_site71,13,3,1.8879235796882847
P11172_site73,12,2,3.723879624032524
P11172_site76,5,1,1.690771280117784
P11172_site77,8,2,2.339270586241952
P11172_site8,18,6,2.809301234495499
P11172_site80,4,1,2.4049888060661684
P11172_site84,13,3,4.23705953402069
P11172_site9,14,3,4.166731774935417
P11309_site1,144,115,1.554499321381656
P11309_site10,144,115,3.1647790981517745
P11309_site108,35,27,1.1526570197519803
P11309_site11,41,36,5.297098423375129
P11309_site110,12,12,1.098778504557133
P11309_site114,6,6,1.127151633523688
P11309_site12,88,73,3.880111756488494
P11309_site13,139,112,3.967584257699828
P11309_site133,41,37,2.0803897775326345
P11309_site14,113,92,3.1534208669270822
P11309_site15,55,47,2.908779880700328
P11309_site16,122,102,7.959015230652171
P11309_site17,16,13,3.2130340000517505
P11309_site18,22,22,1.0821482139476637
P11309_site19,7,7,3.3873322235544743
P11309_site2,95,79,6.046393845279419
P11309_site20,62,58,3.1424992326262435
P11309_site21,124,103,1.9159155645752803
P11309_site22,70,57,6.639211531913284
P11309_site23,75,68,2.3950412397257588
P11309_site24,60,49,1.659511044315828
P11309_site25,21,17,1.9246546756104324
P11309_site26,111,93,2.8567954942707323
P11309_site27,5,5,1.1930488602747864
P11309_site28,40,38,2.869277227419789
P11309_site29,50,48,3.5361947363634108
P11309_site3,132,110,2.06321926769013
P11309_site30,91,76,1.2784924296191151
P11309_site31,8,8,1.7363625311531214
P11309_site33,29,25,3.969676462236235
P11309_site34,24,23,1.4807758344182187
P11309_site35,35,31,3.6164194039146818
P11309_site36,25,25,3.853710129047967
P11309_site37,11,10,1.5791585690635572
P11309_site38,12,12,2.463838002562593
P11309_site39,68,65,1.5733923449996865
P11309_site4,11,11,3.999903671094585
P11309_site5,78,63,2.127314018305692
P11309_site6,30,28,3.4415726107456632
P11309_site7,139,112,3.28119175034574
P11309_site72,35,33,2.43283410918986
P11309_site8,70,59,2.6928019170986905
P11309_site9,140,113,2.200969768083932
P11362_site1,19,17,1.1977732200410196
P11362_site10,20,17,6.753870110487562
P11362_site11,45,40,2.776234119289413
P11362_site12,22,21,2.2882713486850137
P11362_site13,18,15,4.583375389240846
P11362_site14,23,21,1.898844764118136
P11362_site15,20,18,1.5862442133108878
P11362_site150,10,10,2.198068452810333
P11362_site152,9,9,1.6782090401199308
P11362_site16,8,8,1.6657548112813636
P11362_site161,2,2,1.1851830616464618
P11362_site17,10,9,2.598117833612699
P11362_site18,21,19,1.35395313462026
P11362_site186,7,7,3.5825420726306465
P11362_site19,13,11,2.688800318495556
P11362_site192,11,11,2.3524492105983144
P11362_site193,11,11,0.9679835783569684
P11362_site197,12,11,1.356117938953321
P11362_site199,5,5,1.0174362639285923
P11362_site2,24,22,1.2195758272470074
P11362_site20,21,18,1.994883898276453
P11362_site202,14,14,1.470969888537681
P11362_site205,12,12,1.9679898616837668
P11362_site207,11,11,2.2502794629969287
P11362_site208,8,8,1.6577296017641718
P11362_site209,3,3,2.857132717988027
P11362_site21,11,11,5.902846502009854
P11362_site210,4,4,0.973779711273607
P11362_site211,2,2,0.836372375061313
P11362_site212,4,4,0.6868975404136042
P11362_site213,8,8,1.4045084030236503
P11362_site214,9,9,0.9632697610837556
P11362_site215,7,7,4.120332405342303
P11362_site216,5,5,1.305539118577787
P11362_site217,1,1,0.7913981825691864
P11362_site218,7,7,1.3435385051590871
P11362_site221,6,6,3.6589757125505895
P11362_site222,11,11,1.2776029220106218
P11362_site223,6,6,2.271664829744827
P11362_site224,6,6,0.7590828259931107
P11362_site225,4,4,0.8956754275036045
P11362_site226,8,8,1.1882195577408488
P11362_site228,6,6,1.360128769072195
P11362_site229,3,3,3.104896983438486
P11362_site23,21,18,1.5371305180655137
P11362_site230,7,7,2.7885375957251086
P11362_site231,6,6,0.9849784600766212
P11362_site24,7,6,1.687794089968003
P11362_site243,3,3,3.8207462302947226
P11362_site245,1,1,1.3169347248309349
P11362_site246,7,6,1.1219147192860093
P11362_site249,1,1,0.9336087013216128
P11362_site25,15,14,1.5247712912005562
P11362_site252,2,2,0.4546061779219716
P11362_site26,31,27,1.8437554721402396
P11362_site27,22,20,1.9790897501010585
P11362_site28,10,10,1.209142666735607
P11362_site3,16,15,3.292989535370448
P11362_site30,37,34,2.381036442917928
P11362_site31,14,13,1.6035587562554066
P11362_site32,8,8,3.359965342821271
P11362_site33,29,26,1.8306206161502057
P11362_site34,16,15,1.5725203616983237
P11362_site35,18,16,1.8213751076677889
P11362_site36,38,35,4.0068381278827685
P11362_site37,17,14,1.2002598030330496
P11362_site40,15,14,1.736407225355086
P11362_site41,11,11,1.0924872713057374
P11362_site43,4,4,1.0187631747600554
P11362_site44,15,15,1.151173759206223
P11362_site45,28,26,1.84969903764132
P11362_site48,9,9,1.6341512416462285
P11362_site49,10,10,1.5267576914619274
P11362_site5,16,14,2.274931677498479
P11362_site50,8,7,1.1741928224715106
P11362_site51,11,10,1.9715968873301184
P11362_site52,13,12,2.447125650107392
P11362_site54,1,1,1.5269794354626365
P11362_site55,15,14,1.7503960202953983
P11362_site56,5,5,1.0489003643915882
P11362_site57,14,12,2.7051846616290565
P11362_site59,4,4,2.592285726479478
P11362_site6,9,9,1.3725075504062676
P11362_site62,24,23,2.190910462350459
P11362_site67,15,14,1.1896278773072049
P11362_site7,35,32,2.635289978302938
P11362_site8,28,25,1.6162857885765465
P11362_site9,42,38,2.015498953690836
P11940_site17,1,1,2.8497942078874505
P11940_site18,1,1,0.9278385755721892
P11940_site19,1,1,3.285868404600804
P11940_site7,1,1,1.1117191042397616
P12821_site12,19,13,2.313676680455949
P12821_site13,34,22,9.045929537443907
P12821_site14,42,27,1.7364732763291169
P12821_site149,17,13,1.12342987204259
P12821_site15,39,26,1.2941163941904072
P12821_site16,41,26,5.389553297381904
P12821_site17,23,15,1.077896751462603
P12821_site18,37,22,1.8039690964204813
P12821_site2,31,22,1.5322780602619617
P12821_site20,36,22,1.6555423387416537
P12821_site21,33,22,6.056152621733725
P12821_site218,14,10,1.1830212996320448
P12821_site221,15,10,2.654624389149976
P12821_site23,33,22,2.2616049812261703
P12821_site24,39,25,2.0151813175620394
P12821_site26,40,26,3.284298537116096
P12821_site28,41,26,3.048080450510758
P12821_site3,27,17,1.7920785873225362
P12821_site31,11,9,0.9102266195575484
P12821_site4,33,22,1.6533922963962284
P12821_site40,18,14,1.4177670604724566
P12821_site42,10,9,2.070680616094563
P12821_site44,29,21,2.8279478469748685
P12821_site53,16,11,1.5054385007417883
P12821_site55,23,17,6.945514837315752
P12821_site58,19,14,1.267461049297253
P12821_site6,40,25,2.8922854230377166
P12821_site61,10,6,0.8240722159310809
P12821_site63,28,21,2.6164192133589586
P12821_site724,5,4,1.1395354988890063
P12821_site725,3,3,1.050307962055478
P12821_site726,5,4,1.392106016002067
P12821_site9,42,27,1.7383612954929528
P12931_site152,1,1,0.7566807852757601
P12931_site153,1,1,0.7448743631597171
P12931_site158,1,1,0.9321743998009704
P12931_site159,1,1,0.9159511930532684
P12931_site160,1,1,1.3922103266519543
P12931_site163,1,1,0.6075919389860105
P12931_site164,1,1,0.7369870330257263
P12931_site165,1,1,1.2361798374272817
P12931_site167,1,1,1.3105198382464982
P12931_site168,1,1,1.2880586152360425
P12931_site169,1,1,1.906937971724019
P12931_site170,1,1,0.7822447097153522
P12931_site171,1,1,0.8757360508019376
P12931_site172,1,1,1.4495140231907635
P12931_site173,1,1,1.5058707177110526
P12931_site174,1,1,0.9317266114382736
P12931_site175,1,1,1.3640897533387195
P12931_site176,1,1,0.628165172588613
P12931_site181,1,1,0.7370183318181202
P12931_site28,2,2,1.517285088730122
P12931_site289,1,1,0.73291571855302
P12931_site29,3,3,1.4507091346153846
P12931_site290,1,1,0.8976799703532615
P12931_site293,1,1,1.5293683181760531
P12931_site30,3,3,1.826319527999652
P12931_site31,3,3,1.2291700595551724
P12931_site34,2,2,1.52037359216189
P12931_site35,3,3,1.2685722475344214
P12931_site36,3,3,1.390995090264822
P12931_site378,1,1,1.1724199402989604
P12931_site40,1,1,3.2747823841444395
P12931_site41,2,2,1.1523150639541853
P12931_site42,1,1,2.2102877872314624
P12931_site45,2,2,1.0840622847944803
P12931_site47,3,3,0.9126748740906548
P12931_site48,3,3,1.7164131572981551
P12931_site50,3,3,1.463011229803179
P12931_site51,3,3,0.9658376621162348
P12931_site52,3,3,1.2260662976643089
P12931_site54,3,3,1.06044016239741
P12931_site55,1,1,5.354848945496406
P12931_site57,4,4,1.1168282081173009
P12931_site59,20,8,1.1303397366169965
P12931_site60,12,6,5.109937513095136
P12931_site61,25,9,1.3638056267433136
P12931_site65,6,3,1.5844833414716597
P12931_site71,5,3,2.286666666666667
P12931_site72,5,3,1.2010080290687453
P12931_site74,5,3,1.1994697853921183
P12931_site85,4,4,1.0469929143765315
P12931_site92,3,3,1.7578818925798918
P12955_site10,1,1,0.9844588557969248
P12955_site100,5,2,1.1401423172423868
P12955_site103,2,1,0.6524569046933397
P12955_site105,5,2,1.4356655903587436
P12955_site106,5,2,1.477262151054895
P12955_site107,5,2,2.920799819589566
P12955_site108,5,2,0.8894246473266236
P12955_site109,5,2,1.72020785475828
P12955_site11,1,1,1.4339132929163656
P12955_site110,4,2,1.016008038260323
P12955_site111,5,2,0.9258981719324502
P12955_site115,4,2,1.1377498726663355
P12955_site118,5,2,0.9752136353334846
P12955_site120,5,2,0.8111909766726481
P12955_site121,5,2,1.35587577088796
P12955_site123,4,2,1.2986494569821276
P12955_site127,3,2,0.8479356639165886
P12955_site128,3,2,2.378564273931062
P12955_site130,3,2,0.8284100626072605
P12955_site134,5,2,1.5682470631747651
P12955_site135,5,2,1.0256484506345342
P12955_site14,1,1,0.3513645237612117
P12955_site148,2,2,1.359421025070367
P12955_site15,1,1,1.2276015071734123
P12955_site152,2,2,0.8619642633187455
P12955_site17,1,1,1.318574875398461
P12955_site18,1,1,0.9626012680994078
P12955_site19,1,1,0.7505813792803926
P12955_site2,1,1,0.9998379961368308
P12955_site21,1,1,0.7445248208403107
P12955_site23,1,1,0.9627864833173436
P12955_site24,1,1,2.5306772201495296
P12955_site25,1,1,0.6846883297509166
P12955_site26,1,1,4.425284333705871
P12955_site29,1,1,1.2269663850897174
P12955_site3,1,1,1.0049847776947949
P12955_site30,1,1,1.189004951615265
P12955_site32,1,1,1.4747481054693043
P12955_site34,1,1,0.8197707082899913
P12955_site35,1,1,0.9306212018906146
P12955_site36,1,1,1.0955404930079569
P12955_site37,1,1,0.8089140282244481
P12955_site38,1,1,1.2243180767452613
P12955_site39,1,1,0.9700544734137664
P12955_site4,1,1,0.7236361659813658
P12955_site40,1,1,1.5224583986185332
P12955_site41,1,1,0.7925309420360513
P12955_site42,1,1,0.8576890464417792
P12955_site43,1,1,0.7646784224702945
P12955_site44,1,1,0.9528384754901114
P12955_site45,1,1,1.011119708628817
P12955_site5,1,1,1.026627515803816
P12955_site6,1,1,2.280580071609017
P12955_site68,5,2,1.101249097737922
P12955_site7,1,1,3.7147189821119593
P12955_site70,5,2,1.145352534131289
P12955_site71,5,2,2.633741755162187
P12955_site72,5,2,1.512375528488458
P12955_site73,4,2,1.958660903777137
P12955_site74,5,2,1.0313658707178743
P12955_site75,5,2,1.210035770116279
P12955_site76,4,2,1.114429583518359
P12955_site77,4,2,3.239378972566932
P12955_site78,3,2,0.5452575679771552
P12955_site80,4,2,2.1060279753067124
P12955_site82,5,2,0.9902778170307772
P12955_site83,4,2,1.4473156490306467
P12955_site84,5,2,1.0441855518346803
P12955_site85,5,2,1.6331045472897274
P12955_site86,4,2,1.7686574200171803
P12955_site87,5,2,1.4590723994203696
P12955_site9,1,1,1.0437563073734883
P12955_site90,5,2,1.1372991678599111
P12955_site92,5,2,1.9708859675874653
P12955_site95,5,2,1.0396710903104291
P12955_site96,5,2,1.5330115412878405
P12955_site97,5,2,1.4720870589866222
P12955_site99,4,2,0.7885554499008817
P13051_site1,6,5,4.594127540527714
P13051_site10,7,6,2.0808774025409926
P13051_site11,7,6,2.1185938945420904
P13051_site12,3,3,3.105360422339795
P13051_site13,4,4,2.014774903710564
P13051_site14,2,2,1.0966104986083842
P13051_site15,1,1,1.7918567457514
P13051_site17,8,7,3.385132291652526
P13051_site18,6,5,0.8588903814284988
P13051_site19,2,2,4.085326893089415
P13051_site2,6,5,2.8598160192090574
P13051_site20,1,1,2.391048210625198
P13051_site21,1,1,3.840262866471527
P13051_site22,1,1,0.9493184684867966
P13051_site23,8,7,2.750632034476244
P13051_site24,5,5,1.4817982465551205
P13051_site25,4,4,3.3095418962249816
P13051_site26,1,1,1.366643390198136
P13051_site27,4,4,1.0275592910542797
P13051_site33,3,3,1.3562442534187595
P13051_site36,5,5,1.5528300944197433
P13051_site37,1,1,1.3563321733427829
P13051_site38,4,3,3.31656631729222
P13051_site39,5,4,1.9685045345880925
P13051_site4,5,4,2.213613520911926
P13051_site44,1,1,1.1163759047693935
P13051_site46,5,5,0.9606506140775632
P13051_site6,2,2,2.129054444033552
P13051_site7,6,5,0.8764598924340152
P13051_site8,5,5,1.8332715357020364
P13051_site9,8,7,1.330075700772258
P14061_site1,14,10,2.8669101494345357
P14061_site11,7,7,1.4542440175984548
P14061_site12,10,10,2.446530218669321
P14061_site13,9,8,5.58400142026873
P14061_site14,16,12,1.653791671806739
P14061_site15,14,11,1.2230631870054611
P14061_site16,7,6,1.5281661445997912
P14061_site17,11,9,1.3554922500886477
P14061_site20,13,11,1.0287504445198663
P14061_site21,2,2,1.0211685399416324
P14061_site22,10,9,2.7079047112815755
P14061_site23,9,7,1.0778681690931908
P14061_site24,11,7,4.476761750093861
P14061_site25,5,4,0.9938651639819216
P14061_site27,13,11,2.0883743894626456
P14061_site4,13,10,1.71843550463778
P14061_site6,5,4,0.8730428372249555
P14061_site7,10,10,1.8745756743820117
P14061_site8,9,9,2.222114535177927
P14174_site1,58,41,3.0409380683067213
P14174_site10,12,11,1.5349757839876417
P14174_site100,4,2,1.2999330447406976
P14174_site101,3,2,2.001243318258829
P14174_site102,3,2,1.471605645456426
P14174_site103,4,2,1.87316438684528
P14174_site106,4,2,0.5703406968222569
P14174_site109,2,2,0.5730433723196882
P14174_site11,23,15,7.779635216296255
P14174_site111,4,2,1.2798654423129374
P14174_site112,2,2,2.117478297888093
P14174_site113,2,1,1.9076086322883024
P14174_site114,2,1,2.123523689398675
P14174_site116,1,1,1.2726986367914503
P14174_site118,1,1,1.7886797449530445
P14174_site119,2,1,1.3737507006424352
P14174_site12,42,31,3.0054142216826394
P14174_site120,2,1,1.4292331208340625
P14174_site122,1,1,1.3193703204325036
P14174_site123,1,1,0.9703684142862604
P14174_site124,2,1,0.9796140912364396
P14174_site13,11,8,6.087438920042711
P14174_site14,7,7,1.267996557447593
P14174_site15,25,18,2.8656774944343253
P14174_site16,54,38,3.2299458926683027
P14174_site17,53,38,3.097990594271056
P14174_site18,9,6,6.053918734230445
P14174_site19,30,24,2.7014731585518104
P14174_site196,2,2,1.546841106004034
P14174_site2,58,40,6.60923047442162
P14174_site20,44,31,2.1980089090562367
P14174_site21,14,8,1.4461128387383386
P14174_site218,1,1,1.2646091752772228
P14174_site22,59,41,3.1311470579569227
P14174_site23,29,22,7.036074788778256
P14174_site24,20,15,1.7461766433953132
P14174_site25,19,14,2.602772255607972
P14174_site26,1,1,1.4066133329369843
P14174_site267,1,1,0.94459925647713
P14174_site27,2,2,0.9778251872250664
P14174_site28,23,20,2.2251132548099983
P14174_site29,26,20,2.223067858195031
P14174_site3,18,12,2.2540922184592627
P14174_site30,20,18,2.252905767585682
P14174_site31,14,10,1.7652441075553362
P14174_site32,13,7,1.610111092121005
P14174_site34,37,29,2.17347843296854
P14174_site35,3,3,1.5704119202352418
P14174_site36,7,6,2.040347891433118
P14174_site37,7,5,2.3859362540173503
P14174_site38,8,2,3.26181956411556
P14174_site39,4,2,0.6821208607317192
P14174_site4,58,40,3.981970137218037
P14174_site40,7,2,1.819865710935599
P14174_site41,3,1,0.9237014263473244
P14174_site42,7,2,1.9576095938887592
P14174_site43,3,1,4.88314575778642
P14174_site44,6,2,2.099990180996956
P14174_site45,2,1,0.9696333370355972
P14174_site47,8,2,3.280319685584785
P14174_site48,2,2,2.766083645994262
P14174_site49,7,2,1.5091043149323589
P14174_site5,22,18,2.322664552103116
P14174_site50,2,1,1.0816635576479745
P14174_site52,6,6,1.641300406496307
P14174_site53,6,6,0.8450232462267825
P14174_site54,12,12,1.1582586838812547
P14174_site56,1,1,1.120883088612364
P14174_site57,13,10,1.3993638971544642
P14174_site6,19,14,1.7752035881630712
P14174_site7,45,33,4.173378373941625
P14174_site77,11,10,1.1397867850887475
P14174_site79,2,2,0.8441407439876969
P14174_site8,46,31,6.069730550837719
P14174_site83,3,3,1.1866400852628418
P14174_site84,3,3,1.2686075970675623
P14174_site9,51,36,4.635723354563647
P14174_site90,8,2,1.4130351797945708
P14174_site91,8,2,1.333674849575576
P14174_site92,8,2,1.7626767100195249
P14174_site94,7,2,2.408618394239913
P14174_site96,4,2,1.652490309253679
P14174_site97,5,2,1.635813195365616
P14174_site98,8,2,1.7016805925701115
P14210_site102,1,1,0.6985339110589247
P14210_site105,2,2,2.107183580387685
P14210_site11,8,6,4.1765078252062215
P14210_site110,2,2,1.5741694489438367
P14210_site13,1,1,1.2856410782002663
P14210_site140,4,4,1.9231630889268712
P14210_site146,4,4,0.9277975938864008
P14210_site147,1,1,0.7949221328935272
P14210_site148,2,2,1.1718518888875
P14210_site149,2,2,1.1255339884079634
P14210_site151,3,3,2.8443664662470587
P14210_site152,8,6,1.2395328642747336
P14210_site153,6,5,0.8296902399287183
P14210_site154,5,5,1.1006546068839305
P14210_site155,4,4,2.6788645161290323
P14210_site156,1,1,1.2606396882937536
P14210_site16,8,6,1.471788906370301
P14210_site17,6,5,1.3405168410813877
P14210_site18,2,2,1.090488019305999
P14210_site20,5,5,1.651823866597186
P14210_site21,1,1,0.6641794542017923
P14210_site22,4,4,1.8166430741175463
P14210_site24,1,1,1.1218348685537554
P14210_site26,1,1,1.5237600565820884
P14210_site27,1,1,0.7664841863981077
P14210_site3,2,2,0.9847803061701106
P14210_site47,5,4,1.1408459792860908
P14210_site50,1,1,1.440766718604528
P14210_site51,8,6,1.6618222211220717
P14210_site64,2,2,2.3282900480139674
P14210_site69,2,2,2.611727769400015
P14210_site70,1,1,1.408588788186672
P14210_site75,1,1,1.3322186394840856
P14210_site8,8,6,1.6105469126786185
P14210_site82,2,2,0.6269781187008036
P14210_site84,8,6,2.62411290096565
P14210_site86,4,3,3.456594458196808
P14210_site87,3,3,1.5842089289825647
P14210_site88,4,4,1.1016811583088078
P14210_site9,3,3,3.662313311310659
P14210_site90,6,5,1.7131720518467386
P14210_site91,6,5,3.022923014020232
P14210_site92,3,2,0.7547517813389513
P14210_site98,1,1,1.2296984266691189
P14324_site102,3,3,1.6996786530667836
P14324_site105,6,6,1.996851082440411
P14324_site107,5,5,1.5700882717835498
P14324_site110,2,2,1.7843331409350556
P14324_site112,1,1,1.1806670422450007
P14324_site113,3,3,3.159816150949746
P14324_site114,6,5,1.436000290292998
P14324_site115,4,3,1.6017211204512274
P14324_site26,50,31,2.6345133885919387
P14324_site27,50,31,3.106395209169841
P14324_site28,17,14,0.922783834964536
P14324_site29,18,14,3.0722091716882853
P14324_site30,12,8,2.6653368403830906
P14324_site31,8,8,1.7580022249157354
P14324_site32,39,24,1.6107416572728306
P14324_site33,23,15,3.1724342370984657
P14324_site34,40,27,2.9850376110897705
P14324_site35,25,21,2.0015970510043086
P14324_site36,41,28,3.1742392813058604
P14324_site37,37,22,1.9316940915295424
P14324_site38,26,15,4.701064686645863
P14324_site39,22,21,1.3127014079453565
P14324_site40,28,20,2.348583857570104
P14324_site41,40,27,1.6079500538131113
P14324_site42,25,21,1.8031790125927647
P14324_site43,30,19,3.668200567644276
P14324_site44,40,25,1.5132395830325431
P14324_site45,24,17,1.523974984804146
P14324_site46,39,26,4.056641224382924
P14324_site47,22,16,2.128341860372882
P14324_site48,39,25,3.790307950567018
P14324_site49,9,8,1.2724400813765473
P14324_site50,12,9,1.677990140811284
P14324_site51,29,19,4.603616018313529
P14324_site54,24,16,1.8414902539460325
P14324_site56,23,14,2.0221125717858968
P14324_site57,34,21,4.360793282115418
P14324_site58,7,7,2.555460214517336
P14324_site59,19,14,1.5866339651327064
P14324_site63,7,6,2.286753492138471
P14324_site73,22,17,2.295980880219585
P14324_site74,21,17,2.089496735078737
P14324_site77,6,5,1.1153172067126942
P14324_site79,32,24,1.9245939352852597
P14324_site81,22,15,10.971477480395103
P14324_site84,9,7,2.0286668052893937
P14324_site87,8,8,1.8312396326937683
P14324_site91,20,14,1.9219230609120384
P14324_site92,5,3,1.0998842922398089
P14618_site101,20,12,1.1264330409568184
P14618_site102,6,3,2.4857038424151567
P14618_site104,9,4,5.2342275928198045
P14618_site105,4,4,0.8924480714549631
P14618_site106,6,5,0.9478604538536044
P14618_site107,9,4,1.6386884995610518
P14618_site114,20,12,2.031509579663564
P14618_site115,10,6,1.8481859082841456
P14618_site116,10,7,2.302017630824469
P14618_site117,13,8,2.6455209435569205
P14618_site118,18,11,2.215918743561476
P14618_site119,12,7,1.8482501812429972
P14618_site121,8,7,1.4364150581326285
P14618_site123,14,8,1.6736881040222311
P14618_site124,20,11,0.9949733890431216
P14618_site125,13,9,3.778596239384303
P14618_site126,13,9,2.705427452532764
P14618_site128,14,10,2.6759759611925493
P14618_site129,14,10,2.177420700240235
P14618_site131,16,9,2.0336830045782297
P14618_site136,4,4,0.9578169721127476
P14618_site139,8,6,2.8319827617960143
P14618_site142,5,4,1.0792617715259405
P14618_site143,14,10,1.1935255834404128
P14618_site144,13,10,2.3642506393093097
P14618_site146,6,4,1.2725440033953055
P14618_site147,16,10,3.409616639519887
P14618_site149,11,8,2.01777037476199
P14618_site151,14,10,2.838416108099966
P14618_site153,9,6,1.5063075567211774
P14618_site155,11,9,1.6410809217133329
P14618_site156,14,9,1.7866769079232756
P14618_site157,7,5,2.582564464239133
P14618_site158,12,9,2.2913303484516216
P14618_site161,3,3,0.7238877936151837
P14618_site162,5,4,0.8990537734424152
P14618_site163,5,3,0.9720784004747822
P14618_site165,6,3,1.8029086486160588
P14618_site168,19,11,1.922571257518268
P14618_site169,2,2,0.3383083250642208
P14618_site170,6,2,0.8002272481937398
P14618_site171,3,3,0.6687673368849819
P14618_site172,8,5,1.032653982910743
P14618_site174,5,5,1.30976079298763
P14618_site175,11,6,2.6661812511108183
P14618_site176,2,2,0.5118127504602153
P14618_site177,1,1,1.1761056076781762
P14618_site178,8,7,1.3991045921898793
P14618_site179,13,7,1.0577102554220894
P14618_site180,6,3,1.4975377490786943
P14618_site181,9,4,1.804928266421211
P14618_site182,7,2,1.7350482647964596
P14618_site183,10,8,2.5038111198205257
P14618_site185,13,8,1.642491407278918
P14618_site187,5,5,4.5668148679995575
P14618_site189,7,7,1.7146099401789252
P14618_site190,4,4,4.269360324956243
P14618_site191,3,3,4.986401614983458
P14618_site193,2,2,1.4410418583966944
P14618_site194,4,3,0.4306635386056641
P14618_site195,8,5,4.39438465895299
P14618_site196,11,8,1.0552258620266657
P14618_site197,10,5,1.5113955200444802
P14618_site200,3,2,1.0137556805475267
P14618_site201,3,3,1.083321943085208
P14618_site202,3,3,1.760091897712421
P14618_site203,2,2,0.909843121038996
P14618_site204,7,5,1.7494651912106487
P14618_site206,5,5,1.1633405353465256
P14618_site212,7,5,1.0367919181142269
P14618_site257,12,7,2.546072060934692
P14618_site260,9,4,1.0772314599077524
P14618_site268,2,2,1.217060646027299
P14618_site287,2,2,0.6015984821301298
P14618_site318,8,3,1.325544624579475
P14618_site355,2,2,0.92242427021945
P14618_site37,13,9,1.1295081809801812
P14618_site373,6,3,1.0022651640146538
P14618_site38,11,5,3.1270361537576337
P14618_site39,15,9,1.5161825588895197
P14618_site394,1,1,0.5960203378850949
P14618_site395,1,1,0.246028308655665
P14618_site396,1,1,2.0666098478757275
P14618_site40,19,11,1.1375519355435355
P14618_site41,14,7,1.4166214898018203
P14618_site414,1,1,0.9190649659377303
P14618_site42,21,12,6.733631484794277
P14618_site428,1,1,0.963254768541656
P14618_site43,12,8,2.1969933885140303
P14618_site432,1,1,0.4832846108994481
P14618_site433,1,1,1.2139635775674664
P14618_site44,14,10,1.2559928483965233
P14618_site45,18,9,1.1795868261372804
P14618_site46,10,6,10.916738730123202
P14618_site461,1,1,1.1317153272517209
P14618_site466,1,1,3.6155203078986498
P14618_site47,19,11,2.693817601049532
P14618_site483,1,1,2.024615458943033
P14618_site50,8,7,0.272103252716857
P14618_site502,1,1,1.1469048918187588
P14618_site508,1,1,0.8828703965605024
P14618_site509,1,1,0.5611856243901183
P14618_site51,12,9,1.1127312510333522
P14618_site52,13,9,1.7618537431174046
P14618_site54,18,10,1.8743656405990012
P14618_site55,13,9,1.5234779335654467
P14618_site552,1,1,1.209083579682881
P14618_site56,18,10,1.117005409096627
P14618_site57,9,6,2.769075468674892
P14618_site587,1,1,1.078229751006281
P14618_site59,13,5,0.8218651270445134
P14618_site60,13,9,0.9945556076418872
P14618_site61,10,7,2.023863176749292
P14618_site625,1,1,0.9283673289959556
P14618_site626,1,1,0.4094263404504065
P14618_site629,3,2,0.6695728716938425
P14618_site63,11,7,2.8538117789604653
P14618_site632,3,2,3.256318095374901
P14618_site637,1,1,10.12106001891801
P14618_site638,8,3,1.4150178268710265
P14618_site64,7,5,2.3224577939656443
P14618_site640,1,1,0.8491750595532164
P14618_site641,9,3,1.5638927178921669
P14618_site643,1,1,3.3980345700913857
P14618_site65,16,11,1.6402476306939775
P14618_site652,1,1,1.0042423399435678
P14618_site653,1,1,0.5760909861243512
P14618_site663,1,1,0.5441333854158348
P14618_site664,1,1,1.2145612273117623
P14618_site665,3,3,1.0916219374374652
P14618_site667,3,2,1.2238719650424297
P14618_site670,2,2,1.1219709173884618
P14618_site672,1,1,0.5543326332154842
P14618_site679,1,1,2.2083334281572378
P14618_site68,7,6,1.0966243292807172
P14618_site680,2,2,2.0736959645509048
P14618_site685,4,4,0.935247025717746
P14618_site69,15,11,1.133107166093503
P14618_site692,1,1,0.7181597462955298
P14618_site693,3,1,0.4399257892959535
P14618_site697,1,1,1.5304262016038506
P14618_site70,7,5,2.570299691051652
P14618_site702,1,1,0.3571675226644877
P14618_site703,1,1,0.8455336281708945
P14618_site704,1,1,0.963819304486616
P14618_site705,1,1,0.7412603871547935
P14618_site706,1,1,0.6961515700113403
P14618_site71,20,11,1.1757915629037392
P14618_site711,2,2,1.4973986246594722
P14618_site712,3,2,0.916517750646116
P14618_site716,1,1,0.2003207742261322
P14618_site75,6,4,1.1174725126331726
P14618_site77,15,9,5.376192423003543
P14618_site81,5,4,2.3297450140303284
P14618_site82,14,8,2.5330169716310587
P14618_site83,19,11,1.3028775116321254
P14618_site85,11,8,1.5168152255388545
P14618_site87,9,6,2.234641984078895
P14618_site89,14,10,1.563591412211029
P14618_site95,9,6,0.9740686725501028
P14618_site96,6,4,0.325067961142558
P14618_site97,7,5,0.9391557788564058
P14618_site99,15,9,5.122699900800582
P14780_site106,17,10,1.0497140975064945
P14780_site11,22,13,2.7819755486596627
P14780_site111,18,11,2.604408017017297
P14780_site113,6,4,1.7918738616516132
P14780_site12,16,9,1.4767307414366235
P14780_site153,16,12,4.976259708252488
P14780_site16,10,6,1.9706599029059664
P14780_site160,3,1,0.8222866543955955
P14780_site161,3,1,0.6622850656071584
P14780_site169,5,3,1.9055463737423883
P14780_site193,4,4,3.0296056559040747
P14780_site197,2,2,0.6311292768437016
P14780_site206,3,3,1.2125187646749382
P14780_site218,5,5,2.0365668032004827
P14780_site221,3,3,1.5910239981105916
P14780_site227,1,1,0.4787653338948288
P14780_site228,1,1,1.3235978895148277
P14780_site229,1,1,0.7546517185624488
P14780_site230,1,1,0.7192399985529907
P14780_site231,1,1,1.1878313875140112
P14780_site235,1,1,0.6981215493443754
P14780_site236,1,1,0.6749002574138128
P14780_site239,1,1,1.0441649001599906
P14780_site240,1,1,0.9204499531298824
P14780_site3,4,2,0.8119085451728254
P14780_site71,4,4,1.139681132452299
P14780_site79,13,9,2.584816612729234
P14780_site80,6,6,5.943900203826889
P14780_site90,9,7,1.6452578882484257
P14780_site95,2,2,2.3126333397123764
P15090_site1,211,162,4.858906047420539
P15090_site10,46,42,2.636754660438059
P15090_site11,156,120,1.239210800223552
P15090_site12,74,63,2.4197313547396697
P15090_site13,40,35,1.3782329355739231
P15090_site14,37,33,1.634645101993408
P15090_site15,91,76,2.08211244400372
P15090_site16,36,29,2.344181950171537
P15090_site17,24,18,2.134524002924214
P15090_site18,44,37,1.6499221128954569
P15090_site19,104,87,2.0519051562049677
P15090_site2,99,74,3.866411082535828
P15090_site20,73,60,1.8714684214290824
P15090_site21,5,5,1.5402204521683158
P15090_site22,2,2,1.0987627960688553
P15090_site23,1,1,0.933701886188376
P15090_site24,2,2,1.04108451829806
P15090_site25,2,2,1.3373896353166983
P15090_site26,3,3,1.6875992093204348
P15090_site27,2,2,1.3958611423352536
P15090_site28,39,34,1.121109394251776
P15090_site3,52,46,2.1474147723288786
P15090_site30,2,2,1.0043181971526889
P15090_site31,3,3,1.7234262850323778
P15090_site37,1,1,0.6732256558989232
P15090_site4,143,117,2.673533569200144
P15090_site44,2,2,2.36618260003701
P15090_site46,46,39,7.731951084605233
P15090_site5,88,78,2.101430440864582
P15090_site6,34,27,2.138129408768258
P15090_site7,10,8,2.069477555529713
P15090_site8,33,28,2.089672180129237
P15090_site9,88,67,1.9717851810170277
P15121_site10,80,45,2.678089217383713
P15121_site12,11,11,4.094717490231167
P15121_site13,30,21,0.6251537216971229
P15121_site15,38,24,5.346232241495281
P15121_site16,78,43,1.4321758651627283
P15121_site18,58,34,1.2396585860812264
P15121_site19,23,18,1.8013277902492113
P15121_site2,1,1,3.646243440419813
P15121_site20,68,38,0.7868383021998608
P15121_site22,62,37,2.645788843710368
P15121_site23,10,8,1.8294841898078815
P15121_site26,17,16,1.6712893286299608
P15121_site38,23,16,3.7197147976430167
P15121_site5,82,43,1.420921192130993
P15121_site6,84,45,5.549793561199959
P15121_site7,27,19,1.74974746046241
P15121_site8,79,42,1.8125472277841967
P15692_site115,1,1,1.4858724058416604
P15692_site120,1,1,1.1737034462656113
P15692_site128,1,1,3.2947592295906585
P15692_site160,1,1,0.636126517232214
P15692_site248,1,1,4.417827652074448
P15692_site260,1,1,1.0774701149183807
P15692_site267,1,1,1.634055622527669
P15692_site463,1,1,0.5980182308004576
P15692_site464,1,1,1.3375911612593594
P15692_site465,1,1,0.9736557895548872
P15692_site80,1,1,0.4117878365961407
P15692_site87,1,1,4.235670141130893
P15692_site94,1,1,1.0594131807482292
P15692_site95,1,1,1.067373483771439
P15692_site98,1,1,2.426469329325712
P15692_site99,1,1,1.1806257617702358
P16083_site10,43,27,1.62576822149934
P16083_site11,48,28,1.429306296401862
P16083_site12,19,14,1.5184828197045874
P16083_site13,50,30,2.390690305836591
P16083_site143,2,2,0.9357761527812288
P16083_site15,47,28,1.8106486463436355
P16083_site18,47,27,4.089724195889678
P16083_site2,43,28,2.9861505029879547
P16083_site21,19,16,1.8648141743595203
P16083_site22,38,26,3.588039236367472
P16083_site23,24,18,1.4248109929418764
P16083_site24,49,30,1.7189994832041344
P16083_site27,30,22,1.3778829095209932
P16083_site28,35,26,1.6205339880313028
P16083_site29,25,18,1.6352633624929231
P16083_site30,48,30,1.26781566058441
P16083_site33,12,12,1.178736951458588
P16083_site34,26,18,1.736209116300012
P16083_site35,33,18,3.5686500718385723
P16083_site5,35,24,6.380013904422211
P16083_site6,39,27,2.297383274296878
P16083_site8,49,29,2.9721328052078597
P16083_site80,14,13,1.6637916934718844
P16083_site83,16,14,0.9845969306756042
P16083_site9,53,32,1.5263672315177912
P16442_site1,11,8,4.4634385168521264
P16442_site10,27,14,2.2712632920788085
P16442_site106,8,5,2.557091190222773
P16442_site107,8,5,1.5291290762540388
P16442_site11,24,13,3.2134809836114115
P16442_site111,2,2,2.0125637074789617
P16442_site12,21,10,1.4083119501466277
P16442_site13,23,12,3.5850815340769238
P16442_site14,22,12,3.190368974865597
P16442_site15,20,10,4.569959106637308
P16442_site16,4,3,1.460713869733032
P16442_site17,23,12,2.7974271130549826
P16442_site18,2,2,1.0346865299475854
P16442_site19,22,12,6.035337621416109
P16442_site2,6,4,1.477936206252137
P16442_site20,14,9,2.011993249168813
P16442_site21,20,13,2.6752485566732638
P16442_site22,28,14,3.714951583784672
P16442_site23,3,3,1.1644563102577596
P16442_site24,18,9,2.3310483271375464
P16442_site25,10,7,2.079311293981416
P16442_site26,16,9,1.7391350593468222
P16442_site27,11,9,1.6017679427872251
P16442_site28,18,11,2.163890958219169
P16442_site29,1,1,0.7578581533369682
P16442_site3,28,14,3.3270029673590504
P16442_site31,9,7,1.5187415682354195
P16442_site32,6,4,1.2783366409821708
P16442_site33,16,10,2.754769673773848
P16442_site34,12,10,2.1781492537313434
P16442_site35,5,5,0.9953679691471826
P16442_site36,12,9,4.341301857016235
P16442_site37,7,6,2.280555622330665
P16442_site38,5,4,3.645683013521731
P16442_site39,11,8,2.0011035863865887
P16442_site4,24,11,1.6874148738235877
P16442_site40,9,8,7.204247640680037
P16442_site41,7,4,1.7674181652676275
P16442_site42,2,2,1.4871701325550286
P16442_site43,8,5,1.0846252731430135
P16442_site44,7,4,1.413839435673497
P16442_site46,6,4,1.3305784457921142
P16442_site5,6,4,1.9197269759398945
P16442_site51,3,3,1.694447332143099
P16442_site52,16,12,1.7766464189167184
P16442_site6,21,12,5.218852875063448
P16442_site7,24,11,1.388211897084905
P16442_site78,7,6,1.1147247593186869
P16442_site8,4,4,0.9207864825942762
P16442_site9,12,7,1.8626198220154984
P16442_site96,2,2,1.5505070120681508
P17612_site10,4,4,0.895002539838812
P17612_site104,1,1,0.4440123420853466
P17612_site106,2,2,2.3604935051172418
P17612_site107,1,1,1.0284611501183345
P17612_site11,4,4,1.181620149176778
P17612_site117,1,1,2.915605482427933
P17612_site119,1,1,1.1359762700692122
P17612_site13,3,3,2.5834263869785605
P17612_site14,2,2,1.014429830162176
P17612_site15,3,3,5.563300295052851
P17612_site16,3,3,3.1185117919061964
P17612_site17,4,4,1.874161397323554
P17612_site18,2,2,0.8815128061916541
P17612_site2,3,3,2.6794604135846
P17612_site23,5,5,1.327746359512349
P17612_site24,3,3,3.514002823067324
P17612_site26,5,5,1.6650331302107595
P17612_site27,3,3,1.4242128396118166
P17612_site3,5,5,1.1350424571751463
P17612_site38,1,1,1.103820861351199
P17612_site4,1,1,1.8448093333618496
P17612_site46,1,1,0.9505801461108724
P17612_site5,4,4,1.1659582094902394
P17612_site54,2,2,1.574236135161819
P17612_site56,2,2,2.1747202164096078
P17612_site58,2,2,0.4713931444552703
P17612_site62,2,2,0.8461621074589258
P17612_site64,2,2,0.8813692714624474
P17612_site65,1,1,0.7221388317934774
P17612_site66,1,1,1.062142843306278
P17612_site67,1,1,2.382501863576892
P17612_site68,2,2,3.731832655506164
P17612_site71,1,1,0.8855279941861942
P17612_site8,1,1,1.842856509269389
P17612_site9,4,4,1.8376356682144723
P17612_site99,2,2,1.4287509257178994
P17707_site1,15,3,1.2387101201283954
P17707_site10,15,3,2.191919191919192
P17707_site11,10,3,1.330195242801946
P17707_site13,8,3,1.431531203056864
P17707_site14,14,3,2.70041820226579
P17707_site17,8,2,0.8302482850556836
P17707_site2,12,3,1.217538618753137
P17707_site20,14,3,1.7764881953826142
P17707_site22,15,3,0.8463706302423735
P17707_site26,9,3,1.7356404252697148
P17707_site3,15,3,1.7600728597449908
P17707_site4,15,3,2.8267179468672503
P17707_site5,12,3,1.0293269224473975
P17707_site6,14,2,1.1362266693319711
P17707_site67,1,1,1.0583183532663474
P17707_site69,1,1,1.0199586592056895
P17707_site7,15,3,1.3034976249133687
P17707_site70,1,1,0.9410454562478932
P17707_site71,1,1,0.7682099989360776
P17707_site73,1,1,0.9954609982571312
P17707_site74,1,1,0.951526398954406
P17707_site76,1,1,0.1926710457529206
P17707_site79,1,1,1.143689310827047
P17707_site8,14,2,1.6951863517675023
P17707_site80,1,1,2.439645126707168
P17707_site81,1,1,1.110684800956613
P17707_site82,1,1,0.9449860458003592
P17707_site84,2,2,2.7595711426943805
P17707_site85,1,1,0.8702747997712699
P17707_site86,1,1,1.3040279155264538
P17707_site87,1,1,1.0096694544791456
P17707_site88,1,1,0.9826192282995738
P17707_site9,13,3,4.195102907648584
P17707_site90,2,1,0.8785288137852881
P17707_site91,1,1,0.834936887633507
P17931_site1,105,59,3.195566554253504
P17931_site10,22,13,3.579299086520093
P17931_site106,2,2,2.106061351255175
P17931_site11,51,30,1.4125345563208105
P17931_site12,29,22,3.168684541398876
P17931_site139,2,2,3.39879963140415
P17931_site2,48,28,2.2167799411783253
P17931_site22,66,37,2.4233158213495964
P17931_site23,19,13,1.3781212899947723
P17931_site24,45,32,2.036364108152992
P17931_site3,102,58,9.837226862446707
P17931_site31,11,9,1.520208235768196
P17931_site4,85,48,5.172439667410261
P17931_site41,2,2,1.2935219499964743
P17931_site44,10,5,2.0585662211421627
P17931_site47,25,22,1.6331243293820907
P17931_site5,115,62,3.990382466695316
P17931_site57,6,6,1.897346221222776
P17931_site6,66,40,4.207786465278851
P17931_site7,53,39,3.008308836951664
P17931_site8,20,17,2.5248774961659106
P17931_site86,1,1,0.5396461229619736
P17931_site89,5,5,2.0806560996963794
P17931_site9,36,25,2.173867047891351
P17947_site1,2,2,1.5694530044968809
P17947_site10,2,2,2.0666725339200585
P17947_site11,1,1,1.9230048022959465
P17947_site12,1,1,2.323140379751917
P17947_site13,1,1,1.5931875570837588
P17947_site18,1,1,1.7458798011522136
P17947_site2,2,2,2.4369858236054407
P17947_site3,2,2,3.776450454682729
P17947_site4,2,2,4.574276344669094
P17947_site5,2,2,1.6626472001922614
P17947_site6,2,2,2.885544984876515
P17947_site7,2,2,1.7667417846692004
P17947_site8,2,2,1.4248091008259312
P17947_site9,2,2,2.42051556803626
P18031_site1,246,161,3.902241121799088
P18031_site10,186,123,2.8387601997109906
P18031_site11,180,122,8.441606870791762
P18031_site12,96,72,3.170055159459781
P18031_site13,168,121,2.7393837241650165
P18031_site14,120,82,2.2935965079697342
P18031_site142,23,22,7.589855459591013
P18031_site143,19,13,1.7488063906468356
P18031_site144,9,8,4.628344391820864
P18031_site145,27,21,2.3555785075467712
P18031_site146,12,11,2.5086748505950656
P18031_site147,6,5,1.8455647207373056
P18031_site148,93,66,3.0146569641462064
P18031_site149,2,2,1.4313714609845123
P18031_site15,39,28,2.383637284166781
P18031_site150,29,26,7.379098654923172
P18031_site151,1,1,1.0771819178187552
P18031_site153,141,99,7.507392120709779
P18031_site16,5,5,2.8204591698038604
P18031_site17,27,23,2.66789092607731
P18031_site175,19,17,2.829989768165878
P18031_site176,2,2,2.618480460843843
P18031_site177,5,5,1.2346359626450731
P18031_site18,20,19,7.287247258232922
P18031_site19,49,36,3.337799657534247
P18031_site2,186,132,3.710060227251754
P18031_site20,95,66,3.8462846580406658
P18031_site21,55,46,5.393229885166827
P18031_site22,69,56,2.848695234377346
P18031_site23,111,84,9.013657271161684
P18031_site24,42,36,2.9525379568758856
P18031_site25,212,144,3.5967749848725203
P18031_site26,179,126,4.625292871473267
P18031_site27,251,166,5.492785879334462
P18031_site271,13,11,1.8523082694809296
P18031_site28,56,41,4.8577270380972175
P18031_site29,76,56,5.153327520024451
P18031_site3,237,155,6.010532456925051
P18031_site30,44,36,3.499054991175285
P18031_site31,191,129,6.695709144274783
P18031_site32,25,22,2.62562206248272
P18031_site33,88,66,1.9937304225839307
P18031_site338,1,1,1.8544113126344912
P18031_site339,1,1,1.2811085013083745
P18031_site34,96,70,2.503155721358016
P18031_site340,1,1,0.5097431482278663
P18031_site341,1,1,0.6182831833249395
P18031_site344,1,1,0.5155846987437606
P18031_site347,8,8,11.32865249300144
P18031_site348,1,1,0.7395757262072731
P18031_site349,1,1,1.697447257304216
P18031_site35,2,2,0.967445053020858
P18031_site350,1,1,0.7274032296939021
P18031_site352,1,1,0.570706839346365
P18031_site354,1,1,0.8510157784420501
P18031_site355,1,1,0.6971825030750306
P18031_site356,1,1,1.005711811318148
P18031_site358,5,5,1.2780727755450891
P18031_site359,27,23,1.9603924365711287
P18031_site36,63,49,9.91063608980687
P18031_site37,13,13,1.0487795671273468
P18031_site38,82,63,3.7574028426915937
P18031_site384,11,9,3.4474087350828007
P18031_site39,15,13,2.756372178420996
P18031_site4,247,161,8.237036956022441
P18031_site40,30,27,3.520361415118351
P18031_site404,25,23,1.6711366685132705
P18031_site41,1,1,1.1237931557397765
P18031_site42,11,8,2.092267528940775
P18031_site43,2,2,1.1950465027392023
P18031_site431,5,4,1.955620225536559
P18031_site441,7,7,2.4584781119883026
P18031_site442,4,4,1.675539375130554
P18031_site444,3,2,1.7816948859398476
P18031_site447,2,2,2.2683362337756505
P18031_site448,1,1,3.028692885962566
P18031_site45,160,109,1.9063510463058997
P18031_site46,11,8,3.217316919688508
P18031_site47,3,3,1.5147319088422593
P18031_site48,2,2,1.320205110890713
P18031_site49,92,63,3.542511455182534
P18031_site5,41,34,1.935994114401324
P18031_site51,18,17,2.581691509375452
P18031_site513,6,2,1.3276264026682068
P18031_site514,1,1,1.060366236388942
P18031_site515,6,2,2.020014308552452
P18031_site516,4,2,3.002911200404481
P18031_site519,6,2,2.074112922146929
P18031_site521,5,2,1.033775368348157
P18031_site522,6,2,1.174733015223813
P18031_site523,6,2,1.0178017808986637
P18031_site524,5,2,1.6720726408600457
P18031_site525,5,2,1.4614619646985432
P18031_site527,3,2,2.014718889859908
P18031_site528,6,2,0.9316563172055524
P18031_site53,2,2,1.271935428912173
P18031_site532,1,1,1.7171123444332326
P18031_site534,5,2,1.207081177618618
P18031_site536,2,2,1.1427038085234231
P18031_site538,4,2,3.1450281046360717
P18031_site540,2,1,1.0085622603114972
P18031_site541,1,1,0.5782263475732499
P18031_site546,1,1,1.081811872409906
P18031_site550,1,1,2.260087713651832
P18031_site552,2,1,1.5700677149087572
P18031_site6,249,164,3.449629082999961
P18031_site7,4,4,1.5862712915815866
P18031_site72,7,6,1.6703803336024805
P18031_site73,7,7,2.4585841334638534
P18031_site8,145,101,3.7635353105340337
P18031_site9,42,33,2.0262387733169573
P18669_site1,19,12,2.214653414057694
P18669_site10,22,13,1.8603212178139836
P18669_site11,15,9,5.135974950066578
P18669_site118,2,2,0.2409142556029443
P18669_site12,19,11,1.4947922812060883
P18669_site13,22,13,1.3381011479401492
P18669_site14,11,7,1.4150786548605878
P18669_site15,22,13,1.2390729247068526
P18669_site16,20,13,3.4854374419130387
P18669_site17,19,13,1.424494179446658
P18669_site18,22,13,2.154227722078104
P18669_site19,5,5,1.9111464297003968
P18669_site20,19,12,1.9043999879121207
P18669_site21,22,13,3.796347140390713
P18669_site22,5,4,0.8822372246381605
P18669_site23,22,13,3.040644954464566
P18669_site24,11,9,1.194634335096092
P18669_site25,22,13,1.3026745630219327
P18669_site26,18,12,0.9133677589449232
P18669_site27,22,13,1.9758373340117688
P18669_site28,21,13,6.617184104608757
P18669_site29,21,13,1.5518422867226012
P18669_site3,22,13,1.8731976112112232
P18669_site30,12,8,3.071612628463514
P18669_site31,14,9,2.288988195541705
P18669_site34,21,12,1.4500456905868606
P18669_site35,14,9,2.398288460913903
P18669_site4,19,12,1.7554902486349797
P18669_site40,6,6,1.3111967029275242
P18669_site42,13,8,2.1964007630155207
P18669_site46,1,1,2.6825720810733658
P18669_site47,3,2,1.6488263661737537
P18669_site48,2,2,0.7008205365123682
P18669_site49,4,4,1.0241715635790878
P18669_site5,22,13,1.0972603067990812
P18669_site50,5,5,1.1722411631005565
P18669_site51,4,4,2.048369027697702
P18669_site52,3,2,2.396766878794528
P18669_site6,21,13,4.3003705398792444
P18669_site62,3,3,1.4769390991255018
P18669_site65,2,2,0.770935056977848
P18669_site66,5,4,1.1243361344537814
P18669_site67,7,6,1.4824548348224358
P18669_site68,10,7,2.25663871491292
P18669_site7,18,11,2.9443526845884285
P18669_site71,2,1,0.8955170028635846
P18669_site73,4,3,1.291514761335418
P18669_site75,4,4,1.0633831139233718
P18669_site76,5,5,0.6868137349208725
P18669_site8,10,9,2.033024059521451
P18669_site9,21,13,1.5536229907683554
P19793_site101,1,1,0.9465074623748002
P19793_site102,1,1,1.4825616440276432
P19793_site103,1,1,1.3183755952497738
P19793_site104,1,1,1.6523905713903784
P19793_site105,1,1,1.0125085905783495
P19793_site106,1,1,2.0993352903465263
P19793_site107,1,1,1.395229072941098
P19793_site108,1,1,0.5961443678258536
P19793_site109,1,1,0.8560263027583099
P19793_site111,1,1,0.6209948627378201
P19793_site112,1,1,0.6989693667046204
P19793_site113,1,1,0.9471933661381444
P19793_site115,1,1,2.1775851314826027
P19793_site116,2,2,1.1451131426041337
P19793_site118,1,1,1.0167384157581791
P19793_site119,1,1,0.8438402772198371
P19793_site120,1,1,1.1720866241376848
P19793_site121,1,1,2.072128269883278
P19793_site123,1,1,2.4758799555390887
P19793_site124,1,1,2.1434805792546023
P19793_site125,1,1,1.0218874393356163
P19793_site126,1,1,1.4785635748638193
P19793_site127,1,1,1.0749240634492068
P19793_site128,1,1,1.205604618266621
P19793_site129,1,1,1.140307666538504
P19793_site130,1,1,0.8007971114081885
P19793_site132,1,1,0.9780359212702984
P19793_site133,1,1,1.1810824444015844
P19793_site134,1,1,1.1056990315905404
P19793_site135,1,1,1.1039447391498107
P19793_site137,1,1,1.4996701044022538
P19793_site138,1,1,1.1679589947782958
P19793_site139,1,1,7.354199610404492
P19793_site141,1,1,1.0242714890582956
P19793_site142,1,1,0.9891236175658252
P19793_site143,1,1,0.8704401905219941
P19793_site144,1,1,0.9318946735782434
P19793_site146,1,1,1.1213463489451445
P19793_site147,1,1,1.048725839542166
P19793_site148,1,1,2.078041287876004
P19793_site149,1,1,1.0260888687906138
P19793_site150,1,1,2.015260184530073
P19793_site152,1,1,0.9906765084463884
P19793_site154,1,1,2.088845045298965
P19793_site156,1,1,1.53238951586135
P19793_site157,1,1,0.923279227188497
P19793_site158,1,1,0.6101997634021343
P19793_site159,2,2,1.122612050577387
P19793_site160,1,1,1.3811670508932734
P19793_site78,1,1,0.6851754480547904
P19793_site79,1,1,0.8222439860439494
P19793_site80,1,1,1.139331602855289
P19793_site81,1,1,0.8580702174028598
P19793_site82,1,1,1.052959739012455
P19793_site83,1,1,0.3790514993794676
P19793_site84,1,1,2.4856660769281174
P19793_site87,1,1,0.7427685767666417
P19793_site89,1,1,1.1446971974889697
P19793_site91,1,1,0.7788194799173275
P19793_site92,1,1,0.5621923152243252
P19793_site94,1,1,0.8883707982462244
P19793_site96,1,1,0.4601450175504598
P19793_site99,1,1,1.088941364756092
P20701_site1,1,1,1.154062500876718
P20701_site101,2,2,0.8237407959790024
P20701_site109,5,4,1.5071221377756892
P20701_site116,3,3,0.7726580462800852
P20701_site118,3,3,0.6771180725846002
P20701_site119,2,2,1.7740272723012764
P20701_site120,3,3,1.5630497148489535
P20701_site13,12,11,4.849300337895776
P20701_site130,1,1,0.8597508497213825
P20701_site131,1,1,0.8428691856340402
P20701_site132,1,1,1.104423437540137
P20701_site133,1,1,0.9586634065122808
P20701_site137,1,1,0.7950774210123197
P20701_site138,1,1,1.1700291893093424
P20701_site139,1,1,0.9247763069417244
P20701_site140,1,1,0.8758061435853741
P20701_site141,1,1,0.9764674506000728
P20701_site142,1,1,0.930509129111422
P20701_site144,1,1,0.8004196272268561
P20701_site145,1,1,1.1270445220669771
P20701_site146,1,1,0.948756291080336
P20701_site147,1,1,0.8916811756074593
P20701_site149,1,1,0.7746439436898093
P20701_site15,5,5,1.8769396858083576
P20701_site150,1,1,0.8355223370134177
P20701_site152,1,1,0.4178640987451836
P20701_site153,1,1,0.653666441148672
P20701_site17,12,12,3.4686763233218474
P20701_site18,4,4,0.9718593515002392
P20701_site20,5,5,3.692508278700613
P20701_site21,1,1,1.746246705572289
P20701_site23,13,13,3.4372688288596662
P20701_site24,3,3,1.2816124347658866
P20701_site26,7,7,3.0321905240477225
P20701_site27,2,2,0.7180153634656982
P20701_site28,2,2,1.3739158338255195
P20701_site3,4,3,7.824561324514046
P20701_site30,2,2,1.5636325589042734
P20701_site31,9,9,2.335424160404573
P20701_site33,8,8,1.6305821326272587
P20701_site34,5,5,1.2438090615847512
P20701_site35,2,2,1.2567225706304663
P20701_site36,1,1,0.7098046739484667
P20701_site39,3,3,2.451915673520673
P20701_site4,8,8,1.5787216784236524
P20701_site41,5,5,1.0633062493281256
P20701_site5,9,8,2.0696039404811466
P20701_site50,1,1,0.947884926900285
P20701_site72,1,1,0.8137889241856459
P20701_site8,1,1,1.4746408152434256
P20701_site80,3,3,2.2932980240374823
P21589_site108,11,9,2.5612285367674508
P21589_site116,5,5,0.9725212709856672
P21589_site118,2,2,1.2395028302172912
P21589_site119,13,8,1.623899203326962
P21589_site120,9,8,1.634512530562347
P21589_site129,8,8,0.777483404610179
P21589_site131,2,2,1.4198315588749404
P21589_site135,1,1,0.5526808130552336
P21589_site136,1,1,1.088522161536652
P21589_site138,7,7,0.909723696895325
P21589_site147,3,3,1.8331934112407573
P21589_site18,2,2,2.572764243737168
P21589_site28,10,7,4.0725426444982045
P21589_site3,37,23,1.4724469062625374
P21589_site30,38,24,1.329376006308941
P21589_site37,37,24,1.0291782015178272
P21589_site38,21,16,1.2412406374101443
P21589_site43,10,8,2.9093305218766474
P21589_site49,26,17,1.9836952559917709
P21589_site51,10,8,1.4524193697954335
P21589_site57,11,8,1.6754718198795593
P21589_site61,33,22,1.7899219639534565
P21589_site62,10,9,3.587338840423068
P21589_site63,19,14,2.747125542664948
P21589_site65,20,14,1.0661031630714206
P21589_site66,20,14,1.988320595465308
P21589_site67,17,11,1.8732919328977915
P21589_site68,17,11,1.4652754570321689
P21589_site69,18,12,2.604443568849502
P21589_site71,8,4,1.0476249625143512
P21589_site72,6,6,1.7001977570302838
P21589_site74,17,11,1.1339966658353131
P21589_site77,8,6,1.748018546615879
P21589_site78,11,6,1.9434708733660588
P21589_site79,16,11,1.2708527254602946
P21589_site81,12,7,1.7573263101854464
P21589_site82,11,6,7.595138456059122
P21589_site84,18,11,1.1521460043635443
P21589_site85,18,11,1.0870906647116323
P21589_site86,24,16,1.4716097991019732
P21589_site87,14,9,1.1794079255704415
P21589_site89,29,19,1.0842310801857469
P21589_site90,15,10,1.0619233739971512
P21589_site91,13,10,0.8604094772494888
P21589_site92,8,7,2.0080292083726543
P21589_site93,13,11,1.7275449563149434
P21589_site94,14,11,1.3577553471449515
P21589_site98,10,7,2.172483532110707
P21675_site1,4,4,0.3291207654917008
P21675_site10,5,4,3.038368327247435
P21675_site106,1,1,0.8409188123356842
P21675_site107,2,2,1.514010472392439
P21675_site11,1,1,0.9447227536092264
P21675_site12,2,2,4.384717886078167
P21675_site15,4,4,0.9316595988447492
P21675_site16,6,4,2.819534418693342
P21675_site2,9,7,1.278120653468999
P21675_site3,20,16,2.531800015209254
P21675_site4,12,10,2.20750168900603
P21675_site8,9,7,3.0930845240533693
P21675_site82,14,13,1.330132922506958
P21675_site83,13,10,1.2129281171835409
P21675_site84,15,13,2.168782122831452
P21675_site85,3,3,1.9684715888674444
P21675_site86,1,1,2.45893434740799
P21675_site87,1,1,1.0378337579016887
P21675_site88,2,2,1.309589785134314
P21675_site89,2,2,1.8450975896467263
P21675_site9,13,13,2.510118211627364
P21675_site91,2,2,1.3091741179952228
P21675_site93,1,1,0.8365201523325927
P21675_site94,2,2,1.0419000894360373
P21802_site217,1,1,1.6275293212315258
P21802_site218,1,1,0.4126935490460432
P21802_site220,1,1,0.9354735389202654
P21802_site221,1,1,0.74928912165666
P21802_site222,1,1,0.9187287729313026
P21802_site224,1,1,1.4309152711227844
P21802_site225,1,1,0.9984775783180748
P21802_site226,1,1,1.1322142385432954
P21802_site227,1,1,0.8863238752882019
P21802_site229,1,1,0.936728602028578
P21802_site230,1,1,1.051130411721806
P21802_site232,1,1,1.187561961680436
P21802_site234,1,1,0.9813507003718168
P21802_site358,2,2,1.195426209963604
P21802_site360,2,2,0.7302483230851242
P21802_site361,2,2,0.5115024078629463
P21802_site364,2,2,2.571359394035161
P21802_site365,2,2,0.6606800658016005
P21802_site366,2,2,0.6083806369371234
P21802_site367,2,2,0.8405198935178235
P21802_site368,2,2,0.7878750405245971
P21802_site370,3,3,2.4659363549008986
P21802_site372,2,2,1.234577606171655
P21802_site373,2,2,0.6724248583555303
P21802_site376,2,2,1.8860075147259088
P21802_site381,2,2,0.9589462114158098
P21802_site382,2,2,0.6458408666113236
P21802_site385,2,2,0.9326325543200834
P21802_site387,2,2,0.996085310982246
P21802_site389,2,2,0.800240134527681
P21802_site390,2,2,1.710154110626856
P21802_site391,2,2,1.921301377137395
P21802_site394,2,2,1.1293385915492955
P21802_site395,2,2,0.8183613119907726
P21802_site398,2,2,0.3892315509045322
P21802_site399,2,2,0.4350092396386029
P21953_site1,7,5,1.4185839889459095
P21953_site10,7,5,3.3975301381946488
P21953_site13,5,4,1.1131623751885569
P21953_site15,7,5,1.02686121069169
P21953_site17,7,4,0.841864538502537
P21953_site18,8,5,1.206305479984454
P21953_site19,8,5,1.4962263716982809
P21953_site2,8,5,1.0713395496336124
P21953_site20,8,5,1.768577991407546
P21953_site21,6,4,1.170232454088792
P21953_site22,8,5,1.682236882177378
P21953_site23,5,3,0.9528075281883176
P21953_site24,7,5,1.723571833088363
P21953_site25,8,5,1.018691110450351
P21953_site26,8,5,1.2149563845175997
P21953_site27,7,5,1.0097774680221705
P21953_site28,8,5,1.2511339294100536
P21953_site29,6,3,0.9194952574525744
P21953_site3,8,5,1.0786085344443572
P21953_site31,7,5,1.5371622069367683
P21953_site32,7,5,2.120792022953893
P21953_site34,7,5,1.4749707965834682
P21953_site35,5,3,0.846406571998063
P21953_site36,4,2,0.6248807655620173
P21953_site4,8,5,1.2016528098740589
P21953_site40,8,5,1.7730044332410348
P21953_site41,6,5,2.588393307357323
P21953_site42,8,5,1.1842513706087987
P21953_site43,7,4,1.072112686595084
P21953_site44,7,5,1.0948222536179313
P21953_site47,7,5,1.0393326709232924
P21953_site49,6,4,1.1785612423041776
P21953_site5,8,5,1.2708022127743397
P21953_site50,7,5,0.9327296415925652
P21953_site52,1,1,1.0387835634564944
P21953_site54,1,1,0.9010620380552036
P21953_site55,5,3,1.1017048687497528
P21953_site56,5,3,1.0025605264878292
P21953_site57,4,2,1.9478552162629317
P21953_site6,8,5,1.0382628620298076
P21953_site60,2,2,1.4367239732569246
P21953_site62,1,1,1.2835629024391166
P21953_site7,5,3,1.1129110379382066
P21953_site8,7,5,1.4484588406375638
P21953_site9,8,5,0.7105581122034638
P22102_site1,1,1,1.0210154223324497
P22102_site103,5,4,1.5631348269100445
P22102_site105,2,2,1.55075605549105
P22102_site11,6,4,1.399350838415985
P22102_site119,1,1,1.169465955948909
P22102_site12,1,1,1.0887646887976576
P22102_site13,1,1,1.5664773595123376
P22102_site14,8,5,1.7571542801797435
P22102_site15,1,1,1.68550121190478
P22102_site17,6,4,1.0118442660881206
P22102_site18,4,3,2.057805630649081
P22102_site19,1,1,0.9777058831213504
P22102_site2,1,1,1.2800369742343456
P22102_site21,1,1,1.0905342172494377
P22102_site22,5,4,1.5647809715213288
P22102_site23,1,1,0.9496770517213888
P22102_site26,1,1,1.853269192962358
P22102_site27,1,1,2.0763200437243388
P22102_site29,1,1,1.3800018138576011
P22102_site3,6,4,1.918386306691816
P22102_site30,3,3,3.0556372402922105
P22102_site31,2,1,1.111790816813568
P22102_site32,8,5,3.442144949110856
P22102_site33,1,1,0.1651754100682441
P22102_site34,1,1,1.5363133269404818
P22102_site4,1,1,0.9759566792071424
P22102_site44,6,5,1.5783488759305029
P22102_site48,1,1,0.2898932536350407
P22102_site49,5,5,2.619732411525135
P22102_site5,1,1,0.6759015245505816
P22102_site50,2,1,0.8594961959164833
P22102_site51,2,1,1.322982412793963
P22102_site6,2,2,0.8960724609751397
P22102_site7,1,1,0.3227321958842408
P22102_site8,1,1,1.4176927047633552
P22102_site82,5,4,1.3527499384705202
P22102_site9,1,1,1.0121264298198556
P22303_site102,10,5,1.2621929222127504
P22303_site137,5,3,1.1902490829762713
P22303_site153,6,3,1.9667502858221133
P22303_site213,15,6,1.4789904019309874
P22303_site234,3,3,1.1914785273208794
P22303_site274,2,2,0.9308709775585452
P22303_site306,4,2,1.454923304773755
P22303_site307,1,1,1.0790217536183258
P22303_site308,9,5,1.3835900322366064
P22303_site309,5,3,0.6352238888403069
P22303_site32,31,15,2.8385379950522145
P22303_site35,33,17,1.3059875752520165
P22303_site36,31,16,1.208314757021846
P22303_site38,31,17,2.287788939108456
P22303_site39,27,14,2.6393949268887518
P22303_site42,28,16,1.571149142811625
P22303_site44,33,17,1.412140084432304
P22303_site45,33,17,3.722527854780533
P22303_site46,15,7,0.9495854088712946
P22303_site47,31,16,5.331956966705148
P22303_site54,29,15,1.909583417898038
P22303_site58,29,14,2.048438207333635
P22303_site64,26,14,1.3788560557885443
P22303_site68,32,16,5.815070776605426
P22303_site70,33,17,1.5475053065685054
P22303_site72,28,14,2.7999775006327945
P22303_site73,29,15,1.240620160823896
P22303_site74,33,17,1.8652971075582112
P22303_site83,14,10,2.833855865929695
P22303_site84,20,11,1.0283788282290278
P22303_site95,19,11,2.9461592858308503
P22303_site99,28,14,2.554086390371384
P22455_site19,17,16,1.0570314085762444
P22455_site20,5,5,1.296083205676046
P22455_site21,6,6,1.1741237032379754
P22455_site22,22,18,2.2228665349944983
P22455_site23,9,9,2.3956693955538872
P22455_site24,18,17,1.6305831047337696
P22455_site25,21,20,1.5242607875300658
P22455_site26,4,4,1.5782983718257553
P22455_site27,22,22,3.0205551353975006
P22455_site28,15,14,1.787613504933927
P22455_site29,13,13,1.6132997220142171
P22455_site30,6,6,2.490721541932371
P22455_site31,9,8,3.113673887715495
P22455_site32,19,18,1.3586659409057025
P22455_site33,15,13,1.5672992819511402
P22455_site34,20,19,2.554678401173451
P22455_site35,17,17,2.328298190280988
P22455_site36,1,1,0.9117617023950731
P22455_site37,7,7,2.934270807407612
P22455_site38,3,3,1.499345907528897
P22455_site39,6,6,1.2499751908649457
P22455_site40,13,13,1.3517197370137577
P22455_site41,16,13,2.2773213221369666
P22455_site42,10,10,1.6087872157093943
P22455_site43,17,16,3.2917947183768934
P22455_site44,11,10,1.951468770100828
P22455_site45,15,15,1.080597562620062
P22455_site47,5,5,1.4972045907753155
P22455_site48,3,3,0.9084769427471036
P22455_site50,3,3,1.3047984895795512
P22455_site51,1,1,2.187610559515834
P22455_site52,6,6,1.967911916487543
P22455_site54,1,1,2.849308647761894
P22455_site55,3,3,1.2743293905447608
P22455_site57,4,4,1.125931872560131
P22681_site1,1,1,1.7584205116547986
P22681_site10,2,2,2.95421344923337
P22681_site100,1,1,0.9167324236417176
P22681_site101,1,1,1.2210973173174131
P22681_site102,1,1,1.2821657244244609
P22681_site103,1,1,1.4440565846696816
P22681_site105,1,1,1.0010087702134505
P22681_site11,1,1,1.5239537071653648
P22681_site12,1,1,2.2344328215706906
P22681_site121,1,1,2.1300402370457703
P22681_site13,1,1,0.6020168957515527
P22681_site132,1,1,1.2881670060005694
P22681_site14,2,2,1.5453587575672432
P22681_site15,1,1,1.5884362371105998
P22681_site157,1,1,0.9848739207893656
P22681_site16,1,1,0.967446553332445
P22681_site18,2,2,3.361392803630757
P22681_site19,1,1,1.1569598723490062
P22681_site2,1,1,1.680356855810963
P22681_site20,2,2,1.224243155228561
P22681_site21,2,2,2.766274607486748
P22681_site216,1,1,0.5922207005756104
P22681_site217,1,1,1.3527825766801669
P22681_site218,1,1,0.8340714560040393
P22681_site25,1,1,0.8106031693946192
P22681_site27,1,1,1.293514416588484
P22681_site28,2,2,1.8324090725709947
P22681_site29,2,2,5.791079969128113
P22681_site3,1,1,3.461991033311401
P22681_site38,1,1,1.1564011785103725
P22681_site39,1,1,1.3777454394262252
P22681_site4,1,1,0.5340814001103851
P22681_site43,1,1,2.1375434966613374
P22681_site5,2,2,1.8540866421543456
P22681_site57,1,1,1.586536722596202
P22681_site6,1,1,1.6630531013424394
P22681_site70,1,1,2.416079892332599
P22681_site8,1,1,1.0418878960194964
P22681_site81,1,1,2.269876668861881
P22681_site9,1,1,0.9823532095789256
P22681_site96,1,1,1.1619010600134425
P22681_site98,1,1,1.6173260267983565
P22894_site1,12,6,6.441449688093301
P22894_site11,13,10,3.889903781944453
P22894_site12,12,9,2.633210572466492
P22894_site13,11,7,2.622559220800473
P22894_site15,4,3,1.7583133129828374
P22894_site17,3,3,0.6944379892367906
P22894_site2,20,12,5.380783114593404
P22894_site3,5,3,3.362011384402109
P22894_site37,6,6,2.486629658741076
P22894_site4,10,6,1.524942875860857
P22894_site5,5,4,1.76240851495185
P22894_site6,12,9,1.3719849094028846
P22894_site7,11,8,2.208731141764692
P22894_site8,12,7,1.1002240928548854
P22894_site9,4,4,1.233259863171699
P23497_site1,2,2,1.0605320656786974
P23497_site10,3,3,0.7648774238300673
P23497_site11,2,2,1.1124440985185282
P23497_site12,3,3,1.2479994974438438
P23497_site18,3,3,1.0129769223915177
P23497_site2,3,3,0.706250441221458
P23497_site21,3,3,1.766055431131019
P23497_site22,1,1,1.9934629501041563
P23497_site25,3,3,1.382220151496934
P23497_site26,2,2,1.6000708965748571
P23497_site28,3,3,1.2777893184320406
P23497_site29,3,3,1.1018142495806005
P23497_site33,2,2,0.6572960721452499
P23497_site34,2,2,1.5978677015520206
P23497_site39,2,2,0.7633358795043125
P23497_site40,2,2,0.782987054198108
P23946_site124,2,2,0.3464477806389154
P23946_site42,8,6,2.15380487362438
P23946_site44,7,6,2.4166284754048277
P23946_site50,5,3,1.4417569200569602
P23946_site52,2,2,1.7863456816856251
P23946_site55,5,3,1.3101399181996836
P23946_site59,5,3,0.9573431848042953
P23946_site62,2,2,0.6093522816452422
P23946_site64,2,2,1.126198301250587
P23946_site67,5,3,1.4363942262755205
P23946_site68,5,3,3.030460948423071
P23946_site71,5,3,2.193941645570714
P23946_site72,3,2,2.116292671121449
P23946_site74,4,3,1.8398912631179667
P23946_site75,5,3,1.8565123465621336
P23946_site76,4,3,1.8919285081548645
P23946_site77,3,2,1.7618365450563067
P23946_site82,2,2,1.3379242245111953
P23946_site83,1,1,1.1121794236660736
P23946_site87,2,2,0.8366870783601453
P23946_site94,1,1,1.3856943653396705
P24941_site1,26,17,1.7364794833787214
P24941_site10,24,21,8.58235218591513
P24941_site100,32,20,24.327105312875997
P24941_site102,3,3,1.2812444255519415
P24941_site103,2,2,4.566109243330568
P24941_site104,1,1,0.7468383308668362
P24941_site105,3,3,0.9136994346964248
P24941_site1053,5,5,0.9714867149446468
P24941_site1066,15,12,1.4395409415228964
P24941_site107,3,3,1.8304587294809496
P24941_site109,4,4,1.2444635843726315
P24941_site1091,76,52,6.032450584078683
P24941_site11,46,28,3.007065107159759
P24941_site111,2,2,0.8913747915819302
P24941_site113,4,4,0.9326108612488136
P24941_site114,10,10,2.0148607801429783
P24941_site1154,5,3,1.5630749442708718
P24941_site1156,14,14,4.389105012634424
P24941_site116,4,4,1.097065836700886
P24941_site118,4,4,0.879698066882716
P24941_site120,4,4,1.0646884036150042
P24941_site1202,16,13,3.266717444099944
P24941_site122,36,23,2.176743294086133
P24941_site123,17,12,1.7239142870394706
P24941_site124,16,11,8.699679510945238
P24941_site125,17,16,3.09579287654243
P24941_site126,18,15,2.233845788419286
P24941_site127,4,4,3.032139038238528
P24941_site13,33,24,2.266420176651178
P24941_site130,4,4,1.3618953166302497
P24941_site132,4,4,1.6698389458272327
P24941_site134,3,3,1.0065033884545214
P24941_site135,4,4,1.159934903791633
P24941_site136,19,16,2.3176752911367733
P24941_site137,14,12,0.8452151612204107
P24941_site1389,3,3,1.0788348645922574
P24941_site139,3,3,1.268315907148024
P24941_site1391,1,1,0.6727357012692221
P24941_site141,12,10,2.634115911149597
P24941_site143,4,4,1.2647833298416715
P24941_site144,2,2,0.9677040652792634
P24941_site145,4,4,0.8424558223833257
P24941_site15,25,16,2.378767363906495
P24941_site16,20,15,2.20532931202471
P24941_site19,9,6,1.2998366091441325
P24941_site2,48,28,4.273883380286047
P24941_site20,20,13,2.656549432595929
P24941_site21,20,14,2.993215360589105
P24941_site22,15,10,1.9327237637492645
P24941_site233,52,45,1.7151009447081955
P24941_site234,11,10,1.3487889322055366
P24941_site235,70,55,3.990488745560325
P24941_site237,38,32,8.093187092332437
P24941_site239,21,18,1.5744915949782654
P24941_site240,6,4,2.0614599912037286
P24941_site241,22,14,3.54178742412945
P24941_site242,32,18,1.3563873356470193
P24941_site243,36,22,1.641920088592902
P24941_site244,23,13,2.0105662467583696
P24941_site246,6,5,2.0020642070041594
P24941_site247,36,20,2.5464027020289124
P24941_site249,33,18,3.9183411335685703
P24941_site25,20,16,0.6748305941641418
P24941_site254,13,11,2.2760019335981894
P24941_site26,28,17,2.300041922807183
P24941_site261,13,11,2.089319409577943
P24941_site264,18,14,2.679143100679548
P24941_site266,26,18,1.4793269515298575
P24941_site267,22,15,2.7852791843854154
P24941_site269,27,17,1.602977397006045
P24941_site27,39,26,1.861633446622835
P24941_site270,23,14,1.5551878117436189
P24941_site273,20,14,6.074365214569644
P24941_site275,20,14,1.888096916679856
P24941_site279,31,18,3.677872530827642
P24941_site28,30,22,5.189346015224251
P24941_site280,31,16,2.181101002579294
P24941_site281,29,17,2.7817952557333125
P24941_site286,26,17,2.425210272041184
P24941_site288,20,16,2.720274748145065
P24941_site289,13,9,1.011015682047359
P24941_site29,10,9,2.000687558186213
P24941_site290,13,8,2.0601865186557577
P24941_site291,20,15,1.5231307574122388
P24941_site292,23,18,2.155177681369425
P24941_site294,20,16,6.076123176077903
P24941_site296,13,12,4.470784943818594
P24941_site297,14,11,1.0091465829909034
P24941_site3,47,28,11.709463738251998
P24941_site302,1,1,0.9387272693431608
P24941_site303,1,1,0.7062931856087682
P24941_site305,22,16,1.2807894223294292
P24941_site306,3,3,1.2869686406329972
P24941_site307,3,3,1.073642806667498
P24941_site309,1,1,0.5157783293196376
P24941_site31,10,6,2.039263136573457
P24941_site311,2,2,0.7338012990760425
P24941_site313,13,10,1.006367240286148
P24941_site314,1,1,1.7746109513015724
P24941_site315,15,14,1.484803247023772
P24941_site32,7,7,1.3427749657338357
P24941_site320,16,11,2.028907461466345
P24941_site323,13,10,1.6865665362446882
P24941_site324,25,14,1.409742594620865
P24941_site326,14,12,1.3274770490995822
P24941_site33,17,11,4.6028870391527485
P24941_site331,14,11,2.1975746528584037
P24941_site334,5,5,1.554324896335758
P24941_site335,3,2,0.965449135882704
P24941_site336,2,2,3.168569372162551
P24941_site337,4,3,1.0715141986833054
P24941_site339,4,3,0.5927062505263117
P24941_site34,27,19,4.41529990462812
P24941_site340,3,2,0.6747185345583573
P24941_site341,4,4,2.315727084248358
P24941_site342,3,2,1.804044412390153
P24941_site343,4,3,1.1551997151958584
P24941_site344,1,1,0.9560426117804448
P24941_site345,1,1,0.2897090320982617
P24941_site347,6,4,1.6823940979531284
P24941_site348,3,2,0.9529219136212026
P24941_site349,2,2,1.174377256195969
P24941_site35,12,9,1.59835415427325
P24941_site351,4,3,0.6237214329349478
P24941_site352,6,4,2.5596342268949197
P24941_site355,2,2,0.4344339241732951
P24941_site357,5,4,1.1318332193890188
P24941_site358,6,6,3.388481769545475
P24941_site359,2,2,1.887699807057703
P24941_site36,19,14,4.859822049999059
P24941_site364,1,1,0.8652925638357479
P24941_site365,5,4,0.7569982792570648
P24941_site367,5,3,1.847722712300761
P24941_site369,11,8,1.687432496651834
P24941_site37,11,8,2.7464379998447086
P24941_site371,3,2,1.0903073995868269
P24941_site372,4,4,4.884009691096305
P24941_site373,4,3,3.3840077265716224
P24941_site377,4,3,5.020152883947186
P24941_site379,1,1,1.2188195991091315
P24941_site38,19,14,2.193709960892241
P24941_site380,1,1,0.48380711554206
P24941_site381,1,1,2.020394014929558
P24941_site383,8,8,1.472211836267753
P24941_site384,2,2,1.0551630523074256
P24941_site385,7,7,0.8547420765682103
P24941_site387,5,5,1.3754838354743255
P24941_site389,2,2,0.6348117132757707
P24941_site39,13,12,2.152447529189714
P24941_site390,8,8,1.513379071087983
P24941_site391,5,5,1.2961660012448717
P24941_site392,9,8,1.0347679208660083
P24941_site393,3,3,2.004488850275123
P24941_site394,11,9,1.016599584299272
P24941_site395,3,3,1.4861407727786653
P24941_site396,5,5,1.8886128621557
P24941_site397,5,5,2.276411925855735
P24941_site398,3,3,3.235899152366048
P24941_site399,7,7,1.4194570324937843
P24941_site4,41,27,1.4527319583156175
P24941_site400,7,5,1.3005040968128605
P24941_site401,7,6,2.3257131152071637
P24941_site402,21,15,3.872046475636095
P24941_site403,1,1,1.159995450335538
P24941_site404,6,6,1.0208507116206589
P24941_site405,9,7,1.9032436091008484
P24941_site406,4,4,0.7728218277995468
P24941_site407,2,2,1.4819185803935595
P24941_site409,13,11,1.8261230090581544
P24941_site41,256,171,3.5803314655044614
P24941_site410,6,6,1.4634033380657223
P24941_site411,2,2,1.7387602319937474
P24941_site412,4,4,1.7316750924388251
P24941_site413,11,10,3.8614050932403896
P24941_site416,2,2,0.8992452034285675
P24941_site417,5,5,0.6099530694399234
P24941_site418,2,2,2.3354529250773943
P24941_site419,3,3,1.2987233943150365
P24941_site42,238,159,3.0537817895096087
P24941_site420,5,5,1.3763633481293596
P24941_site421,2,2,1.454865961054385
P24941_site423,24,20,1.5649146782891332
P24941_site426,1,1,1.1938363271844368
P24941_site427,6,5,1.373965700098237
P24941_site428,7,7,1.0594517009653242
P24941_site429,37,22,1.3700027927623355
P24941_site43,125,100,5.116272824919442
P24941_site431,10,8,3.2377218805561223
P24941_site432,34,19,1.5679370120786182
P24941_site433,8,6,0.5354458853612807
P24941_site434,4,4,0.9785275139489952
P24941_site435,5,5,3.270315896261277
P24941_site436,9,5,1.0200608306879186
P24941_site437,2,1,0.5813453920540603
P24941_site438,18,10,1.1107911342723311
P24941_site439,29,17,3.0435632130576225
P24941_site44,267,175,4.955474681760723
P24941_site440,2,2,0.6782640917836529
P24941_site441,4,4,2.326318150908212
P24941_site442,6,6,1.4359847662785894
P24941_site443,10,8,2.020853373930355
P24941_site444,4,4,1.137832779363991
P24941_site445,11,7,0.8134311979349765
P24941_site446,12,9,1.2691034289158418
P24941_site447,12,7,1.507588122487256
P24941_site449,5,5,1.1318679803046254
P24941_site45,63,50,2.414891955219995
P24941_site450,1,1,0.93122427356518
P24941_site451,12,10,3.817702200041122
P24941_site452,9,9,0.6396952478532091
P24941_site453,4,4,2.241469149628056
P24941_site455,2,2,0.6081630156729475
P24941_site456,4,4,1.633909218070964
P24941_site457,4,4,1.4587743110885036
P24941_site458,3,3,1.1793499334727238
P24941_site459,8,7,0.9470312369148312
P24941_site46,101,82,2.4215238239834003
P24941_site460,5,5,1.770645201536747
P24941_site461,4,4,1.1544509010862547
P24941_site462,11,10,1.40481268777291
P24941_site463,4,4,1.5354520913421454
P24941_site464,3,3,2.313879907374801
P24941_site466,3,3,1.3337112338136812
P24941_site467,4,3,0.7789518465713103
P24941_site468,3,3,0.8205385793287753
P24941_site469,7,6,2.0255285592930656
P24941_site470,14,11,1.0155976912377385
P24941_site471,8,6,3.940012676566462
P24941_site473,13,9,1.4087559742208573
P24941_site474,3,3,1.2873229092244456
P24941_site475,32,29,1.8185728924168088
P24941_site476,16,13,2.654706322968704
P24941_site48,210,144,2.386216431800053
P24941_site483,7,6,3.6853586854155167
P24941_site49,242,162,2.5405400144055754
P24941_site50,285,186,2.66190493310803
P24941_site51,124,98,2.861409025963205
P24941_site52,49,42,3.865461162288184
P24941_site525,10,7,1.4359757848920705
P24941_site529,6,4,1.941904325742121
P24941_site53,225,151,1.6540931609554996
P24941_site544,8,5,1.3531203867430204
P24941_site55,268,178,4.399211613790134
P24941_site56,187,122,3.719725124729361
P24941_site579,4,4,7.871275441494784
P24941_site58,222,151,2.652544159570275
P24941_site580,1,1,0.8979578888214127
P24941_site581,5,5,1.4662079865102613
P24941_site582,7,7,3.019485419054586
P24941_site583,1,1,0.9717282462361522
P24941_site585,3,3,1.0591755903659688
P24941_site586,5,5,2.046267972337205
P24941_site587,4,3,1.5788042631431332
P24941_site588,1,1,0.8487812114849135
P24941_site59,40,33,1.5794627839412831
P24941_site591,10,6,2.143220029845797
P24941_site593,9,8,2.3133842748652813
P24941_site594,6,6,1.534927751018896
P24941_site596,3,3,2.0699492195765044
P24941_site6,40,27,1.977329806042215
P24941_site60,219,150,5.194711941580319
P24941_site600,3,3,1.9743253335486344
P24941_site601,1,1,1.184528199185279
P24941_site602,1,1,1.5650853876307402
P24941_site603,1,1,1.310143390281282
P24941_site604,5,5,0.9886139658238148
P24941_site607,5,5,2.2170811379081616
P24941_site608,20,10,0.9922160761855108
P24941_site61,36,35,3.523849025300705
P24941_site612,2,2,0.9067058453143038
P24941_site615,2,2,1.8670516510496649
P24941_site618,6,5,1.3068489066478035
P24941_site62,264,173,3.011728523769808
P24941_site620,1,1,0.8654217258619571
P24941_site625,1,1,1.2000186344663089
P24941_site627,3,3,0.8095816752575026
P24941_site628,3,3,1.0132868365807255
P24941_site63,244,160,10.071601885119684
P24941_site630,2,2,1.007844133450341
P24941_site632,3,3,0.9096937028278356
P24941_site633,5,5,1.424572706256869
P24941_site634,3,3,1.0472500796900668
P24941_site635,4,3,1.9843692287028645
P24941_site636,3,3,0.9798305788031808
P24941_site637,3,3,1.23977571682921
P24941_site638,6,5,2.4088256494136564
P24941_site639,11,6,1.1444446151718628
P24941_site64,297,192,2.496980632181051
P24941_site640,7,6,2.1896347654092385
P24941_site641,4,4,2.240047536634165
P24941_site643,4,4,0.8570213046747341
P24941_site644,1,1,0.4992686785073622
P24941_site646,7,7,2.738811014518474
P24941_site647,5,5,1.2434466814723122
P24941_site648,3,3,1.3760861989500546
P24941_site649,6,6,0.8976207030331431
P24941_site65,88,74,1.871493328943512
P24941_site650,5,5,0.961184802598114
P24941_site651,6,6,0.9142492132240676
P24941_site652,5,5,2.0527140827377397
P24941_site653,3,3,1.0788482179207226
P24941_site654,3,3,1.2114405695582748
P24941_site656,2,2,1.4322643722122452
P24941_site657,4,4,3.8120750748118746
P24941_site658,3,3,2.9541596523233618
P24941_site659,3,3,1.2986135429870729
P24941_site66,191,132,3.6790285393358064
P24941_site660,5,5,0.5607263686724886
P24941_site662,3,3,0.8283766527612129
P24941_site663,5,5,1.768945111176557
P24941_site664,4,4,1.7868387518379347
P24941_site665,2,2,1.1483622023872624
P24941_site666,3,3,2.037221519603074
P24941_site667,3,3,1.1337371368377118
P24941_site668,1,1,0.8659738408603659
P24941_site669,6,5,1.831240517067918
P24941_site670,5,5,1.849081566721024
P24941_site671,5,5,1.3749133190343337
P24941_site673,3,3,1.0363036886573052
P24941_site674,2,2,2.4603680902027696
P24941_site675,5,5,2.2857133407856702
P24941_site676,1,1,1.0955591764183084
P24941_site677,5,5,0.8987719020092643
P24941_site678,1,1,1.1378835169864976
P24941_site679,4,4,1.1273948507011746
P24941_site68,230,149,1.820454769558444
P24941_site680,2,2,0.7436049345367148
P24941_site681,5,5,1.1650735851919285
P24941_site682,1,1,1.5351396853124724
P24941_site683,3,3,1.0791240793361323
P24941_site686,6,6,2.051682670831204
P24941_site687,4,4,5.541813670653702
P24941_site688,2,2,0.737387596049463
P24941_site689,5,5,2.2689402191513044
P24941_site692,48,44,1.7842607506742585
P24941_site7,7,7,1.3190281173594134
P24941_site70,77,62,1.0326746816430863
P24941_site701,20,20,1.8673716370539557
P24941_site72,85,66,1.891928834247041
P24941_site720,1,1,0.8806004714019577
P24941_site73,136,90,2.986583674410343
P24941_site738,3,3,1.1352556326570504
P24941_site74,73,62,2.3695992885085424
P24941_site75,62,52,2.3729596068074894
P24941_site76,6,6,1.6171256779585668
P24941_site760,4,4,1.3338588899341486
P24941_site761,5,5,1.4616051923880726
P24941_site763,2,2,2.253341939648217
P24941_site764,1,1,0.8236390594262617
P24941_site765,2,2,0.9556066604564508
P24941_site766,4,4,2.129169267113734
P24941_site768,2,2,1.6320500419798791
P24941_site769,4,4,1.6575740566018955
P24941_site77,65,54,3.145400038396597
P24941_site770,8,8,2.24934232440783
P24941_site771,3,3,1.117447993899081
P24941_site772,5,5,1.3395520797817937
P24941_site773,3,3,0.6580665909702487
P24941_site774,5,5,1.6543703765033224
P24941_site775,3,3,1.2620619208178778
P24941_site777,1,1,0.9782056582599964
P24941_site78,50,40,3.4130465949820787
P24941_site780,5,5,1.4235666216826803
P24941_site781,2,2,2.781802812760328
P24941_site782,3,3,1.5667452771226906
P24941_site783,5,5,1.526715864359102
P24941_site784,9,9,2.076589660963101
P24941_site786,5,5,0.9143985807335082
P24941_site787,4,4,1.0103316234376127
P24941_site788,4,4,1.8332377281408052
P24941_site789,2,2,0.5638413717346601
P24941_site790,1,1,1.4995959840329016
P24941_site792,3,3,0.9440370279919524
P24941_site793,9,9,1.929347853640977
P24941_site794,5,5,2.300574156453567
P24941_site796,1,1,0.4111872487916171
P24941_site80,68,53,2.849561479093987
P24941_site81,111,87,2.443797176722613
P24941_site82,116,82,5.501706992667854
P24941_site83,72,54,2.6869529311798086
P24941_site84,88,66,5.616393697120237
P24941_site85,34,29,2.4095629216779115
P24941_site86,4,4,1.1166021365275134
P24941_site88,4,4,0.9526784613833208
P24941_site89,3,3,2.016866277292068
P24941_site892,2,2,0.6469217692589179
P24941_site893,22,17,4.019090622864208
P24941_site9,12,8,1.9742630571915456
P24941_site91,10,7,1.8826537053402344
P24941_site93,4,4,1.351608350771327
P24941_site939,4,4,1.929496141074434
P24941_site94,3,3,3.249715410169061
P24941_site950,5,5,3.507536178883026
P24941_site957,2,2,1.6881347037673269
P24941_site96,4,4,1.307613965389536
P24941_site97,3,3,0.4958007577476604
P24941_site98,24,18,2.1530335152043447
P24941_site99,29,20,3.017969632713709
P25054_site102,5,4,1.499032630796378
P25054_site107,5,4,1.6799561735576358
P25054_site119,5,4,1.4600141983534891
P25054_site122,5,4,1.4966064310912437
P25054_site126,5,4,1.2207064414549391
P25054_site145,5,4,1.3237327664492695
P25054_site165,5,4,1.6199131777274514
P25054_site172,5,4,0.7667421573561484
P25054_site332,5,4,0.779932549345757
P25054_site60,5,4,1.3269091934574166
P25054_site64,5,4,1.172512093479807
P25054_site65,5,4,0.3634544479864467
P25054_site67,5,4,2.196418092734568
P25054_site68,5,4,1.485911735938905
P25054_site69,5,4,1.331039260969977
P25054_site70,5,4,0.8603781050024084
P25054_site74,5,4,1.024966828084421
P25054_site77,5,4,3.139616916366395
P25054_site78,5,4,1.0526195586201716
P25054_site80,5,4,1.808901980254104
P25054_site88,5,4,0.9956801313592708
P25440_site1,2,2,1.041816660940744
P25440_site10,2,2,0.8822702764005552
P25440_site100,9,9,6.462697787208245
P25440_site104,18,17,1.0467186756731044
P25440_site105,19,18,0.8557502364418326
P25440_site106,12,11,4.249221434491861
P25440_site108,19,18,1.3313854244325292
P25440_site109,8,8,1.5928525274616034
P25440_site11,2,2,0.8546757510245381
P25440_site110,17,17,2.480712282575367
P25440_site111,17,16,2.1490480723465013
P25440_site114,17,16,1.2136374237830274
P25440_site115,17,16,1.454070603672333
P25440_site116,6,6,1.217666638628198
P25440_site117,19,18,1.6756414332126324
P25440_site118,19,18,0.8935685646910997
P25440_site121,19,18,2.168422256206497
P25440_site122,12,11,1.2492002325030678
P25440_site126,17,16,2.2106390382031105
P25440_site13,2,2,0.6403357251143534
P25440_site130,11,10,2.410525346140953
P25440_site131,12,12,1.9014828089646632
P25440_site132,6,5,1.3001464484234544
P25440_site134,18,17,1.5648834658623525
P25440_site135,12,12,0.9385369625734612
P25440_site14,2,2,1.2632755800879076
P25440_site142,17,16,1.2569113539572707
P25440_site15,2,2,1.5226966080105675
P25440_site16,2,2,1.0581036605151608
P25440_site17,2,2,1.0915510711878154
P25440_site171,17,16,1.0553010783471706
P25440_site177,2,2,1.937870390693591
P25440_site194,1,1,1.169820772341867
P25440_site196,26,21,1.3909028459726236
P25440_site197,9,8,1.4665655259959904
P25440_site2,2,2,0.5584521040123902
P25440_site21,2,2,0.9284249585001464
P25440_site22,2,2,0.6529595403484743
P25440_site23,2,2,0.7417659043301099
P25440_site24,2,2,0.8050324219563662
P25440_site25,2,2,0.8454414213079156
P25440_site27,2,2,1.130106943705802
P25440_site28,73,48,2.6486370749329757
P25440_site29,54,34,2.9912474483375746
P25440_site3,2,2,1.445266801083972
P25440_site30,39,28,2.6056197955720437
P25440_site307,1,1,1.1404131238035882
P25440_site31,53,38,2.2471374350870303
P25440_site34,27,18,2.327647401355011
P25440_site35,42,33,2.7539566545766405
P25440_site36,4,4,2.314967724645248
P25440_site4,2,2,1.0404606616490404
P25440_site5,2,2,1.262072459168477
P25440_site6,2,2,0.9221999108289224
P25440_site71,6,6,1.936715991742712
P25440_site73,11,8,1.1610228102860254
P25440_site76,8,5,1.8009700868556215
P25440_site77,2,2,0.4690625655192827
P25440_site79,3,3,2.0797442071720043
P25440_site8,2,2,0.7385320798284677
P25440_site81,7,7,2.0084589802259734
P25440_site85,9,8,2.4243459767973428
P25440_site86,6,6,1.1863924212841506
P25440_site89,5,5,3.372924519485374
P25440_site91,6,6,2.33870759456074
P25440_site92,6,5,1.366838891498356
P25440_site93,10,8,1.6331674934485994
P25440_site94,11,10,1.3911605836754046
P25440_site95,17,15,1.6831035771174607
P25440_site98,5,5,1.3355301319313315
P25440_site99,2,1,0.7632370961877702
P25774_site1,40,31,1.3260509143690136
P25774_site2,31,25,1.4635650106754274
P25774_site3,22,19,1.2820319694057791
P25774_site4,7,6,1.3621220140888102
P25774_site5,39,34,1.449865843429841
P25774_site6,20,14,1.0247599292751957
P25774_site7,6,6,1.8705252754918809
P26368_site20,2,2,2.0277021084918814
P26368_site23,2,2,1.449028507669314
P26368_site30,2,2,0.558216320452268
P26368_site32,2,2,1.7311444700402503
P26368_site33,2,2,2.310275407398003
P26368_site73,1,1,0.2123453058937235
P26368_site74,1,1,0.939224198291556
P26368_site76,1,1,0.6389170602189385
P26368_site79,1,1,2.0124330439601037
P26368_site80,1,1,1.0906467698858862
P26368_site81,1,1,3.311835189660851
P26368_site82,1,1,1.270013454729757
P26368_site83,1,1,1.934989525600941
P26368_site84,1,1,1.474684591831361
P26368_site85,1,1,1.1510171333919976
P26368_site86,1,1,1.255943935485918
P27540_site17,1,1,0.8343771632000527
P27540_site2,1,1,0.5174102596741345
P27540_site3,2,2,2.1105775578704504
P27540_site4,1,1,0.7335970038777248
P27540_site5,1,1,1.5799293126075968
P27694_site72,5,4,3.730253889906896
P27694_site73,14,12,1.8493934052260477
P27694_site74,6,6,1.6936511049410117
P27694_site75,14,12,3.1654060593162194
P27694_site76,8,8,1.6167036403971344
P27694_site77,12,10,1.4347518362336915
P27694_site78,11,10,1.9936008080498129
P27694_site79,5,5,1.7781870170179743
P27694_site80,2,2,0.8893429038070959
P27694_site81,2,2,2.5931898333941383
P27694_site83,6,6,2.6348247816715187
P27694_site84,5,4,0.8168669330697149
P27694_site85,1,1,0.8919231028419846
P27694_site98,2,2,1.3183131059270448
P27695_site1,2,1,2.6779100816255643
P27695_site10,4,2,2.4264895944639493
P27695_site11,5,2,2.616925865048257
P27695_site12,2,1,2.307860374107942
P27695_site13,4,1,2.555339190038779
P27695_site14,3,1,1.790571738015163
P27695_site15,4,1,1.7847637298292045
P27695_site16,4,2,4.27798431224024
P27695_site17,3,2,5.07397675170292
P27695_site18,4,2,1.701330936294836
P27695_site19,3,2,1.8366836936184536
P27695_site2,5,2,1.509538737898455
P27695_site20,2,1,1.85090590436492
P27695_site21,5,2,1.551588110115005
P27695_site22,4,2,3.021315930969971
P27695_site23,1,1,1.914989712166776
P27695_site243,1,1,1.6857162226289744
P27695_site25,1,1,2.129621788337385
P27695_site26,1,1,1.275594908688434
P27695_site28,2,1,1.5286105810103028
P27695_site29,1,1,1.2259393759727266
P27695_site3,5,2,6.176870555303375
P27695_site30,2,1,1.083463052254578
P27695_site300,1,1,0.6165687891292506
P27695_site31,2,2,4.281606942633935
P27695_site317,1,1,0.7142959772784419
P27695_site318,1,1,0.5250803984626246
P27695_site319,1,1,1.1437431185812303
P27695_site32,3,2,2.407874647082405
P27695_site320,1,1,2.5794992659762515
P27695_site321,1,1,5.073614515680675
P27695_site324,1,1,1.804250812466293
P27695_site325,1,1,0.8545551955506799
P27695_site326,1,1,1.007942109114562
P27695_site328,1,1,1.0138174286466668
P27695_site33,3,2,1.73949880373924
P27695_site330,1,1,0.7640806753587336
P27695_site332,1,1,2.660054723210428
P27695_site334,1,1,2.096483106596556
P27695_site335,1,1,1.2540550981481036
P27695_site336,1,1,3.886741004783232
P27695_site338,1,1,1.9276450438992587
P27695_site344,1,1,0.4895876850458856
P27695_site345,1,1,0.9635810495221984
P27695_site346,1,1,1.1084881674163896
P27695_site347,1,1,2.1524963310002256
P27695_site350,1,1,1.7274724674118
P27695_site351,1,1,1.5280191753648515
P27695_site355,1,1,1.345204032222565
P27695_site356,1,1,1.1450274931135291
P27695_site358,1,1,1.3972430035414578
P27695_site361,1,1,0.5168439521274255
P27695_site362,1,1,1.006094380146855
P27695_site388,1,1,0.6718318512325505
P27695_site4,5,2,2.468163288380244
P27695_site412,1,1,0.3184022879206317
P27695_site469,1,1,1.0821858318313011
P27695_site5,5,2,2.4997531853399244
P27695_site6,4,2,1.206506079930688
P27695_site7,5,2,11.640310430542115
P27695_site8,5,2,2.781301219112436
P27695_site9,5,2,2.046174842671924
P27708_site1,3,2,2.285097964484068
P27708_site10,4,2,2.373402457537307
P27708_site11,6,2,1.1306286753994257
P27708_site12,7,3,2.730822338517481
P27708_site13,6,3,1.1319321111961536
P27708_site14,7,3,2.336685185970567
P27708_site15,6,3,2.84668061992956
P27708_site16,3,3,1.2517004219867005
P27708_site17,4,3,1.3209878138052795
P27708_site18,7,3,2.1068302996470343
P27708_site19,4,2,1.5024657534246575
P27708_site2,7,3,1.3466557138794983
P27708_site20,7,3,1.7185121684419584
P27708_site21,5,3,1.4791431715966683
P27708_site22,7,3,1.454221838552327
P27708_site23,4,2,3.335729330608474
P27708_site24,4,3,1.153326442306125
P27708_site25,5,2,2.490629097209215
P27708_site26,1,1,1.0330522558010709
P27708_site272,3,2,1.1978134680322607
P27708_site273,1,1,1.9136993017026973
P27708_site274,1,1,0.8569343133562998
P27708_site275,2,2,1.7340840993235165
P27708_site276,2,2,1.2190025249723764
P27708_site29,5,3,1.1442729473435138
P27708_site297,1,1,0.3896475076432691
P27708_site3,5,3,2.5549908251536424
P27708_site30,2,2,1.136486831128075
P27708_site4,7,3,1.0603610934747425
P27708_site5,7,3,1.0595050766175866
P27708_site6,6,3,1.9690813542885968
P27708_site7,7,3,1.1628327110682883
P27708_site8,6,3,2.6762872784608827
P27708_site9,7,3,2.955028988874846
P28482_site1,75,50,1.8565562700822251
P28482_site100,1,1,1.118164029410768
P28482_site101,1,1,1.2810900500590583
P28482_site103,1,1,0.948133390998684
P28482_site104,1,1,0.6972089622137687
P28482_site105,1,1,0.5854976468537564
P28482_site11,83,55,1.442224320794881
P28482_site13,84,59,3.19535973773216
P28482_site135,17,11,1.1971181391901715
P28482_site14,102,68,1.3391086548881883
P28482_site15,84,58,1.3939754072006458
P28482_site159,1,1,3.0937701719489787
P28482_site16,98,68,4.146554962540844
P28482_site17,105,69,2.432879241377381
P28482_site18,72,52,1.9673194198544277
P28482_site20,96,64,4.366307532045796
P28482_site21,67,44,1.4467026332586628
P28482_site22,68,49,0.9856745849670476
P28482_site221,1,1,1.3848972468178038
P28482_site23,43,28,1.919213198022904
P28482_site232,1,1,1.7091764601106565
P28482_site238,1,1,1.60791637262833
P28482_site24,20,19,2.290264760131599
P28482_site25,54,39,2.625112468520118
P28482_site26,79,58,2.871410989519888
P28482_site277,22,16,2.150494298380788
P28482_site278,8,8,2.6717208028244253
P28482_site279,1,1,2.441232034375463
P28482_site28,59,43,2.243741822360076
P28482_site296,4,4,0.7216341212744091
P28482_site3,70,51,2.497222943161173
P28482_site30,40,29,1.4838701297951622
P28482_site33,60,46,1.4035808020105924
P28482_site34,95,61,3.3663565842912475
P28482_site35,100,69,3.7339892380679465
P28482_site37,25,20,1.23433035918444
P28482_site389,3,3,1.2933346872778684
P28482_site408,1,1,1.1753051017285254
P28482_site43,55,38,3.038717153335537
P28482_site44,32,24,2.305748079094542
P28482_site6,94,66,3.8238320134438575
P28482_site7,32,23,11.970152137570672
P28482_site84,33,24,2.1340622827035527
P28482_site85,41,32,1.6782345118762825
P28482_site86,60,40,2.297071343726379
P28482_site88,1,1,0.6227259664370498
P28482_site89,1,1,0.8188434309516978
P28482_site9,74,50,1.5722714920166414
P28482_site90,1,1,0.4626894801899681
P28482_site91,1,1,8.17084129048924
P28482_site94,1,1,1.3088503769643975
P28482_site95,1,1,1.2134632746128382
P28482_site97,1,1,0.94169142987762
P28482_site98,1,1,0.9490247865004658
P28907_site1,11,9,1.1110700994448173
P28907_site100,6,5,1.6595323762270888
P28907_site101,1,1,0.9734058060728537
P28907_site102,3,3,1.011615789533956
P28907_site103,1,1,1.5643483467635535
P28907_site105,18,14,1.6774527824724588
P28907_site106,2,2,0.8610474553614055
P28907_site107,1,1,0.9097472023939404
P28907_site109,2,2,2.94108953267528
P28907_site11,1,1,1.0247935692363468
P28907_site112,3,3,0.8193528118127553
P28907_site113,1,1,0.7718475535398654
P28907_site114,3,3,1.5567301223432088
P28907_site116,2,2,0.1164733279484589
P28907_site12,9,9,1.9939186458407627
P28907_site13,28,17,5.964015975545813
P28907_site131,18,12,1.2533472446718272
P28907_site138,8,6,2.77485913158767
P28907_site14,13,9,4.393095714076747
P28907_site15,1,1,1.6155541462029692
P28907_site16,27,17,1.94793570085538
P28907_site165,1,1,0.5134595167913975
P28907_site169,4,3,2.41270356273788
P28907_site17,10,8,1.8790341336616727
P28907_site179,23,16,2.487942260984341
P28907_site18,18,13,2.3386162660356207
P28907_site19,8,6,1.5571691230692086
P28907_site2,1,1,1.0204773620578813
P28907_site20,1,1,1.118344466829251
P28907_site22,11,10,2.618759552670208
P28907_site23,18,13,6.750359150530919
P28907_site24,9,8,1.8160323826774856
P28907_site25,13,8,1.825348314820858
P28907_site27,4,4,5.230160850185677
P28907_site28,8,5,2.279212796523554
P28907_site287,2,2,3.5976560127927457
P28907_site288,4,4,1.0999273607079432
P28907_site3,29,18,2.9896715350428527
P28907_site30,19,15,2.0269335794900827
P28907_site31,1,1,1.4481300610513643
P28907_site32,4,4,1.94653685674548
P28907_site38,20,14,1.7941719750182998
P28907_site4,1,1,0.9124503829596914
P28907_site41,31,19,1.5702262573857906
P28907_site44,3,3,0.6516653970422129
P28907_site45,2,2,1.572595946463638
P28907_site5,1,1,0.9192427310108748
P28907_site6,1,1,0.8720602777787282
P28907_site65,1,1,1.2699544985705302
P28907_site68,16,13,1.7759816235405397
P28907_site76,4,4,1.072892811416489
P28907_site78,1,1,0.9985617925817262
P28907_site79,13,8,3.490493163195413
P28907_site8,1,1,0.9560792340151122
P28907_site88,1,1,0.817893609356919
P28907_site9,16,12,1.979884753247932
P28907_site92,1,1,0.7190430916202198
P28907_site93,1,1,0.5164249052373858
P28907_site95,1,1,1.0576142859297468
P28907_site98,8,6,1.7077927133988802
P28907_site99,2,2,1.6419008369116006
P29317_site273,28,20,2.608888096594244
P29317_site274,27,22,4.313180565513533
P29317_site275,2,2,3.341244753410284
P29317_site276,39,27,2.631013432193764
P29317_site277,8,8,1.0723299670726134
P29317_site278,5,5,1.8751516476879264
P29317_site279,32,24,3.5743526443579343
P29317_site280,18,16,2.107606661676647
P29317_site281,20,16,2.460274215162722
P29317_site282,38,26,2.7341991341991343
P29317_site283,1,1,1.0058891612200436
P29317_site284,15,13,2.402803677381496
P29317_site285,30,23,4.775609379075811
P29317_site286,58,38,2.549399144747803
P29317_site287,15,13,2.2227726444077494
P29317_site288,12,10,0.8775800943950237
P29317_site289,4,4,1.405615591229933
P29317_site290,11,9,2.4650221411490194
P29317_site291,49,33,2.2812338093917304
P29317_site292,5,4,1.8582530795890717
P29317_site302,29,22,1.3188746234399658
P29317_site309,12,11,2.524296334866499
P29317_site310,18,13,2.5608318350579733
P29317_site311,5,4,1.3656072361413338
P29317_site313,1,1,1.1058353162859802
P29317_site314,15,11,2.003194266397587
P29317_site315,27,18,2.215029376298843
P29317_site319,2,2,2.0728150978269704
P29317_site324,7,6,4.9687608148951385
P29317_site325,58,38,4.3666392779571845
P29317_site327,26,20,3.345411216125486
P29317_site328,6,6,0.6436316247102548
P29317_site329,1,1,2.19778075234247
P29317_site330,11,7,1.2946926556055494
P29317_site331,6,5,0.6241766120479768
P29317_site336,14,10,2.33501415610986
P29317_site337,6,6,1.1972741923106438
P29317_site340,1,1,0.6679224469494388
P29317_site341,12,9,2.283850734724027
P29317_site353,1,1,0.7372880423420152
P29317_site355,9,8,1.0537144537945815
P29317_site358,1,1,2.2364284505789818
P29317_site359,3,3,2.076876883131309
P29317_site360,7,7,1.4464573866730026
P29317_site361,18,13,1.0804710590148507
P29317_site362,48,31,1.0957061946563422
P29317_site363,33,25,3.350748605062128
P29317_site364,2,2,0.9888942405292552
P29317_site365,5,4,0.7206893735546711
P29320_site1,8,7,4.435990634521399
P29320_site10,10,9,1.7966663772896951
P29320_site11,10,9,1.6610379136261062
P29320_site12,11,10,2.029965730476901
P29320_site13,11,10,1.399229755995695
P29320_site14,2,2,2.5895926228307062
P29320_site15,6,5,3.0489661810095914
P29320_site16,11,10,1.4021158583489828
P29320_site17,1,1,3.098079561042524
P29320_site18,12,11,3.290131186351141
P29320_site19,12,11,1.8595460257949463
P29320_site2,12,11,1.944637064399872
P29320_site20,4,4,2.454318693636832
P29320_site21,9,8,3.673898091362412
P29320_site22,4,4,3.1461326546999886
P29320_site23,4,4,2.340773444161224
P29320_site24,2,2,0.3845405471741071
P29320_site26,10,9,2.031089187808998
P29320_site27,8,8,1.7292511264024812
P29320_site28,4,4,0.5961244511144461
P29320_site29,2,2,0.8921633873456789
P29320_site3,12,11,3.3461664533449875
P29320_site30,1,1,1.300108777154685
P29320_site31,2,2,1.1580288951425113
P29320_site32,9,9,2.276054854771142
P29320_site33,3,2,2.215934840970105
P29320_site4,8,7,2.49740518438917
P29320_site44,1,1,0.9472936165762716
P29320_site45,9,8,2.167297761646662
P29320_site5,3,3,1.9591264106951305
P29320_site53,1,1,0.5890897438613588
P29320_site6,12,11,2.214297224662505
P29320_site7,1,1,1.660849302883221
P29320_site8,12,11,2.266173416123764
P29320_site9,11,10,1.0956663397443358
P29373_site1,14,7,1.6659899637041138
P29373_site10,2,2,1.2847847868316122
P29373_site11,5,3,1.5666195365432427
P29373_site114,2,2,0.4590037200032625
P29373_site12,4,4,2.6928275294823774
P29373_site135,2,2,1.2682319510322408
P29373_site138,1,1,1.138980393041673
P29373_site140,1,1,0.7532354408146414
P29373_site143,1,1,0.9035278289899846
P29373_site147,1,1,0.853376243879324
P29373_site18,4,3,4.125199747545959
P29373_site19,4,3,2.7271550078303552
P29373_site2,12,6,5.290077231535865
P29373_site20,7,5,1.8486884179571133
P29373_site21,12,5,7.421431329643456
P29373_site22,5,3,2.2553105832761027
P29373_site23,3,2,0.9890434185825882
P29373_site24,4,4,6.2277780675013865
P29373_site31,6,4,2.877325066430469
P29373_site34,3,3,1.262584383657861
P29373_site35,6,5,4.45391229245445
P29373_site4,6,6,1.7478431630322253
P29373_site42,2,2,1.3413142694145332
P29373_site43,2,2,1.9071189553079235
P29373_site44,2,2,7.384956419596784
P29373_site45,1,1,1.5288543140028288
P29373_site46,2,2,1.5876319205803742
P29373_site47,3,3,3.137055228960396
P29373_site49,2,2,2.0607384650395404
P29373_site5,3,3,1.0675762361529488
P29373_site50,2,2,1.2527861178320647
P29373_site51,2,2,0.9920971899549016
P29373_site52,1,1,1.0262286147374158
P29373_site53,1,1,0.956841018827186
P29373_site54,2,2,1.339634386517739
P29373_site55,1,1,0.5283823977634607
P29373_site56,2,2,0.988740360707959
P29373_site58,2,2,0.9153303466212604
P29373_site59,1,1,0.8994392329131807
P29373_site6,8,7,2.702187217469921
P29373_site62,1,1,1.0282138487791552
P29373_site65,1,1,0.8937597063391218
P29373_site66,2,2,0.9599742064040128
P29373_site70,1,1,0.931181111644395
P29373_site71,1,1,2.506771547886821
P29466_site1,5,4,3.136296260148715
P29466_site10,4,4,1.3387680304727094
P29466_site11,5,5,1.8879290420475443
P29466_site12,7,7,1.9902630761511075
P29466_site13,4,3,1.8351060415998133
P29466_site14,11,10,2.558364240786005
P29466_site15,6,6,7.283357807686786
P29466_site16,10,9,2.943419713038568
P29466_site17,6,6,2.111079578139981
P29466_site18,11,10,2.093950490255417
P29466_site2,5,5,3.013890845984412
P29466_site20,3,3,2.675225115016143
P29466_site21,6,5,1.6781456646594843
P29466_site22,7,7,2.4777261731978717
P29466_site23,7,6,3.66073068077486
P29466_site24,1,1,1.2058653154128367
P29466_site25,5,4,1.3634279829202385
P29466_site26,9,8,1.1330305170347543
P29466_site27,5,4,2.129643771922117
P29466_site28,9,8,3.9138024809472944
P29466_site29,2,2,1.8408065608740145
P29466_site3,11,10,3.2132464605888407
P29466_site30,5,5,1.29670990701412
P29466_site31,1,1,0.6830019338523331
P29466_site32,6,6,1.1563487116272229
P29466_site35,1,1,1.4403087009971316
P29466_site36,2,2,1.0379787608339075
P29466_site37,2,2,1.1702580828377926
P29466_site39,1,1,1.4650305612150396
P29466_site4,11,10,3.680854637686028
P29466_site40,2,2,1.6818008962341715
P29466_site41,2,2,1.09374794782712
P29466_site44,1,1,1.1807234938875633
P29466_site49,1,1,1.000760212121324
P29466_site5,2,2,3.075475730783753
P29466_site6,9,8,2.4094819984963944
P29466_site66,1,1,0.6139724378767103
P29466_site7,6,5,2.493643835153604
P29466_site8,10,9,2.352307733519059
P29466_site9,2,2,1.5608241284904358
P30043_site1,21,19,2.28271252864916
P30043_site10,5,4,1.7005892127068802
P30043_site11,4,4,0.9603847546213544
P30043_site18,5,4,1.0011875365214606
P30043_site2,11,11,2.721527353237612
P30043_site3,7,7,1.2513891227479372
P30043_site4,15,14,2.2010676664541484
P30043_site5,21,19,2.7272870435483827
P30043_site6,12,10,1.3900414339758602
P30043_site7,15,13,1.207171314741036
P30043_site8,13,11,1.9634741688852848
P30043_site89,2,2,1.8313906115612693
P30043_site9,7,7,3.5965096988259315
P30046_site1,2,2,0.90961173747269
P30046_site12,2,2,2.243643602930552
P30046_site13,2,2,1.5874935792929403
P30046_site143,1,1,0.9483509451417534
P30046_site15,1,1,1.0663129678445504
P30046_site18,2,2,2.879373206112792
P30046_site19,2,2,1.0692615764517903
P30046_site2,3,3,2.932035221496006
P30046_site20,1,1,0.7764707573133662
P30046_site21,3,3,1.2998180605251988
P30046_site22,2,2,1.2664452557054588
P30046_site23,1,1,0.9329982525356249
P30046_site24,2,2,3.1250592482848467
P30046_site25,1,1,0.802095322071654
P30046_site26,1,1,0.7859396023321872
P30046_site27,2,2,1.2979101735378016
P30046_site28,2,2,2.5055879325807746
P30046_site29,1,1,0.9023790336255916
P30046_site40,1,1,2.1949519171343104
P30046_site5,1,1,1.020197550436158
P30046_site8,2,2,1.1391485343976653
P30405_site1,23,19,2.056941414398777
P30405_site15,16,13,1.946256308861023
P30405_site16,21,18,2.5149162676339296
P30405_site2,23,19,1.4635009987288905
P30405_site20,40,24,1.5455275940588231
P30405_site21,38,23,1.472672306862238
P30405_site22,27,18,1.8033251269584567
P30405_site23,39,23,1.498119325551232
P30405_site24,40,24,1.154874031237409
P30405_site25,38,24,1.3634020542202765
P30405_site26,25,16,1.5127529235219492
P30405_site27,25,14,1.647381239655706
P30405_site3,23,19,1.7103357610275278
P30405_site33,3,2,1.4259452724397377
P30405_site4,22,18,1.6100505067753454
P30405_site5,12,12,1.35919936424044
P30405_site6,20,16,1.9066124601170165
P30405_site7,11,10,2.2100438263205326
P30613_site10,42,20,5.322153488087218
P30613_site100,28,17,1.7745702762335411
P30613_site102,20,12,2.2127647961681465
P30613_site103,22,13,1.469210951440729
P30613_site104,46,21,2.031724581724581
P30613_site11,40,20,1.6166665775129316
P30613_site112,46,21,1.2255876363476217
P30613_site113,3,3,1.2414777036935367
P30613_site114,35,15,1.7427220069959004
P30613_site115,46,21,1.25476682628579
P30613_site116,46,21,1.643111888227459
P30613_site119,9,6,3.628787959880541
P30613_site120,46,21,1.358788255796402
P30613_site121,46,21,1.6550571195389123
P30613_site122,43,21,2.229118809765479
P30613_site123,26,11,1.4771686919434517
P30613_site124,42,20,2.74861598934466
P30613_site125,46,21,2.173109235242628
P30613_site126,38,19,2.52741521841913
P30613_site128,3,3,0.750746667141306
P30613_site13,4,3,1.2209921544960771
P30613_site130,24,10,3.175958312906584
P30613_site131,46,21,1.6283582025333885
P30613_site133,44,20,0.976627475462144
P30613_site135,46,21,1.351951533034371
P30613_site137,19,13,2.605641939647225
P30613_site138,31,15,4.310171984690783
P30613_site140,3,3,2.273307208244732
P30613_site141,31,15,5.158914322106919
P30613_site143,17,10,1.7415473103004868
P30613_site144,28,14,2.319658285670682
P30613_site148,39,19,1.1212505454328183
P30613_site155,28,14,4.5133547064697535
P30613_site159,35,17,2.394035748747875
P30613_site16,45,21,2.2164239116353763
P30613_site165,42,19,3.082788037419417
P30613_site167,46,21,0.9624066506393736
P30613_site173,7,5,0.8714219100632414
P30613_site177,21,14,1.0633444276667905
P30613_site179,45,21,2.2879571582622047
P30613_site182,43,19,1.9876544612997904
P30613_site19,44,19,2.189797234046311
P30613_site195,20,9,1.9963882149804384
P30613_site2,43,19,1.2298549438775936
P30613_site200,40,19,1.3239938757655292
P30613_site208,38,19,2.3252262425547934
P30613_site21,6,4,3.249312139169778
P30613_site22,12,8,1.3901282217810025
P30613_site220,42,20,1.226559748870622
P30613_site226,9,5,0.8490230493660235
P30613_site229,41,19,5.193216683668917
P30613_site231,14,10,1.2896499797285557
P30613_site24,26,14,4.589868378812199
P30613_site247,25,12,1.85871694417238
P30613_site248,40,18,4.460126150698943
P30613_site249,16,9,1.273786707637723
P30613_site25,27,12,1.5467785517138035
P30613_site259,42,20,4.9707115866402765
P30613_site26,29,15,1.1504115504533403
P30613_site268,43,19,1.8595991218755328
P30613_site281,26,18,2.387463877621358
P30613_site285,37,19,2.354235456415313
P30613_site289,26,14,1.491650070905284
P30613_site29,48,23,1.60009136790811
P30613_site292,41,20,1.9621123709010675
P30613_site3,23,15,1.4024237778120086
P30613_site30,45,20,2.2457842161050974
P30613_site307,42,20,6.328786731293548
P30613_site309,36,18,1.1732880343637406
P30613_site31,20,6,3.9165790760548815
P30613_site32,45,20,1.5806663630231366
P30613_site334,9,6,1.519669199821189
P30613_site341,26,14,1.1620872223131924
P30613_site355,16,13,1.0429621470886905
P30613_site356,35,19,3.50488120950324
P30613_site37,43,21,1.913678947402686
P30613_site384,4,4,0.2285462325460184
P30613_site39,42,20,4.230585692053084
P30613_site391,33,20,2.567571669596278
P30613_site4,46,21,1.497525328985676
P30613_site401,8,5,0.8999802460131135
P30613_site402,9,7,2.4973467834439287
P30613_site406,27,17,2.197367491679928
P30613_site407,11,10,0.6484909399234037
P30613_site41,7,4,2.874895090569055
P30613_site411,20,14,2.621641283769739
P30613_site42,12,9,2.0526212869870464
P30613_site427,12,7,2.809861253885317
P30613_site434,6,6,0.910492874166562
P30613_site45,45,21,1.9105709179939288
P30613_site46,24,10,1.4847695547572322
P30613_site460,2,2,0.8631740075054317
P30613_site462,5,4,1.365339269016547
P30613_site463,3,2,1.7293289455371534
P30613_site464,5,4,2.306369425682199
P30613_site465,2,2,2.108838965825744
P30613_site468,2,2,1.5841455752283675
P30613_site470,2,2,1.3671895993792935
P30613_site476,7,7,0.9499072099271528
P30613_site477,5,4,1.462874009810966
P30613_site482,3,3,2.2179827977379705
P30613_site484,3,3,1.1731915070923042
P30613_site485,9,8,2.043121034852105
P30613_site49,13,8,1.5420135241110928
P30613_site5,46,21,1.187213710314326
P30613_site51,46,21,1.5822421485953526
P30613_site52,32,15,4.465052916475128
P30613_site54,45,20,1.79444241521733
P30613_site58,43,19,1.6372693040769837
P30613_site59,7,4,3.321802095459837
P30613_site60,10,7,0.9793800545567384
P30613_site61,19,11,1.874049040821476
P30613_site621,1,1,1.9396148257564203
P30613_site634,4,3,1.0044714891174746
P30613_site64,35,18,1.324909341480797
P30613_site656,1,1,0.7860263283710645
P30613_site7,8,7,0.8818973977272188
P30613_site70,7,4,1.2177556772297056
P30613_site71,34,18,1.6300240902751362
P30613_site728,5,4,1.0557555217811347
P30613_site73,46,21,3.585624362853768
P30613_site75,44,21,2.0142812545526443
P30613_site751,5,5,1.2751202130309012
P30613_site762,5,5,1.5106520802950083
P30613_site769,16,13,1.4983359038883024
P30613_site79,46,21,1.4688648187416025
P30613_site797,3,3,1.7979683796525407
P30613_site8,44,19,1.539839292180909
P30613_site80,34,15,1.6572249652950617
P30613_site809,21,15,1.6953667953667957
P30613_site81,45,20,2.4215831767221827
P30613_site815,4,4,3.2651707107579986
P30613_site82,46,21,1.2063014631226194
P30613_site820,20,14,1.6989026842032566
P30613_site829,4,4,0.439321677051897
P30613_site83,8,5,2.5831618408462336
P30613_site830,3,3,3.0331084096041634
P30613_site836,4,4,1.2914244855287178
P30613_site84,44,21,3.4660940755862537
P30613_site845,6,6,1.3294449570876783
P30613_site847,3,3,1.6207239547444932
P30613_site859,3,3,0.2936138030497563
P30613_site862,18,13,1.9536105080017832
P30613_site879,15,13,1.2637221435261516
P30613_site89,7,4,0.9248072401064884
P30613_site892,3,3,0.8073103955056713
P30613_site92,46,21,1.5186686855494398
P30613_site94,30,16,1.2236335719335454
P30613_site95,29,14,2.169029008732054
P30613_site96,6,4,1.3079108141591185
P30613_site97,28,10,1.5933012568862706
P30613_site98,4,3,0.4683195010895201
P31153_site100,7,6,1.0880365721691776
P31153_site101,4,4,1.425694669233521
P31153_site104,1,1,0.488780988309427
P31153_site105,7,4,1.4718505176852783
P31153_site106,3,3,0.7971509165347647
P31153_site115,4,4,1.5061740554595646
P31153_site117,1,1,0.9624837434655108
P31153_site118,4,4,0.7554728081137834
P31153_site119,7,6,1.0168299999262973
P31153_site122,3,3,1.0457276097858217
P31153_site123,1,1,1.506845806943247
P31153_site131,3,3,2.1437234219707646
P31153_site132,1,1,1.6256708977613663
P31153_site133,4,4,1.2263484780486886
P31153_site134,4,4,1.4681785814470365
P31153_site135,3,3,0.9792468894232924
P31153_site136,3,3,2.327711980629076
P31153_site137,6,5,3.439434524488576
P31153_site139,8,7,2.020004708263544
P31153_site140,7,6,2.446140173120092
P31153_site141,1,1,1.0876083048102274
P31153_site142,5,4,1.133916430992827
P31153_site143,4,4,0.4202864015793445
P31153_site144,5,4,5.613627695138095
P31153_site145,3,3,1.3243387917206677
P31153_site147,6,5,1.603434207489329
P31153_site148,2,2,1.002069475915503
P31153_site149,2,2,0.6454879763908422
P31153_site150,6,5,2.767183871445021
P31153_site151,5,4,1.1832909303444956
P31153_site153,2,2,1.1281085134085305
P31153_site156,6,5,2.702222866201865
P31153_site158,5,4,0.7008439822525788
P31153_site162,3,3,0.9196241972869248
P31153_site165,2,2,2.9134270758664376
P31153_site166,2,2,1.0968926388868632
P31153_site167,3,3,1.8879361623326336
P31153_site169,2,2,0.963978287994693
P31153_site170,3,3,1.488157419139581
P31153_site172,3,3,2.542206046247009
P31153_site174,3,3,1.5492433678742743
P31153_site175,2,2,0.9385190077186608
P31153_site176,3,3,1.807223886015065
P31153_site177,3,3,2.0778920819426068
P31153_site178,3,3,0.8087271217953456
P31153_site179,2,2,0.6906520753656871
P31153_site181,3,2,0.7864907887329412
P31153_site182,2,2,1.428998660352082
P31153_site184,1,1,1.2073055974365343
P31153_site186,2,2,2.2689769705749847
P31153_site187,3,3,1.1925069665771162
P31153_site189,2,2,0.982139405126961
P31153_site191,2,2,1.1051932406122602
P31153_site192,2,2,0.3365604983252042
P31153_site193,2,2,1.5155688186913168
P31153_site195,3,3,0.781825232769119
P31153_site196,2,2,1.0693606512270906
P31153_site25,43,28,3.2844214254640622
P31153_site26,44,29,1.2611164363500813
P31153_site27,44,29,1.0313794616484857
P31153_site28,41,26,0.9041894155404108
P31153_site29,33,19,1.3789353250459575
P31153_site30,38,26,1.1288273352414615
P31153_site31,39,24,0.427054489515019
P31153_site32,33,18,1.7461471421626806
P31153_site34,15,7,1.2268512692013456
P31153_site36,41,27,1.5228788683407348
P31153_site37,42,27,2.239675034680974
P31153_site38,43,28,3.576225024776632
P31153_site39,34,24,1.0703594584863163
P31153_site40,38,24,0.9092900167200668
P31153_site41,38,26,3.2421466929055067
P31153_site43,44,29,9.036647948425324
P31153_site44,30,20,1.642229168988229
P31153_site46,29,18,1.3598433969121857
P31153_site48,33,21,2.6527538590503985
P31153_site51,9,6,2.656926816095058
P31153_site52,24,15,1.0458122716146971
P31153_site55,12,7,1.892528233012662
P31153_site58,34,23,0.9289223963515
P31153_site59,12,6,2.38795660781534
P31153_site61,6,5,1.7778121273682816
P31153_site63,4,4,1.214380229220528
P31153_site64,4,4,0.1316382089993039
P31153_site66,3,3,0.983653992976027
P31153_site67,7,6,1.2290247294844292
P31153_site69,7,6,1.018882192191068
P31153_site77,4,4,0.9840117593848936
P31153_site79,5,4,1.5011098023013565
P31153_site80,7,6,1.0882047369950596
P31153_site84,1,1,0.7605618303504437
P31153_site91,3,3,0.7586204331896904
P31153_site92,3,3,0.796120007771086
P31153_site93,6,5,1.620134906163915
P31153_site97,7,6,1.5460418907985811
P31153_site98,1,1,0.7897826655139829
P31153_site99,4,4,1.0352175664511372
P31749_site1,7,7,3.5542954365806168
P31749_site10,9,8,3.8281028739430063
P31749_site12,2,2,0.8630952529349731
P31749_site2,3,2,0.7643673278099503
P31749_site3,6,6,2.0736959872244816
P31749_site4,12,8,1.7781634377482405
P31749_site6,5,5,1.9002553501362984
P31749_site7,10,5,1.7215843632906438
P31749_site8,1,1,1.118382324339043
P31749_site9,7,6,1.5546560103185387
P31947_site1,106,58,3.5222095513587184
P31947_site10,18,13,1.8145466619694928
P31947_site100,48,28,2.3418979524748758
P31947_site101,7,7,1.9700920535905952
P31947_site102,82,50,4.688654670410878
P31947_site103,115,62,2.2859920519095627
P31947_site104,30,18,1.981811893018534
P31947_site105,38,26,3.310498058169688
P31947_site106,18,12,1.8254696194878
P31947_site107,23,17,2.557937204195327
P31947_site108,5,5,1.7728118342485073
P31947_site109,31,18,3.0843437945791723
P31947_site11,7,6,1.6064163722688507
P31947_site110,15,11,1.4288182701215937
P31947_site111,12,11,3.793826305674881
P31947_site112,11,11,1.910796509307934
P31947_site113,21,14,2.8672873198203783
P31947_site114,3,3,1.122367575866769
P31947_site115,6,2,0.9709889517650228
P31947_site116,2,2,1.2857706473626205
P31947_site117,6,2,1.762582156528402
P31947_site118,6,3,1.5893632173067855
P31947_site119,6,2,2.837512054001929
P31947_site12,81,54,1.7427357834317183
P31947_site120,6,2,1.785606243949661
P31947_site122,1,1,1.3237820435752548
P31947_site123,5,1,3.005091247355602
P31947_site124,7,3,2.035762253541305
P31947_site125,4,1,1.1523497179878923
P31947_site126,5,2,2.18863489426564
P31947_site127,5,2,1.01688521137166
P31947_site128,2,2,1.616870600288341
P31947_site129,6,2,1.442359428449259
P31947_site13,12,10,4.512523036704473
P31947_site130,5,1,1.3263935970697265
P31947_site131,42,26,4.295007744043452
P31947_site132,5,2,2.450356373991132
P31947_site133,7,3,1.7936349933164586
P31947_site134,2,2,2.274606015325005
P31947_site135,3,2,2.464231927710843
P31947_site136,1,1,1.1236739926907056
P31947_site137,7,3,2.1886062799170896
P31947_site138,4,2,1.9297751031685215
P31947_site139,4,3,1.1570965324196585
P31947_site14,26,19,1.867532998698643
P31947_site140,5,3,1.2304322309817246
P31947_site141,3,2,0.618721369754138
P31947_site142,1,1,0.3674956257969032
P31947_site143,2,2,1.2501616920046092
P31947_site145,10,8,3.130556075184423
P31947_site15,31,20,4.640333065832206
P31947_site157,4,4,1.6322227752770084
P31947_site159,3,3,2.522146078603644
P31947_site16,7,6,3.191351523103989
P31947_site17,8,7,1.157016778198041
P31947_site18,3,2,1.0294523639455035
P31947_site187,1,1,1.2332220233483826
P31947_site189,23,14,2.2927643096333226
P31947_site19,213,93,3.7906577230096814
P31947_site191,17,11,2.146375576625067
P31947_site2,12,10,2.6438199243957388
P31947_site20,2,1,1.3852018197657536
P31947_site204,28,21,3.800103612732176
P31947_site21,6,5,1.194478978456302
P31947_site22,12,11,2.9281652776373503
P31947_site23,27,17,1.7608682867767882
P31947_site24,8,7,1.6216178133251025
P31947_site246,3,1,0.619786641422876
P31947_site247,11,5,1.975876489281315
P31947_site249,5,1,0.733669278758201
P31947_site25,5,4,1.639699451009584
P31947_site253,185,83,3.1955696867773806
P31947_site255,30,24,2.074805603747544
P31947_site257,1,1,1.168430715491891
P31947_site258,10,10,1.879908764228692
P31947_site259,11,10,3.0788087844734644
P31947_site26,7,6,1.968735398400352
P31947_site274,9,5,1.1654932785029215
P31947_site276,2,1,2.3283774921301155
P31947_site28,101,62,4.245492816824299
P31947_site29,9,8,3.812044883408333
P31947_site290,3,3,2.2996668412214016
P31947_site3,9,7,1.1419206886447657
P31947_site30,120,60,10.336354058866856
P31947_site300,2,2,0.9878701845996094
P31947_site31,5,4,2.4613171530539613
P31947_site311,1,1,0.9614020166299224
P31947_site317,1,1,0.9688769020010763
P31947_site32,268,116,13.108561458236949
P31947_site322,1,1,0.9345491660503976
P31947_site329,45,26,2.261222725123286
P31947_site33,30,19,2.87035337648508
P31947_site34,3,3,3.036707182320442
P31947_site340,1,1,0.4811454905909095
P31947_site35,300,117,3.543350410460135
P31947_site36,152,73,6.860381485142268
P31947_site364,1,1,0.6350399282980332
P31947_site367,1,1,0.4267958010992476
P31947_site37,291,120,5.597854086062335
P31947_site39,5,5,5.261213987429874
P31947_site4,11,9,1.3828873586258736
P31947_site40,6,6,2.283483394101744
P31947_site41,7,7,1.2876185095602126
P31947_site414,8,5,1.249588908810351
P31947_site415,32,24,2.3974420937443006
P31947_site416,6,4,1.3468859598003793
P31947_site419,93,55,4.095507986322544
P31947_site421,20,12,2.9165109034267918
P31947_site422,3,3,1.4672557234596193
P31947_site425,2,2,1.359798293000008
P31947_site428,1,1,0.3394113936855134
P31947_site43,250,104,3.2056126573507333
P31947_site431,1,1,0.932752057581738
P31947_site432,1,1,1.5731822232091257
P31947_site433,11,10,2.0104187210160647
P31947_site435,7,5,2.8575912609393423
P31947_site438,3,1,1.7119346481566244
P31947_site439,1,1,0.6721151384367798
P31947_site44,5,5,1.4530721479869897
P31947_site440,2,1,1.6408196568255349
P31947_site45,7,6,1.9719843633655996
P31947_site458,1,1,1.4512952752328838
P31947_site46,29,19,2.494442059673379
P31947_site48,41,25,3.613993438075169
P31947_site49,3,3,0.6863561126261775
P31947_site5,308,123,3.407687098180739
P31947_site51,1,1,1.152140334238723
P31947_site52,6,5,2.540831891114957
P31947_site55,22,18,2.0259115585676697
P31947_site56,241,106,8.223547705240653
P31947_site57,1,1,2.915684530087773
P31947_site58,1,1,1.2307704176889012
P31947_site59,5,5,3.713350398465253
P31947_site6,8,7,1.9916795420582047
P31947_site60,13,10,1.5178431146025877
P31947_site61,64,31,3.5000326783793905
P31947_site62,3,2,1.06441560201207
P31947_site63,1,1,1.8918155678784143
P31947_site64,10,8,2.7115508624858937
P31947_site65,1,1,1.4669860103814067
P31947_site66,24,16,3.150789866097449
P31947_site67,149,66,6.783211791331717
P31947_site68,103,51,2.20574777738824
P31947_site69,282,112,1.6637061156065638
P31947_site7,9,8,2.340951527373217
P31947_site70,232,90,2.075312774634397
P31947_site71,177,91,4.249450308300668
P31947_site72,160,85,5.029733392370755
P31947_site73,225,95,3.994330308871233
P31947_site74,259,108,1.858440170940171
P31947_site75,201,88,9.46686128974511
P31947_site8,18,12,1.9180233802104607
P31947_site9,77,46,6.112272875133604
P31947_site94,108,58,2.212535297900299
P31947_site96,48,29,3.1264361180070432
P31947_site97,86,45,2.7980323866288463
P31947_site98,51,36,3.833875632682574
P31947_site99,36,19,3.59097133967308
P32322_site1,21,17,1.197557568972913
P32322_site105,3,3,0.8252199777986362
P32322_site109,7,6,1.1883083205044824
P32322_site11,25,21,1.2225300878205008
P32322_site112,3,3,1.0118111713284923
P32322_site113,17,15,2.780015757589465
P32322_site116,10,7,1.4399082041812492
P32322_site117,11,7,1.226736968174449
P32322_site12,35,27,2.680076713937429
P32322_site126,4,3,0.762591061922107
P32322_site13,19,15,1.7434793992335706
P32322_site134,17,12,1.6761209641092982
P32322_site135,5,4,2.480994026078465
P32322_site136,4,3,2.556863039707148
P32322_site137,5,4,1.3860306924178505
P32322_site138,14,11,3.0365710722699952
P32322_site139,8,6,1.19083944820843
P32322_site142,13,9,1.5713548073564474
P32322_site144,4,3,1.248823353412036
P32322_site146,3,3,1.745734063551194
P32322_site147,5,5,0.6250342556062854
P32322_site150,9,8,1.3075191408036206
P32322_site151,3,3,1.0070655498271064
P32322_site155,3,3,1.0016376285168995
P32322_site156,6,6,0.8882105359024732
P32322_site158,14,13,1.0420110111411942
P32322_site159,1,1,0.6963258012508547
P32322_site16,29,25,1.015420348999699
P32322_site162,11,10,2.6867794164574
P32322_site165,24,18,2.635754648687779
P32322_site167,2,2,1.3193471491463546
P32322_site168,9,8,1.8625072113403476
P32322_site172,12,10,1.8037645349473304
P32322_site175,5,4,1.00578437163803
P32322_site18,20,17,0.9177356196586032
P32322_site186,14,12,7.42757679806533
P32322_site19,27,24,1.8340737035433248
P32322_site194,3,3,0.9016822234200556
P32322_site196,4,3,0.5548459537905753
P32322_site197,18,15,1.5567701276503605
P32322_site198,18,15,2.3911833892497287
P32322_site199,17,15,2.7543748057103232
P32322_site2,27,23,3.483098475935097
P32322_site20,20,16,1.9342831239476752
P32322_site200,7,7,0.9356545023448544
P32322_site201,12,10,0.8177028611453717
P32322_site202,11,9,1.6981241211961609
P32322_site203,16,15,2.619873150105708
P32322_site204,7,6,1.9469945355191256
P32322_site205,1,1,1.6856630088185678
P32322_site206,24,20,1.9326300525647997
P32322_site207,6,6,1.0825114951641033
P32322_site208,4,4,1.868236898299416
P32322_site209,2,1,0.6706677396663473
P32322_site210,13,13,1.3499323008054822
P32322_site211,16,13,3.028542853017513
P32322_site212,1,1,0.8968975043636069
P32322_site213,7,7,1.4911116950934185
P32322_site214,3,2,1.2305832278422957
P32322_site216,6,5,1.7025558197996549
P32322_site217,15,12,2.153183941029757
P32322_site218,18,15,4.7700503742312765
P32322_site219,17,15,2.141031419005923
P32322_site220,19,16,0.9490893928749552
P32322_site221,5,4,1.0313357481586711
P32322_site222,11,10,3.335803078534876
P32322_site223,12,9,1.3410909696518971
P32322_site224,18,15,5.6073993166414615
P32322_site225,5,5,0.7892625120734158
P32322_site226,29,24,3.1222123220406224
P32322_site227,21,17,4.678446734022109
P32322_site228,11,11,2.3503148832348475
P32322_site229,9,8,3.6059265161507423
P32322_site23,33,25,2.016348976331141
P32322_site230,4,4,4.357451956843856
P32322_site231,2,2,0.8990369814515509
P32322_site232,28,23,1.9377687856751895
P32322_site233,9,8,2.8281036271873967
P32322_site235,10,8,2.6261649176212987
P32322_site236,6,4,5.543278852186496
P32322_site237,3,3,1.4418855287974237
P32322_site238,16,15,4.192666831485461
P32322_site239,18,15,1.7822176637512794
P32322_site240,6,5,1.2894076331147033
P32322_site241,21,19,1.0666296649233675
P32322_site242,8,7,1.6090019624045244
P32322_site243,1,1,2.8056046319272125
P32322_site244,21,18,4.858388824252626
P32322_site246,10,9,2.052905541576732
P32322_site248,20,16,0.8615667125746004
P32322_site249,16,14,1.0377034794312594
P32322_site250,1,1,0.9684693492273254
P32322_site251,2,2,4.347317420100458
P32322_site252,18,17,1.837467084832588
P32322_site254,4,4,1.299436868531251
P32322_site255,5,4,1.4044853628272491
P32322_site258,2,2,1.7862864218550478
P32322_site260,5,5,1.117962901178943
P32322_site261,8,8,0.9728833343490266
P32322_site262,1,1,0.8635476538365631
P32322_site266,1,1,1.0101410754446942
P32322_site268,14,13,2.313250310309868
P32322_site27,23,20,1.2717998706725988
P32322_site270,4,4,0.8191274288352822
P32322_site271,1,1,1.00241121612022
P32322_site273,7,7,1.735658599073412
P32322_site29,6,6,1.9444828572790995
P32322_site307,6,6,2.373631540806222
P32322_site315,24,20,1.49153310678873
P32322_site316,6,5,0.9411915522336172
P32322_site33,14,13,0.8147290569503485
P32322_site343,12,10,1.2869809684633289
P32322_site345,9,8,1.064095646983194
P32322_site346,13,12,1.838050098905188
P32322_site349,15,14,1.0235069728270292
P32322_site355,10,8,1.7251553626915246
P32322_site358,19,16,1.0653047445653625
P32322_site36,8,7,1.7900279478207444
P32322_site363,10,10,3.10164275215799
P32322_site365,16,13,2.076509821278674
P32322_site367,16,15,1.579942509198297
P32322_site37,31,24,1.481243094322508
P32322_site38,13,10,1.0318893725879854
P32322_site383,1,1,1.1637273528487913
P32322_site397,6,5,1.5592332669948674
P32322_site4,17,15,0.6077938752826645
P32322_site40,8,8,1.885212368307872
P32322_site409,2,2,1.3666439511441533
P32322_site41,4,4,1.559971108254192
P32322_site410,7,7,2.757002333462537
P32322_site418,3,3,4.17333421300267
P32322_site420,13,12,1.4245640910476252
P32322_site421,11,9,1.2153657897036974
P32322_site426,3,3,0.7949421424680192
P32322_site429,2,2,2.0025172864289584
P32322_site434,3,3,0.6348998563427787
P32322_site44,16,14,1.0632327406632798
P32322_site447,2,2,1.198396907240856
P32322_site448,6,6,1.3632834387256862
P32322_site449,5,5,1.2302407244836668
P32322_site46,19,18,1.5174488681528375
P32322_site48,14,13,2.5380674838608503
P32322_site5,12,10,2.190620906974436
P32322_site50,27,24,1.9472896599207343
P32322_site52,17,15,1.05740797782227
P32322_site53,26,23,1.8236886606270573
P32322_site54,7,7,1.847057364814276
P32322_site55,17,15,1.3875114220116562
P32322_site56,28,22,2.1214063021726326
P32322_site57,19,17,1.944980905277656
P32322_site58,35,27,1.8065523276163808
P32322_site6,14,12,1.7617330424992963
P32322_site60,11,11,3.284093304548197
P32322_site61,23,20,4.5962060834612775
P32322_site62,11,11,1.0506241033878143
P32322_site65,19,18,1.987757657164652
P32322_site67,31,25,3.5919351678540608
P32322_site68,19,17,2.3215869465096386
P32322_site69,4,4,1.5276691699837253
P32322_site71,27,23,3.849824477521799
P32322_site72,10,10,1.248016522425285
P32322_site74,7,7,0.5335331780347116
P32322_site76,16,13,3.002868938954256
P32322_site78,10,9,2.382361958257849
P32322_site79,35,27,1.3274874731567643
P32322_site81,34,27,1.826907077875064
P32322_site82,9,9,1.6638430146137393
P32322_site84,19,15,1.510044659753236
P32322_site86,23,19,2.915838407703127
P32322_site9,18,17,3.028947573104458
P32322_site93,3,3,1.0166005647048484
P32322_site96,3,3,1.3692207418862388
P32322_site98,15,11,1.9178094827537524
P32322_site99,1,1,0.4483318469735427
P33981_site325,2,2,0.352693912141663
P34913_site101,58,55,1.24404276034342
P34913_site102,68,64,4.37117316105547
P34913_site103,72,69,4.348908507387698
P34913_site105,5,5,1.1777226342497071
P34913_site106,30,30,1.6565860975043598
P34913_site108,27,26,1.7874296289955036
P34913_site110,20,20,2.382797743966422
P34913_site116,18,18,1.3303207205149796
P34913_site117,40,40,3.9350704826997007
P34913_site118,24,24,2.377764561139585
P34913_site121,30,29,2.072669109105531
P34913_site122,22,20,5.067140738714791
P34913_site127,13,13,1.4712705763169205
P34913_site128,5,5,1.4688447974617058
P34913_site133,47,47,2.04145901167298
P34913_site146,10,10,1.6738688295113011
P34913_site148,17,17,2.020113491913853
P34913_site149,15,15,2.1507014056919
P34913_site15,68,64,1.6436081606333626
P34913_site150,17,17,3.1472483534910904
P34913_site151,6,6,1.932662172157099
P34913_site152,4,4,1.2182583702212566
P34913_site157,7,7,1.1956019653342922
P34913_site166,10,10,1.152642083715605
P34913_site17,64,60,2.2352421798466526
P34913_site176,5,5,2.014647588533437
P34913_site18,64,59,3.446205714075657
P34913_site181,2,2,0.4937848126393965
P34913_site182,16,16,2.47785214485421
P34913_site198,5,5,1.3290667466467891
P34913_site2,70,66,5.499737009217506
P34913_site200,1,1,0.6729640818398538
P34913_site21,48,47,1.4235178266284358
P34913_site27,66,62,10.488124045062104
P34913_site33,45,43,2.931232002651696
P34913_site36,101,94,5.801608506733598
P34913_site41,76,73,6.312308607909971
P34913_site45,81,76,7.148358037649227
P34913_site47,28,28,2.709558794764062
P34913_site52,99,92,3.3277295699437395
P34913_site55,85,79,2.1669484399203367
P34913_site56,71,66,4.063528948261207
P34913_site6,52,51,2.3699886788235696
P34913_site63,51,49,1.8695730897678349
P34913_site65,82,79,2.441514061149416
P34913_site66,101,96,2.5210739952541865
P34913_site67,59,57,3.238470713792454
P34913_site75,52,51,2.655618587146134
P34913_site79,24,24,2.742009637320173
P34913_site82,86,82,4.8449998229667735
P34913_site83,12,12,1.8892014621482467
P34913_site86,27,26,4.401400615989975
P34913_site88,18,18,1.1936584094195928
P34913_site9,20,18,1.1366108864397402
P34913_site90,32,31,1.4266327813134774
P34913_site91,34,34,1.6543418451840377
P34913_site92,16,16,2.055736083312918
P34913_site93,10,10,2.375554258445721
P34913_site95,77,73,1.5010347419902523
P34913_site97,73,70,2.4366050574160165
P34913_site98,42,41,3.848217512064641
P34913_site99,54,53,1.514410076749661
P35222_site112,4,2,2.6987768308080806
P35222_site121,1,1,1.1689259992348762
P35222_site135,5,4,3.2905724597282946
P35222_site137,3,1,2.1833714495742558
P35222_site138,2,2,0.8495242659257933
P35222_site145,2,2,1.392139385479558
P35222_site155,2,2,2.0667204634360106
P35222_site158,1,1,0.7160157008833176
P35222_site160,1,1,0.9453077456516508
P35222_site177,4,3,2.601096022544588
P35222_site178,4,3,3.832765926623447
P35222_site183,1,1,1.1587653254726722
P35222_site186,1,1,0.691704373224525
P35222_site187,4,3,1.3172917806683853
P35222_site189,2,2,1.682630226289726
P35222_site194,1,1,2.9295622749040247
P35222_site195,1,1,1.688102359587903
P35222_site198,1,1,1.1046039221848871
P35222_site199,1,1,1.099045118083706
P35222_site202,1,1,1.1120212284878117
P35222_site204,1,1,1.1517948957651678
P35222_site205,3,2,1.208913667872161
P35222_site213,4,3,1.9782054606206183
P35222_site215,3,3,1.847880249466968
P35222_site217,1,1,1.2266744736641124
P35222_site218,1,1,0.5250893911139244
P35222_site219,1,1,1.15687267966354
P35222_site220,2,2,1.0462733779948203
P35222_site226,2,1,1.594052520563339
P35222_site227,2,2,1.2966902933415376
P35222_site230,1,1,0.9978798258807005
P35222_site249,2,2,1.1401871418554608
P35222_site266,4,3,1.4021262494316389
P35222_site280,2,2,1.5756143812781105
P35222_site281,1,1,0.96006565158085
P35222_site282,3,3,1.0098439726678117
P35222_site283,3,2,0.8715072031793344
P35222_site285,1,1,1.1092430885177
P35222_site29,2,2,3.2454516203171684
P35222_site336,1,1,2.4513034691815427
P35222_site365,1,1,1.435545527150356
P35222_site373,1,1,0.7571226483692275
P35222_site44,2,1,1.2978458419940564
P35222_site46,1,1,2.7804599967953063
P35222_site47,1,1,0.3825536863869179
P35222_site49,5,3,1.3444227508606073
P35222_site556,1,1,0.8009066701305448
P35222_site558,2,1,2.953246923825501
P35222_site559,1,1,1.0094690472359429
P35222_site560,2,2,1.3113177811786776
P35222_site562,1,1,3.375725341835712
P35222_site599,1,1,0.934037564869208
P35222_site6,3,2,5.922552543799994
P35222_site600,1,1,1.0207771008457365
P35222_site67,3,2,2.9800811322657643
P35222_site72,2,1,2.689967982924226
P35222_site73,5,4,3.541678504161537
P35222_site74,4,3,1.686829653862621
P35222_site75,1,1,2.3476851244368637
P35222_site76,5,3,1.8279492836627715
P35222_site79,2,2,1.534403220177741
P35222_site80,3,3,1.8554737018345333
P35222_site83,3,2,1.4084239553450308
P35222_site84,5,3,3.8577703039086617
P35222_site86,1,1,1.0937861525508938
P35222_site87,2,2,4.029479978014023
P35222_site88,5,3,3.758017272332143
P35222_site90,5,4,2.676324712452629
P35222_site91,3,1,1.9632044607290664
P35222_site92,4,3,2.2282768366834635
P35222_site93,3,2,4.504342962079556
P35222_site94,3,2,2.9337151341605683
P35247_site12,1,1,1.1379299597107575
P35247_site17,9,3,1.5310886423873564
P35247_site186,1,1,1.0710125026592987
P35247_site20,13,4,2.7854674140081443
P35247_site27,12,4,2.9474436628793894
P35247_site28,13,4,1.314815331010453
P35247_site29,11,4,3.611736450244176
P35247_site30,14,4,1.823119434281009
P35247_site31,5,3,1.6917817373504318
P35247_site32,2,1,0.7978915685718881
P35247_site33,1,1,1.807779813260844
P35247_site35,12,3,2.2262009397007283
P35247_site36,5,3,1.2906240301612664
P35247_site37,10,3,5.379721260873632
P35247_site38,12,4,2.2591591902164074
P35247_site39,11,4,2.111615293578909
P35247_site4,6,3,2.0693028973285115
P35247_site40,4,2,2.5100635338927444
P35247_site41,8,3,2.0493309631830763
P35247_site42,8,4,1.875033130579777
P35247_site43,3,1,2.391951608545205
P35247_site44,6,2,1.925971300141428
P35247_site46,9,3,1.751429283844195
P35247_site47,8,3,2.758652534079475
P35247_site48,14,4,1.7927659608568014
P35247_site49,12,4,1.7421909259996673
P35247_site50,10,4,1.439272066869475
P35247_site51,4,2,1.2788741729422115
P35247_site53,8,3,2.938983011591954
P35247_site54,8,3,1.833401462024006
P35247_site55,13,4,2.101797179413959
P35247_site56,7,2,1.367532981865878
P35247_site57,2,2,1.124981307712438
P35247_site58,4,2,1.7549203721976423
P35247_site59,1,1,1.0342401295950447
P35247_site60,5,2,2.2731469568771097
P35247_site61,5,2,2.1804249821928656
P35247_site62,7,4,3.515252406425025
P35247_site63,4,2,1.3892031291353024
P35247_site64,6,2,0.9174762245628388
P35247_site65,1,1,0.8817389347605398
P35247_site68,1,1,1.2544241509433962
P35247_site69,8,3,1.4574860742823583
P35247_site70,3,2,5.972728620127464
P35247_site74,1,1,1.0728810009275762
P35247_site76,4,3,2.7533115632588125
P35247_site77,2,1,0.6777038521078383
P35247_site8,6,2,1.962148019278028
P35247_site9,4,3,1.4240605944193274
P35790_site1,15,14,1.0831404065409156
P35790_site13,17,16,2.4267571916329813
P35790_site16,23,21,3.3668927777461093
P35790_site2,16,15,1.9896827337182403
P35790_site21,21,19,2.233387321434356
P35790_site22,7,7,1.0442759127445214
P35790_site23,24,22,1.3775270723235535
P35790_site30,22,20,1.185271305731987
P35790_site31,21,20,2.1206731768127987
P35790_site34,23,21,3.625852713973904
P35790_site36,11,10,0.5539968456877231
P35790_site4,16,15,0.9903506897119572
P35790_site40,22,20,1.7007469311741974
P35790_site43,24,22,2.837331476375901
P35790_site47,21,19,1.772702364681915
P35790_site59,17,17,0.8827006634350513
P35790_site64,5,5,0.8459172672894636
P35790_site72,3,3,2.1822884183223943
P35790_site73,17,16,1.376025106030738
P35790_site74,5,5,1.4559903785683257
P35790_site75,7,7,1.6699365904471033
P35968_site1,18,18,2.89896395373423
P35968_site10,4,4,2.2949214014312824
P35968_site11,21,21,1.4860909994090947
P35968_site12,22,22,1.834370365460616
P35968_site13,20,20,1.8508540647813447
P35968_site14,9,9,1.2483301910652287
P35968_site16,16,16,3.483766383474161
P35968_site17,17,17,1.9938472277231605
P35968_site18,8,8,1.9265771710848825
P35968_site2,27,27,1.1692634023889437
P35968_site3,27,27,3.159574964316034
P35968_site4,14,14,1.7328029256255566
P35968_site5,5,5,1.6200100678060674
P35968_site6,5,5,1.7508899093013548
P35968_site7,15,15,1.7214998915718311
P35968_site8,13,13,1.967842222077159
P35968_site9,1,1,1.0855744966811125
P36639_site1,17,17,2.2022939368054657
P36639_site10,8,8,1.6812721917848237
P36639_site101,3,3,1.1523066520331229
P36639_site102,1,1,0.474977517784105
P36639_site103,4,2,1.1406912528181687
P36639_site104,4,4,1.964630334522722
P36639_site11,33,31,2.8176864586698662
P36639_site112,2,2,1.9182748408514112
P36639_site12,12,11,3.2327554030461743
P36639_site13,17,15,4.677822233646635
P36639_site14,44,39,2.735944864188448
P36639_site15,21,19,5.915205964131324
P36639_site154,3,2,0.7675167189277686
P36639_site155,2,1,1.2161320933763524
P36639_site16,8,8,3.328275741946721
P36639_site17,3,3,0.839724208539297
P36639_site18,28,27,2.2305930290802056
P36639_site19,20,17,3.853286118395243
P36639_site2,63,52,3.489605261010753
P36639_site20,8,8,1.2525550260323408
P36639_site21,6,5,1.886818737732757
P36639_site22,15,13,3.5555440118438484
P36639_site23,29,25,2.037035295123672
P36639_site24,23,22,2.9980311285367547
P36639_site26,18,16,2.0838862892858065
P36639_site27,2,2,1.443656660129733
P36639_site29,4,4,0.9575761210218652
P36639_site3,24,21,1.5160139045375398
P36639_site30,30,26,2.5107352047636406
P36639_site36,10,8,1.6696459188649269
P36639_site4,4,3,2.2096595651479003
P36639_site41,1,1,1.9565855027345835
P36639_site43,13,13,1.5551857377864493
P36639_site45,8,8,1.9069773733132784
P36639_site5,26,22,3.1588484953236926
P36639_site6,22,19,4.055644735808179
P36639_site68,12,12,2.1154688296129005
P36639_site69,7,6,2.651545262968435
P36639_site7,18,16,2.170865741962998
P36639_site71,6,5,1.5257529200988882
P36639_site72,10,9,1.126172467314049
P36639_site73,4,2,1.9677922719992589
P36639_site74,4,2,1.329025292933304
P36639_site75,4,2,4.34195092623053
P36639_site76,4,2,1.3996351804377836
P36639_site77,4,2,1.669850594515209
P36639_site78,5,3,3.172018020129422
P36639_site79,3,2,1.6941478193730162
P36639_site8,10,8,1.100536125409358
P36639_site80,11,9,1.4407612562590186
P36639_site82,2,1,1.5676787380205242
P36639_site83,3,3,5.080424147167556
P36639_site84,5,3,2.001830015574424
P36639_site88,2,2,1.463515402281865
P36639_site9,7,7,3.1877403176372248
P36639_site96,3,3,1.07493346416474
P36639_site97,6,6,1.194122461817805
P36897_site1,23,22,5.211343216051213
P36897_site10,8,8,3.1038283395238304
P36897_site11,17,16,1.8029258861630708
P36897_site13,11,11,2.272236198649356
P36897_site14,10,10,2.792298444477157
P36897_site15,22,21,1.7597965979659798
P36897_site16,13,12,1.68003933457648
P36897_site17,9,9,2.642793358738201
P36897_site18,23,22,3.216853176787134
P36897_site19,8,8,1.1225294157327192
P36897_site2,23,22,1.9583593213504944
P36897_site20,16,15,3.022430040488731
P36897_site21,21,20,1.5264800615682812
P36897_site22,16,16,1.9991519108967195
P36897_site23,7,7,1.1079706569490595
P36897_site25,16,15,1.5824571382862425
P36897_site26,1,1,0.6867690314740066
P36897_site27,10,10,2.3481175575252933
P36897_site28,5,5,1.4621332124911273
P36897_site29,5,5,1.4028701959736445
P36897_site3,20,19,1.7641818194345875
P36897_site30,20,19,2.167221057585351
P36897_site31,3,3,1.244116172897349
P36897_site32,5,5,1.8784841519955136
P36897_site35,16,15,3.2026168247230435
P36897_site36,9,9,1.6813692796014303
P36897_site37,4,4,1.3329359509296823
P36897_site38,7,7,2.4923503694783258
P36897_site39,10,10,1.50147741663149
P36897_site4,19,19,2.0984555089656336
P36897_site40,10,9,1.2986560254041406
P36897_site6,23,22,2.002378396234206
P36897_site69,4,4,2.524254957288083
P36897_site72,3,3,0.9559666057178494
P36897_site73,6,6,3.884308611748962
P36897_site74,6,6,0.961230492994656
P36897_site75,4,4,1.8803085224698275
P36897_site8,23,22,2.128985537491913
P36969_site12,4,4,1.3563404145422389
P36969_site13,9,6,1.7139763514423465
P36969_site14,9,6,1.282221195705427
P36969_site15,6,5,1.6402670657304017
P36969_site16,3,3,1.2683801079813015
P36969_site17,4,3,1.7816002676672325
P36969_site18,7,5,1.0306800522927406
P36969_site19,2,2,0.9504436310675892
P36969_site20,5,4,1.617966441709096
P36969_site21,9,6,3.597174238596587
P36969_site30,6,4,1.483240384062554
P36969_site31,4,4,2.698654261999064
P36969_site33,2,2,2.092905875007406
P36969_site36,3,3,2.3529311210589854
P37231_site100,35,22,7.743087837651581
P37231_site101,4,4,4.382177961193751
P37231_site102,32,22,1.2889038121327945
P37231_site103,6,4,0.960680579452306
P37231_site104,9,7,2.1794248595390813
P37231_site105,16,10,1.0566102157880362
P37231_site106,29,18,2.087811806355758
P37231_site107,20,13,1.9326382398072663
P37231_site108,18,13,5.809759629131659
P37231_site109,5,5,3.614160470850535
P37231_site11,5,5,1.7979959822539435
P37231_site117,19,16,1.817658776965217
P37231_site118,12,10,1.5916951925805762
P37231_site119,54,31,4.191400752174616
P37231_site122,26,16,1.913537466283872
P37231_site126,14,8,3.035124290865594
P37231_site129,27,16,1.7311853189217148
P37231_site13,56,41,2.7392008387093423
P37231_site131,22,15,0.510424048400662
P37231_site133,26,18,10.827693353101065
P37231_site146,22,17,1.9356278891722871
P37231_site155,34,29,2.2251297394415617
P37231_site165,30,23,1.8562680845045656
P37231_site168,10,9,1.4568267304616007
P37231_site171,10,10,1.6100618878497204
P37231_site172,33,28,4.7428035137027456
P37231_site176,30,27,2.6764912640412413
P37231_site177,81,55,4.685501057325993
P37231_site179,5,3,1.213700247550166
P37231_site184,16,14,1.3547841575439792
P37231_site191,12,10,0.9346672075570108
P37231_site192,40,36,2.326231752526573
P37231_site193,31,26,2.352792655936931
P37231_site195,34,25,1.7567477569912568
P37231_site197,9,5,2.075731369721363
P37231_site198,2,2,1.536914027722868
P37231_site202,19,15,1.4863207610460358
P37231_site210,31,20,1.944395979009247
P37231_site211,8,5,2.772650681968258
P37231_site212,29,18,1.5579105042100443
P37231_site219,27,20,1.6975996423535884
P37231_site22,34,25,1.9616880681363236
P37231_site220,3,3,1.1302737407590844
P37231_site222,19,14,1.5890040294165475
P37231_site224,7,7,3.7624964232346674
P37231_site227,77,46,2.11829795576079
P37231_site229,2,2,0.4021226878858985
P37231_site23,129,88,6.047509208271034
P37231_site233,22,15,4.737819740915587
P37231_site237,9,8,1.8674584050487664
P37231_site24,34,29,2.476106009470737
P37231_site242,32,25,3.4090360725581195
P37231_site247,40,33,2.276774471111251
P37231_site25,100,68,4.48330095763896
P37231_site253,13,10,1.15657888604055
P37231_site255,8,7,3.473795346509883
P37231_site258,50,36,2.409822775688518
P37231_site26,51,39,2.0366906236744176
P37231_site260,24,16,5.871038118533599
P37231_site264,12,11,2.9649178211976
P37231_site265,11,6,1.924615271455308
P37231_site27,6,6,0.8160967279256225
P37231_site273,11,8,2.315951618821088
P37231_site274,8,7,1.3413353248475248
P37231_site276,11,8,2.1485288279147734
P37231_site278,16,11,1.166405023547881
P37231_site28,161,100,3.424737796997714
P37231_site282,4,4,0.7950666044074348
P37231_site284,10,9,1.3434006123634976
P37231_site296,31,26,2.1072717581044844
P37231_site298,4,4,1.5047084472397083
P37231_site30,30,22,4.945048879678447
P37231_site304,9,6,2.8797969096913074
P37231_site318,17,13,1.394853300155913
P37231_site319,8,5,1.3437880241063889
P37231_site32,69,52,3.045140290545271
P37231_site328,38,18,1.2082197495314215
P37231_site33,144,91,3.2505297063913146
P37231_site338,17,8,0.8714106401893589
P37231_site341,27,17,3.8348903425420255
P37231_site346,18,10,2.276867330328074
P37231_site348,11,6,4.033961662297272
P37231_site36,34,28,2.177587731009221
P37231_site37,179,114,6.703205414202857
P37231_site389,5,5,2.2999552972731334
P37231_site393,8,8,0.8267543081876254
P37231_site394,10,9,3.840686343219051
P37231_site397,3,3,1.3838769820679468
P37231_site399,5,4,1.98875057174292
P37231_site4,92,70,4.39117436969232
P37231_site400,12,12,1.389074009674054
P37231_site401,5,5,2.722169885382321
P37231_site404,4,4,0.786622960131593
P37231_site41,108,77,3.0430891394855117
P37231_site428,10,10,2.576441415186197
P37231_site429,5,4,2.5502820996199183
P37231_site43,164,105,5.402835631928403
P37231_site430,1,1,1.1711830005430284
P37231_site435,6,6,1.2919864025188776
P37231_site443,11,10,1.5932933028339054
P37231_site444,6,6,1.4063194875040048
P37231_site448,14,11,2.770248409810748
P37231_site45,119,81,3.409634017771977
P37231_site450,4,4,1.3827355090586124
P37231_site451,6,5,1.1993255540827328
P37231_site452,10,8,1.0368688059842583
P37231_site453,11,8,4.668084858798973
P37231_site455,2,2,1.039563194497107
P37231_site456,2,2,1.2136520740376116
P37231_site457,1,1,0.512723573697724
P37231_site458,6,6,5.930131407906654
P37231_site46,103,72,4.807623361888252
P37231_site460,3,3,1.4234796168411674
P37231_site462,2,2,1.0349012518845777
P37231_site47,50,34,2.434238716853012
P37231_site486,4,4,1.6377348142054025
P37231_site49,31,29,3.981536957349689
P37231_site490,3,3,1.710705899517435
P37231_site491,13,9,2.1127753368590145
P37231_site494,3,3,1.0485071207758825
P37231_site495,23,10,1.348113424447567
P37231_site498,43,21,0.7392383239798346
P37231_site499,45,22,1.60324524762707
P37231_site5,70,50,3.032004900611689
P37231_site500,2,2,1.4159252039249426
P37231_site501,8,8,1.6325020237872845
P37231_site506,5,4,4.208188102827338
P37231_site507,4,4,1.0630213645761544
P37231_site51,19,15,3.2203963508822944
P37231_site510,18,11,4.326786318997629
P37231_site511,30,17,2.4580731300257925
P37231_site512,17,11,1.955095618931922
P37231_site52,167,106,3.221665280912222
P37231_site525,6,5,1.271973500038995
P37231_site526,1,1,4.438379751410614
P37231_site53,65,42,8.598700414421533
P37231_site54,80,52,5.323884311955984
P37231_site55,71,38,2.5336310084711773
P37231_site57,18,15,1.4840853966741696
P37231_site58,53,39,4.575370107585319
P37231_site59,78,51,2.5650610888310457
P37231_site60,74,56,4.126339948697178
P37231_site619,13,7,1.0754234486106866
P37231_site62,59,40,1.2005997206114547
P37231_site620,24,13,1.49907563288525
P37231_site622,44,19,2.454235372896962
P37231_site623,35,17,5.706317984379678
P37231_site625,22,9,1.1455199327019725
P37231_site626,35,16,2.738815642022588
P37231_site627,32,15,1.5632992298687145
P37231_site629,3,3,0.7022167582312037
P37231_site63,46,30,2.6230552952202437
P37231_site630,25,13,1.4011151162154822
P37231_site632,40,19,3.221338713505816
P37231_site637,1,1,0.8090998518518518
P37231_site638,15,8,5.793959041669961
P37231_site639,21,12,0.5445768707972887
P37231_site64,43,35,2.387550002786865
P37231_site640,15,8,1.9683507675740852
P37231_site642,10,7,3.1630220733033534
P37231_site645,2,2,1.496543791793056
P37231_site65,24,16,2.0423655002312318
P37231_site650,25,9,2.506800264326659
P37231_site651,5,4,1.3440637825905248
P37231_site653,36,17,1.5413078504361353
P37231_site654,3,3,1.289270397734105
P37231_site655,2,1,0.8041225700226833
P37231_site656,8,2,1.666003573812138
P37231_site657,5,2,0.9407143706987784
P37231_site658,17,8,0.9268894682784232
P37231_site659,6,5,1.2734955808043384
P37231_site66,94,58,6.121838691959948
P37231_site67,52,42,4.354578300717886
P37231_site68,41,29,2.850996976587292
P37231_site69,14,12,1.516297191992476
P37231_site70,80,51,1.7761761652864092
P37231_site71,46,31,2.426973879689906
P37231_site72,31,21,8.538258232235702
P37231_site73,96,58,1.56865421671559
P37231_site74,27,23,3.78261325313834
P37231_site75,78,49,2.995229929164999
P37231_site76,27,23,4.032353186279223
P37231_site77,59,44,3.806036416194574
P37231_site778,1,1,0.2914293773495897
P37231_site78,34,22,10.938674766622132
P37231_site79,86,54,8.282803009487955
P37231_site80,82,48,7.436822305819872
P37231_site81,86,55,2.800109099757468
P37231_site84,49,33,9.265755119429029
P37231_site85,7,6,1.044267215215485
P37231_site87,20,18,2.337922465661153
P37231_site88,30,22,31.076536004110874
P37231_site89,29,23,1.529045422420148
P37231_site90,39,28,3.7437080180256777
P37231_site91,4,4,1.1546835202948031
P37231_site92,109,77,7.297299472310681
P37231_site93,13,11,0.9122562155724282
P37231_site94,63,40,1.5061012090797063
P37231_site96,32,23,1.4397695762945986
P37231_site98,40,30,4.477347296057561
P37231_site99,62,44,5.656385337330989
P37268_site1,6,4,4.44521515031049
P37268_site10,6,5,1.623254853524326
P37268_site116,6,4,1.863626592883284
P37268_site117,2,2,0.8381997396317649
P37268_site12,5,3,0.9774379376127006
P37268_site120,3,3,1.083091214546892
P37268_site122,1,1,0.9495818840487384
P37268_site123,4,2,1.324951960906816
P37268_site124,1,1,1.1681910248252616
P37268_site125,7,4,0.9967522176713935
P37268_site126,2,1,2.045461744781727
P37268_site127,1,1,3.68007837340804
P37268_site128,2,2,1.3609964651114874
P37268_site130,1,1,2.553616414062821
P37268_site131,3,3,1.7012325716636174
P37268_site132,1,1,0.7199480086505381
P37268_site134,6,4,1.2221023357099283
P37268_site135,7,4,1.8423009579777812
P37268_site136,1,1,0.7674057783267556
P37268_site137,1,1,1.5197249778850936
P37268_site138,4,4,0.9090333948416276
P37268_site139,5,4,1.7619655392469686
P37268_site141,2,2,1.986723011349524
P37268_site143,7,4,1.443000021981404
P37268_site144,2,2,0.8807061357641219
P37268_site145,1,1,0.6320339278012757
P37268_site146,1,1,0.895725037747375
P37268_site147,3,3,1.2823159706977434
P37268_site148,1,1,1.0646217446529864
P37268_site149,4,4,1.181257014590348
P37268_site150,2,2,1.000828051273275
P37268_site151,5,3,1.2870823592441067
P37268_site152,1,1,0.3509791822285732
P37268_site153,4,3,1.185614390090013
P37268_site154,3,2,1.0802595722155783
P37268_site156,7,4,1.2565722335756464
P37268_site157,5,3,1.1644181406505707
P37268_site158,7,4,1.5508951109446925
P37268_site159,3,2,1.34176294740244
P37268_site160,1,1,0.9750799253414152
P37268_site163,1,1,2.676816249321072
P37268_site164,1,1,4.206113408633964
P37268_site165,1,1,2.232508183681025
P37268_site166,2,2,4.197936217853733
P37268_site168,3,3,1.4872034653849138
P37268_site169,2,2,1.015952618342535
P37268_site17,8,5,1.1344411727412334
P37268_site170,3,2,2.2217118484189804
P37268_site171,4,3,1.980282030377148
P37268_site172,4,4,1.2730323820690834
P37268_site174,7,4,1.1402848300257469
P37268_site175,7,4,3.366142402216982
P37268_site176,1,1,1.9978316699596816
P37268_site177,3,3,1.0808622940207784
P37268_site178,3,3,0.7209928923446826
P37268_site179,2,1,1.2690305470975345
P37268_site18,8,5,2.281348098590492
P37268_site180,4,3,3.178517472596297
P37268_site181,6,4,1.717731123624037
P37268_site182,3,3,3.306786736081797
P37268_site183,2,2,1.1280394802193814
P37268_site186,2,1,1.33032644891438
P37268_site187,5,4,1.688332130475402
P37268_site188,2,2,0.7720831977668067
P37268_site189,3,3,1.5577933867236915
P37268_site19,2,2,0.6763598953648272
P37268_site191,7,4,1.1282171372496543
P37268_site193,1,1,1.345974614146952
P37268_site194,1,1,2.256999607587655
P37268_site195,2,2,0.935591123968848
P37268_site196,3,3,1.506622110149067
P37268_site197,7,4,1.6264921042815106
P37268_site198,3,3,1.405434371293679
P37268_site199,5,3,1.0199781548465758
P37268_site200,1,1,1.0304319238917796
P37268_site201,5,2,0.3668636893893593
P37268_site202,3,3,0.8692554027632529
P37268_site203,4,3,4.316007343569115
P37268_site204,6,4,2.1564195250143574
P37268_site205,2,2,3.257054205451781
P37268_site207,2,1,1.106768319995567
P37268_site208,1,1,1.793112591685215
P37268_site209,3,3,0.8569152050207246
P37268_site21,1,1,0.8279772867572408
P37268_site210,6,4,1.1669691429590654
P37268_site211,7,4,2.26045255566772
P37268_site212,5,4,3.2689240740275536
P37268_site23,8,5,1.3992362031996004
P37268_site26,7,6,2.4411003983603714
P37268_site27,4,4,0.980369819969025
P37268_site28,3,3,0.8077965275878072
P37268_site29,7,7,1.1334197135852464
P37268_site3,14,11,11.32761579602103
P37268_site32,8,5,1.6614571782019625
P37268_site33,8,5,1.397293085428855
P37268_site34,5,3,6.658739144574395
P37268_site36,8,5,1.1835091872973391
P37268_site39,11,10,1.6508781377936494
P37268_site4,14,11,1.6818216656926337
P37268_site41,16,13,1.0606440642538972
P37268_site43,5,4,1.0187443684893949
P37268_site47,7,4,1.331555062581993
P37268_site49,16,13,1.7647237528546589
P37268_site5,5,4,1.8240957010860812
P37268_site51,6,3,0.7239851386110318
P37268_site52,3,3,0.1278314424752199
P37268_site53,14,13,2.3400281968350183
P37268_site55,15,12,1.5997666814166922
P37268_site57,7,5,2.409332052299595
P37268_site58,2,2,1.0008741224781563
P37268_site59,4,3,1.4415728947693829
P37268_site6,4,4,1.594245750824811
P37268_site64,4,3,1.1402729370183105
P37268_site66,4,2,1.7319137772050508
P37268_site67,8,5,1.163955018186797
P37268_site68,4,4,0.9313396566590892
P37268_site7,7,4,2.476455867837808
P37268_site70,5,5,1.1731038972956205
P37268_site72,5,5,1.2023291988751377
P37268_site74,11,11,0.9172747936356024
P37268_site75,5,5,1.0099159301573617
P37268_site76,7,5,1.6801759501803983
P37268_site77,6,6,0.8888050098653169
P37268_site78,9,9,2.538377239377501
P37268_site79,2,2,1.3107951569554728
P37268_site80,6,6,1.1272433522353218
P37268_site82,4,4,0.9290249068412718
P37268_site83,4,4,1.1297771904380596
P37268_site84,6,5,2.346063058506154
P37268_site85,3,3,2.615324217194227
P37268_site86,4,4,1.3327889883036723
P37268_site89,3,3,0.8558938857189214
P37268_site9,8,5,1.2344806715330348
P37268_site90,2,2,0.8772706367881485
P37268_site91,3,2,2.221381718154888
P37268_site93,2,2,3.177413325580154
P37268_site94,4,3,4.395368832058749
P37268_site95,2,2,0.7973943663989593
P39900_site1,26,18,4.35297408802094
P39900_site108,10,8,2.5721123343256944
P39900_site14,4,2,1.2057700306272925
P39900_site140,34,19,2.014622649624112
P39900_site16,5,2,0.7003445007526784
P39900_site165,41,22,5.880352243831589
P39900_site166,15,11,0.6170643332705232
P39900_site194,7,3,1.4390488535667991
P39900_site2,66,32,3.2008482331409263
P39900_site23,15,8,1.9594941247273645
P39900_site3,60,30,5.31765566684103
P39900_site4,62,33,2.6229618945023647
P39900_site5,23,14,2.1114451023821363
P39900_site6,31,20,3.4746470101001017
P39900_site74,61,33,2.6210243051656903
P39900_site75,66,33,2.0934564809016907
P39900_site8,31,17,1.8716904824889813
P39900_site9,60,30,1.4525285847524958
P39900_site96,6,4,3.081657908754553
P40261_site10,22,18,2.773212744687577
P40261_site14,10,9,1.9311749332240475
P40261_site140,3,3,0.6509120867758257
P40261_site15,9,9,1.0552494262330576
P40261_site158,13,11,2.867677876916037
P40261_site179,7,6,2.135979360325097
P40261_site22,12,11,1.3490009345378489
P40261_site25,10,9,2.033832644628099
P40261_site266,1,1,3.1378804942316294
P40261_site314,1,1,1.68109513297159
P40261_site37,11,10,1.2518088763459474
P40261_site375,1,1,1.149494977914076
P40261_site378,2,2,0.756737454395264
P40261_site4,10,8,4.019332378827412
P40261_site41,7,7,2.71647925510656
P40261_site48,13,12,3.750325197451111
P40261_site75,11,10,1.99842272065991
P40261_site8,22,18,2.0231645500626807
P40261_site80,14,12,1.2334603174603174
P40261_site82,9,8,0.9906855277475516
P40261_site86,7,7,0.9854670610189782
P41182_site1,9,9,3.1066433624858387
P41182_site10,2,2,2.0303227995094075
P41182_site11,13,13,3.622075707872928
P41182_site12,5,5,2.58691332497452
P41182_site13,6,6,1.4605657490421216
P41182_site14,6,6,1.81875505676628
P41182_site15,2,2,0.8953074183057148
P41182_site157,1,1,0.2583979831650639
P41182_site158,3,3,4.193056595324887
P41182_site16,9,9,1.3327398347235393
P41182_site161,3,3,2.1803877339314046
P41182_site162,1,1,1.039651376146789
P41182_site164,17,15,1.6415117042222709
P41182_site165,2,2,2.7007321383489016
P41182_site166,19,13,1.886696789881503
P41182_site167,5,5,1.481317141522653
P41182_site17,2,2,1.1973519523269347
P41182_site18,51,36,1.7167433622657653
P41182_site181,6,6,0.9254814893129636
P41182_site189,76,54,5.328993675604937
P41182_site19,54,39,1.9436762943200712
P41182_site190,21,17,2.498773292115948
P41182_site191,9,8,1.432903577896504
P41182_site195,2,2,0.8527652032944765
P41182_site2,12,12,2.3923144455931338
P41182_site20,3,3,1.0583975456621004
P41182_site202,21,17,1.2475770009468747
P41182_site203,1,1,1.5413924817358842
P41182_site22,1,1,1.6224073081785215
P41182_site23,2,2,3.827321314220975
P41182_site24,1,1,0.9878066929251038
P41182_site25,1,1,1.495959766003114
P41182_site26,3,3,1.80609764039334
P41182_site27,3,3,1.4984586124376913
P41182_site28,13,12,1.4468429708430992
P41182_site3,8,8,3.809506304684702
P41182_site32,10,10,4.980234199817291
P41182_site4,62,44,2.2450339791482
P41182_site41,6,6,2.4736329193928244
P41182_site5,91,65,4.000460985429919
P41182_site7,48,41,2.1543030872497715
P41182_site70,1,1,0.5284714538932426
P41182_site8,75,53,2.5282489997126243
P41182_site83,21,18,2.570797431889525
P41182_site84,11,11,1.7169833375438808
P41182_site87,40,35,2.524206082401689
P41182_site9,11,10,2.1704342492197224
P41212_site213,1,1,0.7564644559098727
P41212_site233,1,1,1.1476747401151597
P41212_site234,1,1,1.3829402022404873
P41212_site236,1,1,0.9572776725073984
P41212_site238,1,1,1.5432416998884602
P41212_site239,1,1,0.8516417786083718
P41212_site240,1,1,1.01745346622899
P41212_site242,1,1,1.0588663446054751
P41212_site244,1,1,3.478492853447095
P41212_site314,1,1,1.0195386724394364
P41212_site318,1,1,2.8881037287801354
P41212_site320,1,1,1.06543760908122
P42336_site100,5,5,0.4789293477372645
P42336_site101,7,7,1.0530629043039206
P42336_site103,7,7,1.260188241766879
P42336_site105,6,6,1.8909441373732951
P42336_site106,5,5,1.4573648750033823
P42336_site110,5,5,0.691450178101863
P42336_site111,1,1,0.5533387146308784
P42336_site113,4,4,1.7533615099343234
P42336_site114,5,5,4.65558830143569
P42336_site116,5,5,2.7829247199648584
P42336_site117,8,7,1.7028947407672574
P42336_site118,3,3,0.2902357364006426
P42336_site121,4,4,1.5712295997859649
P42336_site122,2,2,1.902760174138264
P42336_site126,4,4,1.0894803715813772
P42336_site129,5,5,1.4703350831575333
P42336_site13,5,5,1.7258092393772886
P42336_site130,8,8,1.0120408315326723
P42336_site132,9,9,1.1340537668224655
P42336_site133,7,7,2.3608910262096146
P42336_site135,6,6,1.5150457137762543
P42336_site138,8,8,1.5621746702793262
P42336_site139,4,4,1.9360537626006096
P42336_site14,6,6,2.055089613970588
P42336_site142,5,5,3.099663502083281
P42336_site145,9,9,1.472175372670932
P42336_site146,9,9,1.07982455053465
P42336_site147,1,1,0.8346933395730717
P42336_site148,9,9,1.4596979267897636
P42336_site15,2,2,1.030402601359515
P42336_site153,7,7,1.7548990577311518
P42336_site154,8,8,2.289349870841796
P42336_site156,2,2,1.351700500155662
P42336_site158,7,7,1.0406324349721094
P42336_site159,9,9,1.8471624302426903
P42336_site16,10,10,0.7046294730030891
P42336_site162,7,7,1.5986656099142589
P42336_site165,7,7,1.4028371146240877
P42336_site166,5,5,1.5395249411995295
P42336_site168,8,8,1.5485813672827091
P42336_site169,7,7,2.969934735153918
P42336_site171,6,6,1.0139995207284926
P42336_site172,6,6,0.9340745154215736
P42336_site175,5,5,0.8436042969575651
P42336_site177,5,5,1.0662652590993416
P42336_site178,8,8,2.1892845985629483
P42336_site18,6,6,0.9489990058882009
P42336_site180,8,8,3.583033509486164
P42336_site181,7,7,1.9202334363199447
P42336_site183,9,9,2.048729181878238
P42336_site187,2,2,0.9845177301579726
P42336_site19,7,7,1.2451124914469196
P42336_site192,3,3,0.752952551347737
P42336_site193,3,3,1.019043624879105
P42336_site196,2,2,0.876093267954445
P42336_site197,3,3,1.1536839922587778
P42336_site198,1,1,0.9133785693896572
P42336_site199,2,2,1.0966470557150658
P42336_site2,6,6,2.5852373349133155
P42336_site20,7,7,1.4106143296949345
P42336_site200,1,1,0.8870838229533882
P42336_site204,1,1,2.868948516536727
P42336_site208,10,10,2.3382981360898865
P42336_site209,3,3,0.633208421500597
P42336_site21,7,7,5.321581520429656
P42336_site211,1,1,0.7161468205288798
P42336_site215,3,3,0.7580175673457588
P42336_site216,2,2,1.5803304646544167
P42336_site218,5,5,0.4392867654738281
P42336_site22,2,2,1.3460218352431652
P42336_site220,3,3,0.7295514194216368
P42336_site221,6,6,0.9761960635105794
P42336_site222,5,5,2.2472802887303027
P42336_site225,5,5,2.5587866073228005
P42336_site226,10,10,4.040614715702996
P42336_site232,2,2,0.8390888117345034
P42336_site233,4,4,2.347099825398353
P42336_site236,3,3,2.348542847267961
P42336_site237,3,3,1.5426624243165912
P42336_site24,7,7,1.408127271857662
P42336_site241,2,2,1.3955309787132837
P42336_site243,3,3,1.4194271251705364
P42336_site245,3,3,0.8668408066694381
P42336_site25,7,7,1.8409046479197528
P42336_site252,2,2,1.7449847817005275
P42336_site257,1,1,0.6277553106952873
P42336_site263,3,3,1.4440337643376768
P42336_site266,3,3,0.5229632239758165
P42336_site267,3,3,0.7842215340715641
P42336_site269,6,5,1.2178160228960937
P42336_site27,7,7,0.9875575732199132
P42336_site273,1,1,0.4856918823878887
P42336_site280,3,3,1.011068376623658
P42336_site3,6,6,8.703231682237499
P42336_site30,4,4,1.5319320364242603
P42336_site306,1,1,0.6128741118178422
P42336_site309,1,1,1.3650850479569516
P42336_site31,2,2,0.4741553376963449
P42336_site310,1,1,0.6433336169292995
P42336_site311,1,1,0.9370233119317448
P42336_site313,4,3,0.6175415956122967
P42336_site316,1,1,0.8544852863621982
P42336_site317,1,1,1.046084388067241
P42336_site318,1,1,1.0136621968247277
P42336_site32,6,6,2.426140380457128
P42336_site320,1,1,1.9367365806481849
P42336_site322,1,1,0.8998165114355524
P42336_site323,1,1,0.4399770910556796
P42336_site324,1,1,1.8452530361507176
P42336_site33,3,3,1.8215899791354864
P42336_site334,2,2,0.91018889584277
P42336_site355,1,1,1.121428179244025
P42336_site36,7,7,1.4047576096908472
P42336_site364,1,1,1.109790656904197
P42336_site39,5,5,5.329844410017892
P42336_site4,7,7,1.0977810711786258
P42336_site40,9,9,1.4123566540131902
P42336_site41,2,2,0.9766632140624668
P42336_site43,11,11,1.5736021840538277
P42336_site45,5,5,1.811700317139186
P42336_site46,8,8,1.1198244750524666
P42336_site50,4,4,5.004945554347632
P42336_site53,3,3,1.052751057007463
P42336_site55,6,6,1.3161457768451
P42336_site56,3,3,0.6457665264334678
P42336_site59,5,5,1.1408963724564976
P42336_site6,5,5,1.3174286312077903
P42336_site60,7,7,2.9893644410661304
P42336_site61,9,9,1.401211069021107
P42336_site62,6,6,0.9437294885504628
P42336_site64,2,2,0.8589160127154896
P42336_site65,6,6,0.6514157278868409
P42336_site66,5,5,1.54145276093984
P42336_site67,7,7,1.7123164629861518
P42336_site69,7,7,1.0646548449347373
P42336_site7,5,5,1.1841086082246552
P42336_site72,7,7,1.465650447783617
P42336_site73,9,7,11.652053025801292
P42336_site74,6,6,0.7895644591395913
P42336_site75,5,5,5.190990728184427
P42336_site76,5,5,5.30028941602878
P42336_site77,7,7,2.1527593679648214
P42336_site79,7,7,1.2936168178826657
P42336_site8,6,6,1.700220382832251
P42336_site81,4,4,2.488652894569493
P42336_site82,20,18,1.2953900652121408
P42336_site83,5,5,2.046754888950096
P42336_site87,12,12,2.304286708051809
P42336_site89,6,6,2.0716984523293207
P42336_site9,7,7,1.615655240709533
P42336_site90,7,7,1.0436305137034323
P42336_site92,3,3,1.0578099201401758
P42336_site93,5,5,2.481734887602836
P42336_site94,14,12,1.8527312211452205
P42336_site95,7,7,2.400389543465539
P42336_site96,7,7,0.9698235397474836
P42336_site97,2,2,1.3167232542005365
P42336_site99,4,4,0.9665085887407256
P42574_site1,9,5,6.862586041805931
P42574_site10,5,4,3.807470610752664
P42574_site102,3,1,1.047454180749045
P42574_site103,3,1,0.5050661389553749
P42574_site104,2,2,2.342450030334333
P42574_site105,6,3,2.1368008127786875
P42574_site106,1,1,1.6567453110187738
P42574_site107,1,1,0.946280715811966
P42574_site11,15,10,4.982919994014175
P42574_site110,2,1,1.8877244566565816
P42574_site111,1,1,4.1503975331781495
P42574_site113,4,1,0.921452419779354
P42574_site115,1,1,1.8719682028780025
P42574_site12,6,6,3.4557192193803785
P42574_site13,5,3,1.9478400084913672
P42574_site14,9,6,2.4873687424497875
P42574_site15,8,5,2.3666957929634296
P42574_site151,1,1,1.1103437381212142
P42574_site167,1,1,0.3697524611343964
P42574_site17,13,8,1.8809652634996212
P42574_site174,3,3,1.4599887992919274
P42574_site178,2,2,1.059968495720836
P42574_site18,2,2,2.2633022452020963
P42574_site180,1,1,0.4441730129300713
P42574_site19,1,1,6.230463260688341
P42574_site198,4,2,1.9512744110270317
P42574_site2,7,4,2.076608292712282
P42574_site20,1,1,2.5031637965558677
P42574_site21,5,3,2.581877083757745
P42574_site217,3,1,1.4766584961697489
P42574_site219,3,1,1.1115412962979407
P42574_site22,4,4,1.6440907397817812
P42574_site23,14,9,3.767382702091577
P42574_site24,8,5,3.695953604560311
P42574_site25,10,6,2.3202762495839613
P42574_site257,1,1,1.0753171923626186
P42574_site258,3,1,1.0503698964063566
P42574_site26,14,9,2.6651065775919918
P42574_site27,9,6,3.583479851214405
P42574_site28,9,6,2.263414516109518
P42574_site29,8,5,2.304643529183437
P42574_site3,5,5,3.2697428582931223
P42574_site30,8,4,2.1142164711992035
P42574_site31,11,7,1.5337086734253462
P42574_site32,4,3,1.6416316512382052
P42574_site33,4,3,2.078511877856461
P42574_site34,7,5,1.1968923908812608
P42574_site35,11,9,2.5290042429063906
P42574_site36,8,5,3.0635773205922643
P42574_site37,6,6,1.1508471453094238
P42574_site38,3,3,6.882715844481011
P42574_site39,6,4,2.9546666666666668
P42574_site4,1,1,1.6735178754692048
P42574_site40,7,4,2.6876697618596426
P42574_site41,4,4,4.2212003517514285
P42574_site42,6,5,8.119288742345738
P42574_site43,1,1,1.7789797235336071
P42574_site44,6,3,1.55087272470008
P42574_site47,1,1,1.2295698221757323
P42574_site48,1,1,1.4280507641183626
P42574_site5,4,3,2.1595100771174907
P42574_site50,1,1,1.0650583370831106
P42574_site51,1,1,0.8463203595373888
P42574_site53,2,2,1.461332737082358
P42574_site54,1,1,1.0883975304357885
P42574_site55,1,1,5.652769655899924
P42574_site57,1,1,1.0459920273974277
P42574_site58,1,1,1.0042092671586882
P42574_site59,1,1,2.464008219937896
P42574_site60,1,1,1.2172030325477607
P42574_site61,1,1,0.5365470937309799
P42574_site62,3,3,2.110460594147759
P42574_site63,1,1,0.6407658765286384
P42574_site65,2,2,1.0125299505232914
P42574_site66,2,2,1.804971921712882
P42574_site68,1,1,1.3614017405461982
P42574_site7,6,4,3.241634315383333
P42574_site70,3,3,1.1048077587735512
P42574_site8,14,9,2.5991552283822816
P42574_site83,2,2,2.4647152029961634
P42574_site9,9,6,2.6024371072417725
P42574_site94,1,1,0.6328434587925342
P43235_site1,26,21,2.683827869292268
P43235_site10,44,30,3.345620441982855
P43235_site11,21,17,3.0534139452667173
P43235_site117,3,3,1.5099908067862633
P43235_site127,1,1,1.1149100478881748
P43235_site13,28,20,1.86387214355811
P43235_site15,6,5,1.4510272569777187
P43235_site151,2,2,1.123653953035987
P43235_site16,10,9,1.3142982434769896
P43235_site17,8,8,1.5122224404537563
P43235_site18,11,9,3.15737701180869
P43235_site19,13,12,4.211095593060628
P43235_site2,47,35,4.849496804453898
P43235_site20,46,31,1.8512187210936657
P43235_site21,11,10,0.9861008257404952
P43235_site24,7,7,1.3224271935574492
P43235_site25,32,22,2.118873068420028
P43235_site26,8,8,1.5105910621388972
P43235_site28,26,19,1.3792848822399737
P43235_site29,21,18,6.41895335646055
P43235_site3,41,28,2.247326591694999
P43235_site33,7,7,1.076146505616699
P43235_site6,46,32,4.942244667705367
P43235_site7,33,25,1.6833122226837964
P43235_site8,36,24,4.78200239316664
P43235_site84,18,15,2.417551776640434
P43235_site85,9,9,1.296161585152212
P43235_site9,14,12,2.3986874450283038
P43405_site1,30,29,2.0451721772025144
P43405_site10,11,11,3.204938405691155
P43405_site2,15,14,0.8396063086074944
P43405_site3,30,29,3.9262209734099978
P43405_site310,4,4,1.0168079169035191
P43405_site311,2,2,0.7117374900762481
P43405_site313,2,2,1.4723151308443867
P43405_site314,4,4,1.4773577066888244
P43405_site315,4,4,1.384859005941168
P43405_site316,3,3,2.1815905650190035
P43405_site317,2,2,1.063374644491741
P43405_site318,2,2,1.157650926945525
P43405_site321,1,1,1.519671934706485
P43405_site323,2,2,1.946407725777353
P43405_site324,1,1,1.1108893212917177
P43405_site325,1,1,2.108198623891238
P43405_site326,3,3,1.5050874617157652
P43405_site327,3,3,2.981146158979943
P43405_site328,2,2,0.6500036749145266
P43405_site329,3,3,2.037082469017606
P43405_site4,30,29,1.591902118621379
P43405_site5,21,21,1.695346087026685
P43405_site6,22,21,2.8896887987172355
P43405_site7,26,26,3.626577038974801
P43405_site8,21,21,2.7927060379021595
P43405_site9,4,4,1.741833044194184
P43490_site1,63,52,2.24293530572067
P43490_site10,32,26,1.7172867156069844
P43490_site11,59,49,4.373926817677807
P43490_site12,17,16,5.364533672960087
P43490_site13,64,52,2.841877064191463
P43490_site14,61,52,3.77977816803
P43490_site15,54,46,3.802559247028078
P43490_site152,5,5,1.3455474005439134
P43490_site158,13,13,1.0370022157708023
P43490_site16,44,39,1.6338679411792028
P43490_site17,31,27,2.3019734883328224
P43490_site18,35,32,2.9488110021316296
P43490_site19,48,41,2.68970451217889
P43490_site2,66,54,3.7378971652277255
P43490_site20,27,23,1.3894225905248925
P43490_site203,18,18,7.054442896234492
P43490_site21,11,11,1.311804979604272
P43490_site212,26,22,2.2096430243867293
P43490_site218,44,37,8.22239307658582
P43490_site22,31,28,1.8715167221041489
P43490_site23,65,53,5.07267590104059
P43490_site232,45,36,2.9544347877410693
P43490_site233,31,29,3.332809145069102
P43490_site234,63,52,2.115904980182439
P43490_site235,7,7,1.3053487700273327
P43490_site238,5,5,1.677041525463433
P43490_site239,17,16,1.8346592699993696
P43490_site24,19,18,1.8848483940107013
P43490_site240,9,8,1.2012439334684069
P43490_site241,32,27,1.8436091587313752
P43490_site242,42,37,3.0729839279822784
P43490_site246,44,38,1.7250802784295691
P43490_site25,63,53,2.555697441009081
P43490_site250,11,11,1.5069534300004075
P43490_site251,27,25,2.6672626882650463
P43490_site253,3,3,1.2176851796575994
P43490_site255,35,33,2.249511276797117
P43490_site256,6,6,1.1574470181546472
P43490_site257,14,13,1.3000496838609124
P43490_site258,17,17,1.7808339718529371
P43490_site26,11,11,2.125899507990048
P43490_site262,19,18,3.347219446030839
P43490_site263,15,14,2.100223318363641
P43490_site264,25,24,2.4156606473067552
P43490_site267,6,6,2.025743113510309
P43490_site27,66,54,2.073381411847533
P43490_site270,7,6,1.0363649093327731
P43490_site273,13,13,1.0831807101084994
P43490_site278,18,16,4.123225384738882
P43490_site28,37,33,5.928487129597142
P43490_site281,5,5,1.0953400312289585
P43490_site282,8,8,1.303010583053967
P43490_site283,25,22,2.307467961837589
P43490_site284,11,11,1.046841999854344
P43490_site288,2,2,0.9811935113492506
P43490_site29,54,44,2.4061862773769414
P43490_site291,1,1,0.858446078242117
P43490_site292,1,1,0.1933611132546235
P43490_site294,11,11,1.452176778560268
P43490_site3,61,50,2.707168019226654
P43490_site30,31,29,2.384319411719013
P43490_site31,53,45,2.128331905673688
P43490_site32,61,51,5.326615831517793
P43490_site33,38,38,3.4317278613814954
P43490_site34,12,12,4.420037947642867
P43490_site35,29,27,9.30491500728509
P43490_site36,43,37,3.1028427617569023
P43490_site37,14,14,0.958042358562738
P43490_site38,52,43,4.140215275966535
P43490_site39,42,38,8.98022517379663
P43490_site4,65,53,3.537286676719368
P43490_site40,56,47,2.209883490003972
P43490_site41,65,53,2.7177134541324293
P43490_site42,3,3,2.3337258170753747
P43490_site43,40,31,3.372266077972976
P43490_site44,36,32,10.819587144257762
P43490_site45,65,53,2.458433441237576
P43490_site46,41,36,1.6598726546669265
P43490_site47,14,11,1.5179506902318645
P43490_site48,4,4,0.9205640241377596
P43490_site49,55,48,2.317985287788081
P43490_site5,62,51,2.3104410504720208
P43490_site50,19,17,2.0272465407861087
P43490_site51,10,10,1.3553435041442543
P43490_site52,63,52,1.83395796688462
P43490_site53,41,36,2.977170706216637
P43490_site54,54,45,3.627266141747196
P43490_site55,58,48,2.1220274849583576
P43490_site56,9,9,1.9359336923493489
P43490_site57,63,52,2.7914952061909077
P43490_site58,9,9,1.6910409998825218
P43490_site59,51,41,2.472560095511324
P43490_site6,65,53,1.4473582908286016
P43490_site61,40,34,5.741185951245718
P43490_site64,28,26,1.561658031088083
P43490_site65,42,36,5.000376832964693
P43490_site7,65,53,1.2269789798077366
P43490_site8,49,43,1.9925352502073543
P43490_site9,65,54,1.4223617223228924
P45452_site104,11,11,2.337476070542804
P45452_site105,3,3,2.1366046663403493
P45452_site16,35,32,2.764959223483513
P45452_site19,23,22,4.721261329913117
P45452_site2,33,30,2.8859620588191803
P45452_site203,8,8,0.7786539749605914
P45452_site217,2,2,1.4768328180036925
P45452_site22,3,3,5.994288602740012
P45452_site30,22,20,2.162472089955308
P45452_site323,1,1,2.294912078867552
P45452_site4,28,26,6.901273906144914
P45452_site5,36,33,4.25239743151787
P45452_site9,14,13,1.9414837582675488
P46937_site70,1,1,0.9454919700624584
P47929_site1,3,3,2.1619055162870016
P47929_site10,3,3,1.583242115210458
P47929_site11,2,2,1.3339598997493731
P47929_site12,4,4,3.626377135558039
P47929_site13,1,1,1.5541093051650556
P47929_site15,8,7,6.144968152866242
P47929_site16,5,5,1.7312836296213177
P47929_site17,4,3,2.104746164582761
P47929_site18,3,3,1.426739959939456
P47929_site19,1,1,0.5822086402606186
P47929_site2,9,7,3.0770577837007336
P47929_site20,1,1,0.5409272566126674
P47929_site21,1,1,0.967966583035992
P47929_site22,2,2,1.5819850441876278
P47929_site24,1,1,0.9159721436188276
P47929_site25,1,1,1.5746987222188578
P47929_site28,1,1,1.2121102248005802
P47929_site29,1,1,1.530778145804387
P47929_site3,3,3,1.4000070978077912
P47929_site30,1,1,0.4342225272358339
P47929_site31,2,2,1.9507379327899697
P47929_site32,1,1,0.9759872869651932
P47929_site33,1,1,0.7173037245487068
P47929_site35,1,1,0.3383339613238851
P47929_site38,1,1,1.6436831234331075
P47929_site39,1,1,3.1526673835164183
P47929_site4,6,5,1.8458413020569064
P47929_site40,1,1,1.719296475923789
P47929_site41,1,1,1.0301015939027285
P47929_site42,1,1,0.59114685583515
P47929_site45,1,1,3.389121077075054
P47929_site48,1,1,0.8997254131906504
P47929_site49,1,1,0.7531932364211422
P47929_site5,3,2,1.542432835068982
P47929_site50,1,1,1.2047418004662729
P47929_site57,1,1,0.6867414144349585
P47929_site58,1,1,1.072510890839068
P47929_site59,5,4,1.82513243329672
P47929_site6,10,8,3.749028427920875
P47929_site60,3,2,1.2693642581469178
P47929_site61,2,2,2.4403265494665587
P47929_site62,1,1,0.8745860728511782
P47929_site64,2,2,1.4188239596666754
P47929_site66,4,4,1.5792303482671268
P47929_site67,7,6,2.792976785189538
P47929_site68,4,4,1.0106515084604382
P47929_site69,2,2,1.2417970804169436
P47929_site7,1,1,1.2336357912350462
P47929_site70,2,2,1.4548384497623077
P47929_site71,1,1,1.9583209087482203
P47929_site72,1,1,0.7243141737426518
P47929_site75,4,4,1.8638150542346883
P47929_site77,3,3,1.7445400073939217
P47929_site78,2,2,1.3303942111859626
P47929_site8,8,7,2.2168123773354065
P47929_site81,1,1,0.732705322263504
P47929_site82,2,2,0.972493488705668
P47929_site83,2,2,2.373980720606827
P47929_site87,1,1,1.0495814694258003
P47929_site9,3,3,2.1701273759544795
P48730_site1,2,1,0.324358368932547
P48730_site10,13,11,2.1090417435925817
P48730_site104,7,7,2.114677234102853
P48730_site109,15,11,3.8602105437579937
P48730_site11,19,15,5.06326136336079
P48730_site110,9,8,4.477755044730613
P48730_site115,20,18,6.8474832749283205
P48730_site119,18,12,1.8929417439305432
P48730_site12,2,1,0.941093373433394
P48730_site121,13,8,1.4945402769468334
P48730_site123,18,15,1.5176063548102383
P48730_site124,11,11,1.935902331489049
P48730_site128,15,13,1.3635955545277707
P48730_site13,13,10,2.96584315320262
P48730_site147,3,3,2.9937241119618423
P48730_site148,3,3,2.5912004571993448
P48730_site15,2,2,3.698737003900642
P48730_site16,27,22,1.4941500136046195
P48730_site17,10,7,5.393030604735726
P48730_site180,3,3,0.992745765083474
P48730_site19,3,3,2.2098725532901486
P48730_site196,7,7,1.9787899698252671
P48730_site2,15,12,1.963172448466566
P48730_site202,6,6,2.4847041808572325
P48730_site21,2,1,0.9687144678358542
P48730_site23,1,1,0.9777133156542696
P48730_site241,1,1,0.4987078492098134
P48730_site259,16,12,1.1755807607077988
P48730_site26,2,2,0.8980334089642321
P48730_site261,1,1,1.408650711443057
P48730_site28,14,11,2.6701563503344183
P48730_site3,9,7,1.5375044157094442
P48730_site30,5,2,0.8951128471997368
P48730_site31,12,11,3.13530468959957
P48730_site313,14,11,1.5518129932162512
P48730_site33,2,2,7.326386741038575
P48730_site333,5,4,1.3801608268893302
P48730_site334,10,9,2.3141537449135563
P48730_site336,17,12,2.57521546677965
P48730_site34,10,6,1.3537020019758077
P48730_site36,18,13,2.82787997441315
P48730_site37,4,4,1.5433104295849394
P48730_site38,9,5,1.926933583615664
P48730_site4,8,5,1.319255027266794
P48730_site404,7,6,3.43349956913148
P48730_site41,22,19,5.15949811365399
P48730_site43,2,1,1.2408740502467972
P48730_site434,3,3,2.5186842368519176
P48730_site46,17,13,4.794960596919446
P48730_site474,3,2,0.5201187455504646
P48730_site49,9,8,1.684152369228031
P48730_site5,2,2,1.086583759537682
P48730_site50,3,2,2.4854860366904856
P48730_site51,2,1,1.006588710156111
P48730_site53,4,4,1.4873396908911545
P48730_site54,2,1,0.7941717192533378
P48730_site55,31,25,2.131238814873732
P48730_site556,3,3,1.1224324093659248
P48730_site559,1,1,0.8921448764311974
P48730_site57,2,1,0.8300496500946193
P48730_site571,12,8,1.3871491146069816
P48730_site572,10,7,3.820191139585479
P48730_site573,9,7,1.4815597130020788
P48730_site576,1,1,0.8606286984500767
P48730_site578,2,2,3.1667801522452685
P48730_site579,1,1,0.4172009229339298
P48730_site581,1,1,1.273311567053696
P48730_site585,2,2,1.9016533434542309
P48730_site589,1,1,1.1747298637050985
P48730_site590,1,1,1.1584066297218976
P48730_site591,1,1,0.6226161985136668
P48730_site594,1,1,2.0748809976709874
P48730_site596,1,1,1.1051761248489045
P48730_site597,1,1,1.3771833243783635
P48730_site599,1,1,2.116443876764518
P48730_site6,2,1,3.1725020320920008
P48730_site60,1,1,0.8965705703379508
P48730_site603,8,7,2.054188464360967
P48730_site604,2,2,2.1279886934976875
P48730_site605,5,3,1.6957422252117758
P48730_site606,2,2,1.1739698200812534
P48730_site610,1,1,1.475184442694933
P48730_site62,5,3,1.6443160069370073
P48730_site63,19,15,1.314545448584926
P48730_site64,2,1,0.715631244248037
P48730_site66,2,1,1.1713463507485238
P48730_site67,5,5,1.284292101788501
P48730_site69,5,5,2.1611030721747784
P48730_site7,15,10,0.9599448811499796
P48730_site70,27,23,5.706392030992965
P48730_site71,14,9,1.1950703408827394
P48730_site72,7,6,1.1026323110091103
P48730_site73,2,1,1.081131994857394
P48730_site734,3,2,2.150204400468689
P48730_site74,5,3,1.178128567073387
P48730_site75,4,4,1.4820134061569017
P48730_site76,14,10,6.1518589065255735
P48730_site769,2,2,1.5181026454717428
P48730_site77,3,3,4.365345137865237
P48730_site78,2,2,0.5845406817897726
P48730_site8,39,31,6.949033643521831
P48730_site81,11,11,2.372285049349206
P48730_site813,2,2,1.690777125211916
P48730_site82,1,1,3.498708405560654
P48730_site845,1,1,0.8963350746709168
P48730_site846,1,1,1.0915500279413102
P48730_site848,2,2,1.0317361323574403
P48730_site853,2,2,2.707295156422453
P48730_site854,1,1,1.202143785875115
P48730_site87,28,21,5.464566868033166
P48730_site9,32,25,5.241624476470877
P48730_site90,8,7,1.322372654155496
P48730_site94,15,12,1.224656756222837
P48730_site95,42,31,3.284285318109227
P48736_site1,20,20,1.1310890308967192
P48736_site10,17,17,1.169389969647884
P48736_site11,18,18,1.7602209204094963
P48736_site12,10,10,5.025929872965852
P48736_site13,18,18,2.233133305333249
P48736_site14,19,19,1.82926990927553
P48736_site15,17,17,1.2908564312318629
P48736_site16,1,1,0.9537349800780146
P48736_site17,18,18,1.480555507544463
P48736_site18,4,4,2.9036549496553468
P48736_site19,16,16,3.1597707079935056
P48736_site2,12,12,1.8940528019815293
P48736_site20,4,4,3.6377081145942713
P48736_site21,5,5,1.484215130243997
P48736_site22,20,20,1.3098657176597577
P48736_site23,15,15,1.065103325875367
P48736_site24,6,6,2.8681172813900586
P48736_site25,3,3,1.296252186534668
P48736_site26,4,4,1.6159106921127715
P48736_site27,15,15,1.9110915106501007
P48736_site28,7,7,2.027947542142163
P48736_site29,15,15,2.1829764296564904
P48736_site3,19,19,3.160244506931233
P48736_site30,3,3,1.060915000863653
P48736_site31,13,13,2.5816076361997946
P48736_site32,19,19,1.1073753183708124
P48736_site33,4,4,1.089907844459429
P48736_site34,16,16,1.4537046614477556
P48736_site35,7,7,1.2699004027630678
P48736_site36,20,20,2.239370865717179
P48736_site37,13,13,2.60386192994431
P48736_site38,18,18,1.7036738798336342
P48736_site39,8,8,2.221703145332411
P48736_site4,20,20,1.1252853205178823
P48736_site40,15,15,1.5290372852890108
P48736_site41,8,8,1.1915231074318755
P48736_site42,14,14,5.482902508377749
P48736_site43,8,8,3.0737842629463583
P48736_site44,19,19,1.9433987802952255
P48736_site45,19,19,1.968204281041304
P48736_site46,17,17,3.094378381437999
P48736_site47,4,4,2.966364469651399
P48736_site48,5,5,2.133114389490696
P48736_site49,15,15,0.8601112905454118
P48736_site5,20,20,1.2572697941294209
P48736_site50,2,2,3.163562307747336
P48736_site51,16,16,2.382704422707847
P48736_site52,17,17,2.011435993520599
P48736_site53,9,9,4.39325644940577
P48736_site54,15,15,2.933454225414508
P48736_site55,5,5,0.9105214770811518
P48736_site56,20,20,3.8951271538129535
P48736_site57,18,18,2.080433273293752
P48736_site58,11,11,3.8208812480394174
P48736_site59,6,6,1.2582206759080437
P48736_site6,20,20,1.5334598966326225
P48736_site60,15,15,3.682298060397741
P48736_site61,14,14,2.832793549584198
P48736_site62,8,8,1.7086302480037967
P48736_site63,6,6,0.7286233323507927
P48736_site64,7,7,3.17282937007103
P48736_site65,15,15,1.6914921062626755
P48736_site7,10,10,1.3879772754505793
P48736_site8,1,1,0.5824088564754497
P48736_site9,18,18,1.5226937884719376
P49419_site230,4,4,1.1246402427101412
P49419_site231,3,3,0.5244473969538971
P49419_site232,6,4,4.512222762895047
P49419_site235,5,4,1.1230076041377055
P49419_site236,4,3,0.449626156486792
P49419_site237,5,4,0.7463942100453472
P49419_site238,3,3,0.7232889759814503
P49419_site239,3,3,0.6898254075431658
P49419_site240,5,4,3.973699681891996
P49419_site241,3,3,0.9937635944245832
P49419_site242,4,4,1.1879804658367277
P49419_site244,5,4,1.7589617461775076
P49419_site245,6,4,0.9499543658856684
P49419_site247,4,3,1.428055046194044
P49419_site251,6,4,2.4314879370448352
P49419_site254,5,4,0.9804145193239407
P49419_site256,2,2,0.4988661895105587
P49419_site257,4,4,2.0417069236302345
P49419_site258,3,3,0.2476061262630411
P49419_site259,6,4,0.7255225142987829
P49419_site263,6,4,2.0348753373723643
P49419_site264,3,3,0.8985116130793717
P49419_site265,6,4,1.9583167748487655
P49419_site266,6,4,3.006781507049733
P49419_site267,3,3,0.9061640615440102
P49419_site268,6,4,1.1873882079612434
P49419_site269,2,2,0.449514970390918
P49419_site270,6,4,0.954018922158476
P49419_site271,6,4,1.7189616145927054
P49419_site273,5,4,0.8955150753768844
P49419_site274,6,4,2.1584192071946684
P49419_site275,3,3,1.396049795083626
P49419_site276,6,4,1.3817599640753928
P49419_site277,3,3,0.9019910958923084
P49419_site278,6,4,0.8717439382827975
P49419_site280,6,4,1.3266529131565514
P49419_site282,6,4,0.9459482325664283
P49419_site283,2,2,1.0761189164963365
P49419_site284,2,2,0.647032358429889
P49419_site285,4,4,3.115070574961431
P49419_site286,2,2,0.5251566110239333
P49419_site287,5,4,1.1039585275459858
P49419_site290,6,4,0.9359628686867648
P49419_site291,2,2,1.5652168420520722
P49419_site292,6,4,2.009048041270353
P49419_site293,4,3,0.677895689830104
P49419_site294,5,3,1.494560792275731
P49419_site295,6,4,1.2008334907145104
P49419_site296,6,4,1.4149197425597284
P49419_site297,3,3,1.5046063846273052
P49419_site298,4,4,2.949371037079888
P49419_site299,3,3,1.383984480297667
P49419_site301,6,4,1.318718730933496
P49419_site302,6,4,1.7525065335301135
P49419_site303,3,3,0.9562655290143062
P49419_site304,5,4,1.3384067416228325
P49419_site305,6,4,1.3068216720224808
P49419_site306,5,4,0.9650035889234488
P49419_site307,6,4,1.6519202112748788
P49419_site308,2,2,0.4261750167921051
P49419_site309,2,2,0.912609336830611
P49419_site310,5,4,2.411889388789696
P49419_site311,3,3,1.076965389777553
P49419_site312,2,2,1.1193374245626544
P49419_site313,2,2,1.772652904154822
P49419_site315,3,3,2.267877972800505
P49419_site316,4,4,0.4471290214032295
P49419_site317,6,4,0.5410569287625582
P49419_site319,2,2,0.453948162778989
P49419_site320,3,3,1.487563216491817
P49419_site322,2,2,0.8514474369196908
P49419_site326,6,4,1.0968527215540185
P49419_site327,4,3,2.4194025037380165
P49419_site328,2,2,2.8366591451649823
P49419_site331,6,4,1.1476119411204295
P49419_site332,5,4,5.847822814912927
P49419_site333,4,4,2.9651866027162765
P49419_site334,6,4,2.105347168216699
P49419_site335,5,4,1.0532367768264383
P49419_site337,6,4,2.2432741948550263
P49419_site338,3,3,5.440711372790192
P49419_site339,5,4,4.1152951298957845
P49419_site340,5,4,2.012353843711973
P49419_site341,5,3,1.2899259028763683
P49419_site345,1,1,0.6976135144343475
P49419_site352,6,4,1.2883099882183533
P49419_site357,1,1,1.3273411193947566
P49419_site360,6,4,1.1074517958205763
P49419_site365,1,1,2.94775179275147
P49419_site367,1,1,1.2957572946411744
P49419_site368,6,4,1.99359359612131
P49419_site375,1,1,1.0146806762316491
P49419_site377,6,4,2.1571763480072934
P49419_site379,6,4,1.4535714153626524
P49419_site381,6,4,1.545800938370088
P49419_site399,1,1,0.6520791755020582
P49419_site402,1,1,0.4026768741129414
P49419_site408,3,3,1.2358570973394931
P49419_site415,1,1,1.2074491063232355
P49419_site427,1,1,2.323513699644073
P49419_site443,3,2,0.8830568990928528
P49419_site444,2,2,0.6169032977594355
P49419_site445,5,3,1.298765298847669
P49419_site447,5,3,1.3087267712410244
P49419_site448,1,1,1.1091378278730992
P49419_site449,5,3,0.9593437905546464
P49419_site450,5,3,1.7041955292053603
P49419_site451,1,1,1.1123302813706968
P49419_site453,5,3,1.8260087535223932
P49419_site454,2,2,0.6590367270726706
P49419_site455,3,2,1.100827240974589
P49419_site456,4,2,1.009577798874384
P49419_site457,5,3,1.682067778745332
P49419_site459,5,3,2.1343836191389856
P49419_site460,3,2,0.956157966436401
P49419_site461,3,2,1.3963626950792842
P49419_site463,5,3,1.2950796566840657
P49419_site464,3,2,0.8690219663068802
P49419_site465,4,3,1.3775322339010994
P49419_site466,5,3,1.6573423747740863
P49419_site467,5,3,0.6492844270515227
P49419_site469,3,3,1.7959011305871353
P49419_site470,3,2,0.7261543995629112
P49419_site471,1,1,1.1420006492443198
P49419_site472,2,2,0.3372915566286878
P49419_site473,5,3,1.6227005454385637
P49419_site474,5,3,1.4875495844447963
P49419_site475,3,2,1.5218470434994205
P49419_site476,4,3,1.9463265417599829
P49419_site478,5,3,0.4251425904229066
P49419_site479,2,2,1.8109253458731545
P49419_site480,4,2,4.989422575714093
P49419_site482,4,3,2.3397639687263183
P49419_site483,5,3,1.2505300555842072
P49419_site485,1,1,1.397546445718323
P49419_site486,5,3,3.970025996870029
P49419_site487,5,3,1.2485955972983247
P49419_site490,5,3,1.5608178866897058
P49419_site492,3,2,0.9939491718506768
P49419_site493,3,3,1.129842663684744
P49419_site495,5,3,0.6456655967647205
P49419_site496,5,3,1.2544569095481022
P49419_site497,3,2,3.880684596577017
P49419_site498,3,2,0.6606549811580374
P49419_site499,5,3,0.9316499002661628
P49419_site505,3,2,1.3319648869087883
P49419_site506,4,3,1.5514297497407987
P49419_site507,5,3,2.2771340686434303
P49419_site508,4,3,1.6739636070282842
P49419_site510,5,3,0.6671863021167825
P49419_site511,5,3,0.8804538229717832
P49419_site512,5,3,0.870272393318393
P49419_site515,2,2,0.7100322435137076
P49419_site516,4,3,0.671128763361773
P49419_site517,3,2,2.25386918146427
P49419_site518,5,3,1.276883127599607
P49419_site519,4,3,0.9008969209020068
P49419_site520,4,3,1.3619773465624725
P49419_site521,5,3,1.449492133307758
P49419_site522,2,2,4.260698285184613
P49419_site524,5,3,1.6442828235432123
P49419_site525,2,2,1.6496844415988292
P49419_site526,5,3,1.7484029849780267
P49419_site528,3,2,0.8082470915350873
P49419_site530,3,2,0.1728303923290046
P49419_site532,5,3,1.43155457068136
P49419_site533,5,3,1.1809228719584677
P49419_site534,3,2,1.2405506085555755
P49419_site535,3,2,3.466800294319133
P49419_site536,5,3,0.8016685104794697
P49419_site537,5,3,2.216012038045153
P49419_site538,4,3,2.787505800297549
P49419_site540,5,3,1.419341944023958
P49419_site541,5,3,0.5178047718299086
P49419_site542,5,3,0.8927086444995704
P49419_site543,3,2,2.6380556056162656
P49419_site544,3,2,1.4962829174749703
P49419_site545,5,3,0.9648040946592876
P49419_site546,2,2,0.2501432773674392
P49419_site547,3,2,1.2368227801877214
P49419_site548,2,2,3.035044905719272
P49419_site549,3,2,1.3133165480462323
P49419_site550,4,3,1.19664277294804
P49419_site551,5,3,1.2731382007572116
P49419_site552,4,3,1.6172843986753165
P49419_site554,4,2,1.211068037791035
P49419_site555,4,2,1.870883165470118
P49419_site556,5,3,1.7067110335057492
P49419_site557,4,3,0.7153353145828665
P49419_site558,3,2,2.0762923778853324
P49419_site559,5,3,0.9680273441599788
P49419_site560,5,3,1.2264341057193004
P49419_site561,3,2,1.0040218641920935
P49419_site563,2,2,0.2267833783255555
P49419_site564,2,2,0.8936251428463046
P49419_site565,5,3,1.5569806145032747
P49419_site566,5,3,2.234874022200876
P49419_site567,3,3,2.678384891370416
P49419_site568,3,2,2.614393449795935
P49419_site569,4,3,1.0565268188351584
P49419_site570,4,3,0.8000586915242535
P49419_site572,3,2,2.286583546953099
P49419_site573,4,2,1.6236692639209978
P49419_site574,3,2,1.2967802528900825
P49419_site575,1,1,0.7090105790450835
P49419_site576,4,3,1.6531704959690712
P49419_site577,4,3,0.5222250668738359
P49419_site578,3,2,2.150888567580275
P49419_site579,4,2,1.728617439569692
P49419_site580,4,3,1.5287485484178476
P49419_site581,5,3,0.9315739359610554
P49419_site582,4,3,1.4622787860531663
P49419_site583,4,2,0.993352001253231
P49419_site584,4,2,1.2082501200515212
P49419_site585,5,3,2.035256621897052
P49419_site586,4,3,1.4275483350379052
P49419_site587,2,2,1.058662576543181
P49419_site588,5,3,1.230424802114919
P49419_site590,5,3,0.7795064587282554
P49419_site591,2,2,0.7281761134178031
P49773_site1,35,20,3.932800143781452
P49773_site10,41,23,5.158688419018997
P49773_site12,13,8,1.5359018026413034
P49773_site13,38,22,2.4328902090637583
P49773_site14,17,11,1.7106899920509226
P49773_site15,8,7,1.6607307961182565
P49773_site16,1,1,1.0323956958498313
P49773_site17,5,5,4.054797259702323
P49773_site19,20,14,2.9194682569263266
P49773_site2,40,22,1.7022809894643138
P49773_site20,26,18,2.1783719766306744
P49773_site21,14,10,1.4797067682722755
P49773_site23,4,4,1.2996239857510388
P49773_site28,6,6,1.5683126036813322
P49773_site4,41,24,7.797507059432907
P49773_site40,4,3,1.7268766273070528
P49773_site41,2,1,1.0281335725058078
P49773_site43,17,14,1.057234791411969
P49773_site5,19,11,2.5188574895400584
P49773_site57,11,7,2.8887857462236823
P49773_site6,21,13,2.404927908079315
P49773_site7,43,23,2.0542756191520453
P49773_site8,44,23,3.3990078184753973
P49773_site9,39,22,2.4720175345333804
P49841_site211,6,6,1.154688070047428
P49841_site212,5,5,1.320298350719553
P49841_site213,4,4,1.4165825723418322
P49841_site215,6,6,0.7711493369754003
P49841_site217,5,5,1.340354897825672
P49841_site218,5,5,1.377042255590491
P49841_site219,2,2,1.7792364526168245
P49841_site220,2,2,1.204759592997335
P49841_site221,6,6,2.092682905358416
P49841_site222,4,4,1.0786568484853087
P49841_site223,4,4,1.3303587720898895
P49841_site229,6,6,1.544473096935063
P49841_site230,5,5,1.6499918739974988
P49841_site231,3,3,1.058236563840542
P49841_site233,6,6,2.15737805928765
P49841_site234,4,4,0.8619431144450137
P49841_site236,6,6,1.3713723222117102
P49841_site238,6,6,1.238564105117497
P49841_site243,5,5,2.040887561889828
P49841_site244,2,2,0.620319758046442
P49841_site329,1,1,1.1876602307322546
P49841_site332,1,1,1.78229281128911
P49841_site334,2,2,0.9848656915989706
P49841_site464,1,1,1.0129116247305634
P49841_site465,1,1,0.7339999827392272
P49841_site469,1,1,1.029011789943441
P49841_site470,1,1,0.8493549076290511
P49841_site474,1,1,1.1878224181927723
P49841_site475,1,1,0.7090012254524629
P49841_site480,1,1,1.2493649165231622
P49841_site481,1,1,0.9047511385291171
P49841_site484,1,1,0.3141618271540118
P49841_site486,1,1,0.5767683912691997
P49841_site487,1,1,1.4505423194586076
P49841_site488,1,1,1.158543117300482
P49841_site489,1,1,4.448444193817175
P49841_site490,1,1,2.451367581194377
P49841_site494,1,1,0.9456410444780136
P49841_site496,1,1,1.6752495928467344
P49841_site497,1,1,0.323775504221981
P49902_site1,10,5,2.42712860229673
P49902_site10,3,3,1.680466121058535
P49902_site11,10,5,3.8870641115487783
P49902_site112,1,1,0.3933089383769242
P49902_site12,9,4,4.2749958398509
P49902_site13,4,2,1.9179974569513587
P49902_site14,7,4,9.926124968142986
P49902_site15,10,5,1.6118746043938468
P49902_site16,7,4,3.113684581799138
P49902_site17,10,5,6.166348807228017
P49902_site18,9,4,2.2928711516533635
P49902_site19,9,4,1.8807449270910024
P49902_site2,10,5,2.127638311652105
P49902_site20,9,4,4.95635873423578
P49902_site21,9,5,1.79226709895492
P49902_site22,4,2,1.2222295371205487
P49902_site23,8,4,2.710727497912271
P49902_site24,4,4,2.3270467322096886
P49902_site25,7,4,4.585626811976709
P49902_site26,1,1,1.6863551626676287
P49902_site27,10,5,2.966547409566973
P49902_site28,5,4,2.3577289084366253
P49902_site29,5,3,1.406010205424826
P49902_site3,10,5,2.757248201208992
P49902_site30,5,4,1.9263296855778216
P49902_site31,8,4,2.3217013660045924
P49902_site32,5,3,1.3519915399629874
P49902_site33,2,2,1.2695824650160994
P49902_site34,10,5,4.653033794162826
P49902_site35,10,5,2.0302552053795675
P49902_site36,9,5,2.0931904645562107
P49902_site37,9,4,2.8002624015994
P49902_site38,4,2,1.9187774667647848
P49902_site39,10,5,1.6234182407350437
P49902_site4,10,5,2.675891130056467
P49902_site40,2,2,1.7426895083600735
P49902_site41,10,5,1.7487053815918083
P49902_site42,5,4,2.284951320397889
P49902_site43,5,4,2.1371696516023806
P49902_site44,9,5,2.707904753966269
P49902_site45,8,4,1.402988214381505
P49902_site46,9,5,2.0859719932541263
P49902_site47,10,5,1.8363530676259625
P49902_site48,9,4,1.5197985217886474
P49902_site49,1,1,1.1610248412610005
P49902_site5,10,5,2.6857708976729624
P49902_site50,1,1,2.1497208797332745
P49902_site51,1,1,0.6772621583071181
P49902_site52,4,3,1.5432544614590904
P49902_site53,3,3,1.987535060091822
P49902_site54,3,3,1.428685757900236
P49902_site55,7,5,1.0671609388440584
P49902_site56,6,3,1.1562977018764495
P49902_site57,7,5,2.031193056154456
P49902_site58,6,4,2.120595525951609
P49902_site59,5,3,1.6287816110574338
P49902_site6,10,5,1.5024621044513835
P49902_site60,5,4,2.1587598994568418
P49902_site61,2,2,0.6428236709622266
P49902_site62,3,3,1.7980781457964208
P49902_site63,3,3,1.0354982514005624
P49902_site64,4,3,1.115387004838046
P49902_site66,3,3,2.474609731765235
P49902_site68,5,4,3.017083497653294
P49902_site69,2,2,0.886256171337181
P49902_site7,9,4,2.2219218139546038
P49902_site70,2,2,1.826896865061336
P49902_site71,2,2,1.872382411428108
P49902_site72,2,2,0.9064280357354316
P49902_site73,4,3,2.275488279896314
P49902_site74,1,1,1.5308332579779789
P49902_site77,1,1,0.9713205159462692
P49902_site8,8,4,1.8409799963296016
P49902_site80,2,2,1.5026285178776209
P49902_site9,8,5,7.751585489599187
P50053_site20,16,14,4.189835396302411
P50053_site21,19,15,1.8392690197738617
P50053_site27,11,9,3.13195522588312
P50053_site3,3,3,1.663417743031951
P50053_site31,7,7,2.099854761615698
P50053_site34,1,1,1.890693683182287
P50053_site39,26,22,2.6817635567300955
P50053_site4,23,22,4.56999767881887
P50053_site40,12,10,1.2560103879520463
P50053_site49,22,18,1.887252565875885
P50053_site52,5,5,1.460554112028317
P50053_site64,1,1,0.8689499495477702
P50053_site71,4,4,5.452230438243335
P50053_site72,15,15,2.068809529246605
P50053_site74,18,15,1.3947327202344992
P50053_site75,1,1,1.8204339933718583
P50053_site76,21,18,0.7099546088807753
P50053_site83,1,1,0.2640364153340042
P50053_site84,2,2,0.72621027709741
P50053_site85,5,5,1.1770881334063397
P50053_site86,4,4,1.1252020746932587
P50053_site87,10,10,2.343424312537112
P50053_site89,20,17,1.0966344124293317
P50120_site1,26,10,2.1116048861089944
P50120_site10,9,5,2.5512784001776296
P50120_site103,1,1,1.0488529326290237
P50120_site107,10,2,2.079279317834102
P50120_site11,2,2,1.0257434753810892
P50120_site118,1,1,1.2506875572964415
P50120_site119,1,1,1.213493559497117
P50120_site12,7,3,1.16757476957803
P50120_site13,4,4,1.289493366472206
P50120_site143,9,2,2.133456113341295
P50120_site16,9,7,1.340133567662566
P50120_site161,1,1,3.826069015951743
P50120_site169,2,2,2.552441313928871
P50120_site171,1,1,1.31087313569023
P50120_site173,1,1,1.509165852084768
P50120_site176,2,2,1.091947015809597
P50120_site177,1,1,1.1196581841504594
P50120_site178,2,2,1.536065526857172
P50120_site18,9,6,1.6134236245286913
P50120_site180,2,2,1.4132259829986793
P50120_site182,1,1,0.5147683109701046
P50120_site185,2,2,3.960518583588284
P50120_site186,1,1,1.1807727941577195
P50120_site187,1,1,0.7241652949703595
P50120_site188,2,2,2.345077485876016
P50120_site189,2,2,1.9056173716974656
P50120_site19,11,8,5.056499517362573
P50120_site191,1,1,1.968928785840221
P50120_site192,1,1,0.3218172689908694
P50120_site193,2,2,4.709288825775748
P50120_site194,1,1,0.722333052504411
P50120_site196,1,1,0.4910295599179518
P50120_site2,27,11,2.0190424619827625
P50120_site20,5,5,0.5084478462009869
P50120_site203,1,1,3.3533316680670047
P50120_site21,9,8,0.8570502641729502
P50120_site22,7,6,2.183078041886397
P50120_site24,3,3,2.817858322181477
P50120_site26,2,2,0.7438263386957006
P50120_site273,1,1,0.8890824725772903
P50120_site279,4,4,0.4484308719301768
P50120_site28,7,2,3.646486309231022
P50120_site3,13,8,0.7406391351165886
P50120_site34,2,2,1.231233268598534
P50120_site35,19,7,1.8233896107904564
P50120_site4,20,9,2.093620744125009
P50120_site46,1,1,1.0353976768051327
P50120_site47,1,1,0.6844291574334103
P50120_site49,1,1,1.858744694510825
P50120_site5,19,8,1.1038496101531758
P50120_site52,2,2,1.6081641374187936
P50120_site56,2,2,2.119741160397393
P50120_site57,1,1,1.1616414406314002
P50120_site62,4,4,1.7277903048336356
P50120_site64,2,2,0.868554064055284
P50120_site7,23,9,2.152102412497205
P50120_site76,4,3,2.1265834368259364
P50120_site77,5,4,1.3872409967514563
P50120_site78,2,2,0.3157734307098517
P50120_site8,4,4,2.0427105864903283
P50120_site82,5,5,1.0545458075413452
P50120_site89,1,1,1.2038346953381156
P50120_site9,12,8,5.07464447456159
P50120_site91,1,1,0.917937881873727
P50120_site97,4,3,1.226450520203242
P51449_site1,12,12,1.758226163973611
P51449_site10,31,30,3.689241517952774
P51449_site102,3,3,0.8415065329668487
P51449_site109,17,14,2.7555526200714238
P51449_site11,10,10,2.588129697357934
P51449_site12,44,36,1.3826926194246667
P51449_site13,47,41,1.1622266616551418
P51449_site138,4,4,4.171485799393971
P51449_site165,3,3,1.5493874567426025
P51449_site178,2,2,1.817400432453772
P51449_site18,3,3,3.391266697790696
P51449_site2,5,5,1.1268818863538508
P51449_site21,10,10,1.2467520167580337
P51449_site212,5,5,1.1885694553251145
P51449_site213,1,1,1.3339164802611692
P51449_site214,1,1,2.695387564581109
P51449_site215,1,1,1.171077238520121
P51449_site216,1,1,4.838632726987149
P51449_site217,3,3,1.3931586601456198
P51449_site218,3,3,1.640575995501049
P51449_site219,4,4,1.824525937007237
P51449_site22,5,5,0.9056566399728346
P51449_site220,1,1,1.2887453543278813
P51449_site221,5,5,0.7886717488254612
P51449_site23,41,33,2.8168751529910936
P51449_site25,58,51,3.5123011131943174
P51449_site26,23,19,1.9255242243027844
P51449_site29,9,9,3.678880521969104
P51449_site3,63,55,5.391935997560982
P51449_site32,7,7,2.4540674798918283
P51449_site35,6,6,2.0329245159930545
P51449_site39,19,18,4.646109550383261
P51449_site4,70,61,1.317762088978065
P51449_site46,5,5,1.8634902056195215
P51449_site5,72,62,4.078681268561181
P51449_site7,65,57,2.233756761855952
P51449_site72,26,22,1.079456097627217
P51449_site97,15,12,4.380288154083437
P51449_site99,38,33,2.0374973226629285
P51531_site10,7,7,1.2895196092643595
P51531_site11,3,3,1.911894335291655
P51531_site13,1,1,0.9947245936251564
P51531_site14,6,6,4.664391191920506
P51531_site16,1,1,1.232282244202102
P51531_site17,1,1,0.9993915771461164
P51531_site18,1,1,3.653125438911344
P51531_site2,1,1,1.3645776771376086
P51531_site4,1,1,1.294532220950693
P51531_site5,1,1,1.8603559949522064
P51531_site7,2,2,1.4855097464205629
P51955_site11,25,14,1.866881106771621
P51955_site12,25,15,2.1681201645766484
P51955_site13,25,15,5.640996845551828
P51955_site14,2,1,0.7010205799035184
P51955_site16,23,14,1.710778578319683
P51955_site17,10,9,2.4509236650038817
P51955_site18,18,13,1.281293638556122
P51955_site19,18,11,1.3447634567323852
P51955_site2,23,14,1.7802582575248795
P51955_site20,10,7,1.7425104174754766
P51955_site22,1,1,0.4642006120035806
P51955_site25,16,11,1.3853169465022324
P51955_site26,14,9,1.1166676787707337
P51955_site30,5,3,1.9602072995920168
P51955_site32,5,4,2.08797332848227
P51955_site34,1,1,1.2512108962453117
P51955_site35,3,3,1.0625049524866057
P51955_site4,12,9,1.173560975955189
P51955_site5,26,15,4.0457630582173545
P51955_site7,18,12,1.3983374298627818
P51955_site9,21,13,1.99543703500397
P53350_site13,5,3,1.603922102815332
P53350_site138,1,1,0.5361884687843913
P53350_site139,1,1,0.9639800559700086
P53350_site140,1,1,2.650096908249841
P53350_site141,1,1,0.8767950800902855
P53350_site145,1,1,0.9940165907880624
P53350_site146,1,1,1.4187200542436345
P53350_site147,1,1,1.2950362286722064
P53350_site148,1,1,0.7422234988085942
P53350_site150,1,1,1.049019216751466
P53350_site151,1,1,0.948307546685329
P53350_site152,1,1,1.316597333179792
P53350_site153,1,1,0.8216154298628525
P53350_site154,1,1,0.941230296438252
P53350_site155,1,1,0.5508679370584221
P53350_site157,1,1,0.632069459933089
P53350_site158,1,1,0.8374030606270774
P53350_site159,1,1,0.8898292777852002
P53350_site160,1,1,1.6408084015255304
P53350_site161,1,1,2.7163299521702804
P53350_site162,1,1,0.4661960415352647
P53350_site163,1,1,0.9682451385354656
P53350_site164,1,1,0.770857325320882
P53350_site165,1,1,1.1156746132601367
P53350_site167,1,1,1.1022100691651922
P53350_site168,1,1,0.9637115882331498
P53350_site17,6,4,5.808391129502272
P53350_site170,1,1,0.8117051122194514
P53350_site171,1,1,1.5406061456951683
P53350_site175,1,1,1.1449818790747952
P53350_site177,1,1,1.1199519488270313
P53350_site178,1,1,0.9187370174745124
P53350_site179,1,1,0.4950028386678168
P53350_site18,2,2,2.458988608232068
P53350_site181,1,1,1.201971940905296
P53350_site182,1,1,0.7891168996675801
P53350_site183,1,1,0.6997727976324779
P53350_site184,1,1,2.612893342864881
P53350_site185,1,1,1.180972340093874
P53350_site186,1,1,0.893534359684886
P53350_site187,1,1,1.9528666084473465
P53350_site188,1,1,1.3412846945050243
P53350_site19,4,3,3.301392255677469
P53350_site190,1,1,0.7950781029009649
P53350_site191,1,1,1.4639210417103248
P53350_site193,1,1,1.228851370949854
P53350_site195,1,1,1.5368737858897654
P53350_site196,1,1,0.931638007790266
P53350_site223,6,4,4.977495487917201
P53350_site252,1,1,1.7748457197353742
P53350_site26,3,3,3.901201683224155
P53350_site261,1,1,1.115393645132447
P53350_site263,7,4,4.649309954641728
P53350_site265,1,1,0.8640427353136987
P53350_site266,1,1,1.1684865023050406
P53350_site29,2,2,1.1559466363894408
P53350_site292,5,4,1.9607617493821223
P53350_site294,2,2,5.299675225040916
P53350_site295,3,3,2.6912765775034293
P53350_site297,1,1,4.776514400436227
P53350_site298,1,1,2.265465023107492
P53350_site299,4,2,2.6407094526964805
P53350_site300,3,1,2.453114311597552
P53350_site31,7,4,1.9050055199572065
P53350_site314,1,1,1.0889278948333343
P53350_site336,1,1,4.3696559938819295
P53350_site346,4,3,2.654827226416252
P53350_site360,3,2,1.4446117063667756
P53350_site367,3,1,1.6058601722766113
P53350_site368,1,1,2.001899380102812
P53350_site38,3,2,1.933955160128837
P53350_site40,3,2,3.240558395119093
P53350_site403,1,1,1.4741203027981429
P53350_site406,1,1,1.42163141027472
P53350_site407,1,1,1.0631616708162333
P53350_site408,1,1,1.2094385287152642
P53350_site409,1,1,1.4600494668126345
P53350_site42,1,1,1.2489827203354489
P53350_site467,4,4,1.389779755408166
P53350_site469,4,3,2.9401881720430105
P53350_site484,1,1,0.5790341592714969
P53350_site497,2,2,1.2594133712281013
P53350_site50,3,3,1.113232975639526
P53350_site52,1,1,1.1861107427246884
P53350_site523,2,2,1.3480827209096546
P53350_site54,5,4,3.6023834032781696
P53350_site55,3,2,1.4998312810979613
P53350_site555,2,2,4.053481588786876
P53350_site595,1,1,1.5637960064133198
P53350_site596,1,1,1.7022161335630417
P53350_site598,1,1,0.8228197699633955
P53350_site599,1,1,1.945413604058316
P53350_site6,1,1,1.42997388279258
P53350_site600,1,1,1.3601614832535889
P53350_site601,1,1,0.5995842022563614
P53350_site602,1,1,1.7754345299305625
P53350_site603,1,1,0.8840053602144087
P53350_site605,1,1,1.6029084510686746
P53350_site606,1,1,6.131602811602812
P53350_site608,1,1,0.6633442579571046
P53350_site609,1,1,1.808836088768785
P53350_site66,2,1,3.6057793526769166
P53350_site7,7,4,4.114216082820484
P53350_site71,4,4,2.648751060420398
P53350_site72,6,4,2.1200879923346885
P53350_site75,1,1,1.665861223123552
P53350_site78,1,1,3.007034062972275
P53350_site8,4,3,2.3040583818974114
P53350_site81,4,3,5.2229114999150665
P53350_site83,4,4,5.084782354241718
P53350_site84,7,4,3.549980853740814
P53350_site88,4,2,2.901265719750926
P53350_site89,5,3,1.809820650862114
P53355_site1,2,2,1.2260236714272843
P53355_site10,3,3,1.6576107952977537
P53355_site101,1,1,0.7577895782396089
P53355_site102,1,1,1.1678249618421157
P53355_site104,1,1,1.0306420605011204
P53355_site105,1,1,0.6231247418871041
P53355_site107,1,1,1.7863238531943155
P53355_site108,1,1,1.1029096372019134
P53355_site109,1,1,0.8980413718251729
P53355_site11,3,3,1.690186572849287
P53355_site112,1,1,0.5565687315538939
P53355_site113,1,1,0.8643700643016063
P53355_site117,1,1,0.3712475500046025
P53355_site118,1,1,0.4006742001048872
P53355_site119,1,1,0.6329250430915146
P53355_site12,1,1,1.2588245580289226
P53355_site121,18,9,1.3042045430270923
P53355_site122,9,6,1.0880823722892428
P53355_site123,21,9,1.786836006525754
P53355_site124,20,9,1.8504440450213235
P53355_site125,13,7,1.6732549614952932
P53355_site126,13,8,1.4154937601464277
P53355_site127,21,9,4.51225002617527
P53355_site128,9,6,1.3687881103270558
P53355_site129,6,5,2.912775943531973
P53355_site130,10,6,1.85600627239693
P53355_site131,21,9,2.3543004257847318
P53355_site132,10,5,1.178931033238298
P53355_site133,17,7,2.449246489115954
P53355_site134,20,8,2.964022555713694
P53355_site135,21,9,2.0209641270298966
P53355_site136,21,9,1.242492541396876
P53355_site137,10,6,1.868976679585116
P53355_site138,10,7,4.302651108518086
P53355_site139,6,5,0.9964643428466626
P53355_site14,2,2,1.1427652512079192
P53355_site140,1,1,0.8795998891298323
P53355_site141,11,7,0.8679099774279093
P53355_site142,12,8,1.969556809270384
P53355_site15,3,3,1.5938489528897146
P53355_site16,2,2,2.6063677788075377
P53355_site161,5,4,1.101291058745096
P53355_site162,17,8,1.3688589917010932
P53355_site163,18,6,0.9386850309936772
P53355_site165,14,8,4.052551272957374
P53355_site167,19,9,1.5514325883550686
P53355_site17,2,2,1.88883365719192
P53355_site171,12,6,1.3542247454344067
P53355_site18,2,2,2.6290606497039524
P53355_site19,3,3,1.0978947815900848
P53355_site2,3,3,1.9965192856735476
P53355_site20,3,3,1.936238726138984
P53355_site21,1,1,0.8094043710456973
P53355_site22,3,3,1.1251221161794545
P53355_site24,1,1,1.1990774768087242
P53355_site25,1,1,0.2684098275665856
P53355_site257,1,1,1.1322456421621792
P53355_site273,7,4,1.1196527258691042
P53355_site274,3,2,1.0895339727513362
P53355_site276,8,5,2.0591583295523623
P53355_site278,2,1,1.5427299509001635
P53355_site3,2,2,1.074566182405165
P53355_site323,1,1,1.0049060921496946
P53355_site4,5,4,5.380073031647047
P53355_site5,3,3,0.8923301456027032
P53355_site6,3,3,1.9614205832389584
P53355_site7,3,3,0.7837227031697359
P53355_site8,3,3,1.12443495122099
P53355_site9,1,1,1.1724909877266916
P53355_site97,1,1,1.1645785154072448
P53396_site10,5,3,1.690020097024305
P53396_site12,1,1,1.9158771434674735
P53396_site13,7,3,3.5127555365632817
P53396_site14,4,2,1.1492966767084944
P53396_site15,4,3,1.0407407834499935
P53396_site16,7,3,5.803196172248804
P53396_site17,7,3,1.9999618007806528
P53396_site19,3,2,2.250488369132437
P53396_site20,5,2,0.7916359570336037
P53396_site21,7,3,1.4548897800395195
P53396_site22,7,3,2.559126542488426
P53396_site23,2,2,5.543400594657484
P53396_site24,6,3,2.5528145133943707
P53396_site25,7,3,2.6741513920747493
P53396_site26,7,3,1.2512786530632451
P53396_site27,7,3,1.7285441538426147
P53396_site29,7,3,2.1956289930096697
P53396_site30,3,2,0.95356771229145
P53396_site31,6,3,10.75497712109632
P53396_site32,7,3,2.2013518824176685
P53396_site33,7,3,1.944986103145542
P53396_site34,2,2,1.676087806906565
P53396_site35,3,2,2.1794286297912078
P53396_site36,6,3,0.9439066606833773
P53396_site37,7,3,2.796126770905744
P53396_site40,1,1,2.7494624498359057
P53396_site41,1,1,1.1543511897294358
P53396_site42,1,1,0.477550781478663
P53396_site43,7,3,1.9292237535550407
P53396_site44,4,2,1.302282729042341
P53396_site45,5,3,0.7498345366703388
P53396_site46,7,3,1.6807009117024911
P53396_site47,5,2,1.8747264401315469
P53396_site48,4,3,1.5972795737229502
P53396_site49,5,2,1.455845310416358
P53396_site5,7,3,8.431149609912804
P53396_site50,3,2,8.549008023075432
P53396_site51,1,1,1.2960802578660988
P53396_site52,5,2,1.4304175245399793
P53396_site53,7,3,1.914774674384612
P53396_site54,5,3,0.8484595175543349
P53396_site55,1,1,1.3276237013790524
P53396_site56,5,3,0.9503384993791192
P53396_site59,7,3,1.0158076997421626
P53396_site6,7,3,0.3612982697375959
P53396_site60,7,3,1.2321730393492276
P53396_site61,6,3,1.4565827835924168
P53396_site62,3,2,0.7348909040966429
P53396_site63,7,3,1.6051137709422223
P53396_site64,3,2,2.716140838136463
P53396_site65,7,3,1.445410915873807
P53582_site1,24,16,1.393383976921357
P53582_site10,24,16,1.351437665838687
P53582_site11,19,14,2.5478990334493665
P53582_site12,23,15,3.806379294142917
P53582_site13,21,13,2.217672626904044
P53582_site15,7,5,1.3725565787759002
P53582_site16,24,16,2.7318565558460963
P53582_site17,7,7,2.0297159861383154
P53582_site18,6,6,1.1498388889935742
P53582_site19,10,7,1.3929473423712035
P53582_site2,24,16,1.7457396694578722
P53582_site20,8,7,1.4027908924613508
P53582_site21,9,7,1.4872041052805829
P53582_site22,9,9,1.0139421639932251
P53582_site23,1,1,0.6457960137646026
P53582_site24,9,7,1.364302708505607
P53582_site25,3,2,1.1372392183337858
P53582_site26,16,12,2.307233104606463
P53582_site28,5,5,0.942115416389431
P53582_site29,21,15,5.402097575844286
P53582_site3,24,16,5.002137484854719
P53582_site35,6,3,1.3661803713527851
P53582_site4,24,16,2.458845587541977
P53582_site5,24,16,2.8107030165341413
P53582_site6,24,16,1.7751072680226654
P53582_site7,16,12,2.3109029458887367
P53582_site8,4,4,1.989970254155276
P53582_site9,22,16,3.2507992120348725
P53779_site10,42,35,5.240700386618525
P53779_site101,10,9,2.200080151383666
P53779_site103,5,5,1.65263983003658
P53779_site107,2,2,1.305246521761507
P53779_site108,2,2,1.4908010796257474
P53779_site110,3,3,0.6891004852422309
P53779_site12,44,36,3.2609547693120566
P53779_site129,1,1,1.051147692865439
P53779_site13,54,42,1.997954774593115
P53779_site14,22,21,1.888734087209491
P53779_site148,7,7,1.1346658590753078
P53779_site149,3,3,1.8108773735244308
P53779_site16,37,33,4.561981453072664
P53779_site18,48,40,1.6398758912273583
P53779_site19,38,33,1.2805464322874778
P53779_site20,26,24,1.1815196708665467
P53779_site21,43,35,2.3545574345309626
P53779_site22,39,31,3.6054427622912297
P53779_site23,34,31,2.2526870943745854
P53779_site24,43,36,2.6319778939427083
P53779_site26,32,30,3.951929336999932
P53779_site30,11,11,1.2248034029728925
P53779_site31,25,22,1.93355390833613
P53779_site33,31,24,1.4298020660261506
P53779_site34,2,2,1.5435516970551724
P53779_site35,17,16,1.4174583007937709
P53779_site36,12,11,1.821368459069568
P53779_site38,34,27,2.2691915036593198
P53779_site39,12,12,1.5415029716933617
P53779_site4,18,15,2.706086921662265
P53779_site40,12,12,1.962347131474506
P53779_site42,31,26,2.9004836109618486
P53779_site43,15,13,1.0988522712657476
P53779_site45,2,2,1.0387564881424725
P53779_site5,18,17,2.698598929263014
P53779_site57,14,14,1.7836686860661437
P53779_site6,34,31,5.838922376774836
P53779_site66,26,24,4.2440561608964975
P53779_site7,37,31,2.340428332361845
P53779_site8,34,29,2.514283363993957
P53779_site9,17,14,1.561871756236397
P53779_site91,5,5,10.786271401595291
P53779_site92,13,12,1.6583131994106286
P53779_site93,15,13,4.283609869794505
P53779_site94,4,3,1.3785187766370923
P53779_site98,6,4,0.9873476490104972
P54274_site104,2,2,0.4140639104531504
P54274_site105,13,7,1.1408471044542097
P54274_site106,17,12,0.895874881614224
P54274_site108,3,3,1.697626308627817
P54274_site109,3,3,0.9502944807821876
P54274_site110,3,3,1.6158564448662516
P54274_site120,2,2,0.7733045816158635
P54274_site121,9,4,2.443335489039681
P54274_site122,4,4,2.0634417759609383
P54274_site127,9,6,1.418917750459033
P54274_site130,2,2,0.7501891982797972
P54274_site136,10,7,1.8003068480592814
P54274_site137,22,14,1.660239636413717
P54274_site139,5,5,0.7078370051196516
P54274_site18,13,8,2.923816240966823
P54274_site21,14,10,1.5503853998491806
P54274_site22,11,7,1.570468406983506
P54274_site23,15,10,1.0451450776370088
P54274_site24,6,4,1.3201529592229906
P54274_site25,23,15,3.176709944088087
P54274_site26,34,23,3.2348661780891788
P54274_site27,2,2,1.5795106318773564
P54274_site28,36,24,7.154968484349007
P54274_site29,17,13,2.272587332602583
P54274_site30,34,22,1.717523352066531
P54760_site112,2,2,1.0616899875838786
P54760_site39,16,12,1.1660489498048137
P54760_site40,10,6,17.336944868382883
P54760_site41,15,11,8.847407632837237
P54760_site42,14,10,0.9970329034510128
P54760_site43,16,12,1.7088106502490474
P54760_site44,11,10,0.9056753814766292
P54760_site46,14,10,1.8162339299218555
P54760_site47,13,9,0.8032385571052626
P54760_site48,14,10,1.4802970850403048
P54760_site49,14,10,1.4154498842654897
P54760_site50,15,12,1.5913203139314724
P54760_site51,14,10,1.945810946675461
P54760_site55,9,6,0.9977179793112236
P54760_site56,11,9,1.4236511836449106
P54760_site62,10,8,0.8498663688017055
P54760_site63,6,5,1.3410609395913762
P54760_site74,2,2,3.0401906898041187
P54760_site83,5,5,1.1678329932718412
P55072_site101,1,1,1.9588850543177432
P55072_site105,2,2,1.573302423851165
P55072_site107,2,2,1.1977437851125856
P55072_site110,1,1,2.409133843067228
P55072_site121,3,2,3.9494374322489
P55072_site154,2,2,0.8415480903759711
P55072_site175,1,1,0.4571170956938747
P55072_site188,1,1,1.0668732936625644
P55072_site211,3,2,1.5173420398710102
P55072_site282,2,2,0.5939638733314314
P55072_site316,2,2,1.012811457507036
P55072_site91,1,1,1.5182934932253211
P55072_site92,3,2,1.2232928504399625
P55072_site93,1,1,0.9155654806879684
P55072_site99,1,1,2.725204681342574
P55201_site1,1,1,2.103139224785572
P55201_site11,1,1,2.0252466182290743
P55201_site14,1,1,0.9867710171116008
P55201_site2,1,1,1.200583931210055
P55201_site247,19,17,2.430567322018053
P55201_site249,19,17,1.5645721647342394
P55201_site250,13,12,0.8919712041935491
P55201_site251,16,14,1.1061976384540544
P55201_site252,14,12,1.855611135997876
P55201_site257,9,9,2.3896062319923166
P55201_site3,1,1,2.190242650311573
P55201_site4,1,1,0.6308681945982789
P55201_site435,3,3,1.1526430464770947
P55201_site5,1,1,1.265156070938241
P55201_site6,1,1,1.7414814967784569
P55201_site7,1,1,1.1607952072505698
P55201_site9,1,1,1.1582962712177407
P56817_site1,75,74,4.551018887091521
P56817_site10,2,2,0.4365499414728689
P56817_site114,1,1,0.592144920501961
P56817_site125,106,91,5.223602201383271
P56817_site128,34,29,2.2490520751615675
P56817_site1303,37,34,6.883170877780768
P56817_site14,139,124,3.0115598868890854
P56817_site1409,12,12,0.8917050691244239
P56817_site1459,1,1,0.4136708071421811
P56817_site146,10,8,1.5355820342285087
P56817_site15,1,1,1.2661901689584256
P56817_site167,59,57,9.636087095741274
P56817_site1690,6,5,0.9493406460143412
P56817_site1693,5,5,0.8434808171064436
P56817_site17,165,146,4.137497936324499
P56817_site176,91,81,14.0516045321264
P56817_site1771,3,3,1.2500175008750436
P56817_site18,2,2,2.942209792121204
P56817_site1813,10,7,1.665522705534697
P56817_site19,145,126,6.496403186976957
P56817_site195,49,45,2.4499927675490256
P56817_site2,77,69,15.729289130935914
P56817_site205,8,8,1.158095663455199
P56817_site2055,1,1,1.721519805982215
P56817_site206,4,4,1.24201583794244
P56817_site207,27,26,2.344546683816497
P56817_site208,17,17,1.5329771737555389
P56817_site209,114,100,2.1814951070979776
P56817_site21,12,12,6.078529947126635
P56817_site2131,8,5,1.5737493816023047
P56817_site22,116,100,3.583871070029965
P56817_site23,175,153,5.186133778068974
P56817_site234,43,39,1.6524499073918166
P56817_site235,55,52,4.89119344696043
P56817_site236,13,13,1.4285851941310994
P56817_site237,7,6,1.0811287893606842
P56817_site238,16,15,2.478060447707443
P56817_site24,185,159,3.325445341976336
P56817_site25,1,1,1.9134809718340144
P56817_site255,11,11,1.7960022746659086
P56817_site26,130,115,3.832990572504922
P56817_site264,26,25,2.211703969488634
P56817_site27,1,1,1.612755322431348
P56817_site272,26,26,1.628419418737706
P56817_site277,11,10,3.045183533957497
P56817_site28,1,1,0.7311501072888249
P56817_site283,1,1,0.3332876809066572
P56817_site287,7,6,1.946921980598593
P56817_site29,2,2,0.8214514666147483
P56817_site291,37,35,1.7415179270207326
P56817_site3,1,1,1.393161593803799
P56817_site300,1,1,1.1155824525546616
P56817_site304,9,9,1.2941938361846326
P56817_site31,43,39,4.247693047524925
P56817_site315,5,5,0.7434340544046393
P56817_site32,2,2,1.0938773520126444
P56817_site322,57,54,2.2881887778078
P56817_site338,4,4,1.5458429195781769
P56817_site34,2,2,1.0925263859254324
P56817_site340,1,1,0.2905205351316896
P56817_site341,2,2,1.1814497200627423
P56817_site344,6,6,1.2671269766039035
P56817_site348,5,5,1.179599848043561
P56817_site35,4,4,2.2656431267578534
P56817_site36,8,7,2.400813236493988
P56817_site367,65,60,6.006935652556835
P56817_site37,163,142,3.834724613359182
P56817_site374,15,12,1.5226479691792865
P56817_site375,9,9,1.7719782558464776
P56817_site376,7,7,1.7994075878419524
P56817_site377,26,24,1.2614040293710973
P56817_site378,29,26,1.1494799007634076
P56817_site379,30,27,1.9674636615223515
P56817_site38,75,70,2.739554925511179
P56817_site380,14,12,1.0181769676243728
P56817_site381,1,1,1.4892304672207122
P56817_site382,18,16,2.5191136616212493
P56817_site383,18,18,1.1195007773162864
P56817_site384,1,1,1.6078945296241718
P56817_site385,4,4,3.378239508460068
P56817_site386,18,18,3.0243452117341056
P56817_site387,28,25,2.232846471750905
P56817_site388,19,16,1.897145994393758
P56817_site389,5,5,1.5144549802802718
P56817_site39,31,28,1.725737601219875
P56817_site390,21,19,1.512834621245836
P56817_site391,31,28,1.58032070510684
P56817_site392,47,45,4.177241738767852
P56817_site393,28,25,1.4348942687455062
P56817_site394,1,1,1.4175518925518924
P56817_site395,8,8,1.251113294313431
P56817_site396,11,11,2.146493201125049
P56817_site397,5,5,1.4185671468626124
P56817_site398,28,25,1.6429924910821418
P56817_site399,3,3,1.7502326545766649
P56817_site4,1,1,4.301721378341819
P56817_site40,2,2,1.9764549963243288
P56817_site400,4,4,1.1615740840925322
P56817_site401,27,25,4.350952938169981
P56817_site402,7,7,3.931662126277253
P56817_site403,7,7,1.1282636018502925
P56817_site404,29,26,2.58715174672981
P56817_site405,7,7,1.4378483603624237
P56817_site406,21,18,1.2645000247757792
P56817_site407,34,31,3.4640625964354044
P56817_site408,25,22,1.86819536830638
P56817_site409,24,22,1.8438533793736265
P56817_site41,80,76,3.0628485192280936
P56817_site410,31,28,1.3880762285493635
P56817_site411,10,10,1.9049837870241697
P56817_site412,29,27,2.0748746880763806
P56817_site413,5,5,2.379072712219354
P56817_site414,22,19,2.143767723978573
P56817_site415,25,22,1.9175651478939804
P56817_site417,30,27,3.0398543703331096
P56817_site419,17,15,1.4455034000591314
P56817_site42,2,2,1.6857184013828648
P56817_site420,31,28,1.431166107027768
P56817_site421,4,4,2.4802423990411664
P56817_site422,30,28,1.1101908262191778
P56817_site423,25,22,2.422299325403689
P56817_site424,23,21,1.053485179644033
P56817_site425,28,25,2.005137069827565
P56817_site426,27,24,1.834267472382337
P56817_site43,46,44,4.484077644513652
P56817_site436,2,2,0.8717018949679598
P56817_site447,45,42,1.920465913963127
P56817_site45,9,9,1.6361863921623694
P56817_site455,1,1,1.8010116702957946
P56817_site456,1,1,0.447667987120936
P56817_site458,1,1,0.7680064939210697
P56817_site459,1,1,0.7410018593539385
P56817_site46,1,1,1.2353612687450763
P56817_site464,3,3,2.1639228644381028
P56817_site47,2,2,1.5939255648832154
P56817_site472,39,37,3.481373068513342
P56817_site48,128,113,6.034360388610466
P56817_site49,8,8,1.5226529153034472
P56817_site491,33,31,2.7156388025519385
P56817_site495,68,62,5.453492347961422
P56817_site5,2,2,0.8298024541902822
P56817_site50,2,2,1.4851908566973857
P56817_site51,180,155,1.9983558407036084
P56817_site511,1,1,1.416504243731166
P56817_site527,7,7,3.935012496389234
P56817_site53,103,94,3.530186542104788
P56817_site54,11,11,2.405563122526837
P56817_site56,93,86,5.510799242798604
P56817_site57,31,31,2.085739891883252
P56817_site58,2,2,1.126296231656413
P56817_site580,4,4,9.384236202159844
P56817_site59,2,2,1.2057387352543028
P56817_site6,157,136,3.461579223635864
P56817_site60,2,2,0.9732330211372128
P56817_site61,1,1,3.7382539340778673
P56817_site62,8,7,1.795372097269763
P56817_site63,16,15,4.229582595922305
P56817_site636,10,9,1.0787893837367262
P56817_site64,17,15,1.114383378016086
P56817_site65,10,10,1.0506175474164376
P56817_site66,2,2,0.8432316259989008
P56817_site666,27,25,2.759377269799504
P56817_site668,23,19,1.920349133190581
P56817_site67,3,3,1.1304176132141568
P56817_site68,1,1,0.8105749429509657
P56817_site69,9,8,1.3967850780874465
P56817_site7,95,86,3.382243775700569
P56817_site70,5,5,5.029131423245832
P56817_site71,9,9,6.894570546376122
P56817_site72,14,13,2.9003227954318023
P56817_site73,14,13,5.04420504244919
P56817_site75,16,15,1.4998052230768644
P56817_site756,35,31,5.6884540040553615
P56817_site76,10,10,3.1106653429250346
P56817_site760,54,40,2.6552308318203623
P56817_site766,64,42,6.687903465307846
P56817_site768,73,52,1.262938644829329
P56817_site77,3,3,1.0353240671919133
P56817_site772,60,44,2.106457127827459
P56817_site776,57,41,1.4035757396203408
P56817_site787,51,38,2.580595773007156
P56817_site789,50,39,1.3428075199852392
P56817_site79,13,13,1.055177021909008
P56817_site793,54,40,1.098638315534058
P56817_site795,71,49,1.1693956704116693
P56817_site799,51,40,2.7983791085096805
P56817_site8,2,2,1.0252719197375222
P56817_site80,16,15,1.9822907794116271
P56817_site81,1,1,0.8371890399023505
P56817_site82,16,15,3.1494287574990403
P56817_site83,16,15,1.405321861371713
P56817_site839,20,17,1.870379885589011
P56817_site841,31,26,4.115498396288108
P56817_site847,19,18,4.5065361713777286
P56817_site85,14,13,1.4276804343436609
P56817_site859,33,24,3.3658283076814666
P56817_site86,10,9,1.216510376633359
P56817_site87,13,12,1.3410563257821269
P56817_site879,22,22,2.817586203014713
P56817_site88,3,3,3.7634483878736287
P56817_site89,7,6,2.151935233447932
P56817_site9,76,66,1.9739100900428617
P56817_site91,14,13,2.4143243815755406
P56817_site915,2,2,1.2785641469127813
P56817_site92,16,15,1.7291997861343789
P56817_site93,9,9,3.626738564040079
P56817_site936,29,25,1.6724495010624278
P56817_site937,49,40,6.481179986784886
P56817_site939,3,3,1.7451970520417643
P56817_site94,4,3,1.1206802435439849
P56817_site941,4,4,0.5228643899628729
P56817_site947,25,20,6.837366897470988
P56817_site95,4,4,1.2685666677588008
P56817_site951,11,11,1.770057820777608
P56817_site96,2,2,1.215790668204944
P56817_site97,15,14,1.6289679397257797
P56817_site98,9,8,0.8912005732889962
P60174_site1,1,1,1.147664761967224
P60174_site10,1,1,1.1638510287351334
P60174_site109,1,1,0.6061763188865871
P60174_site12,1,1,1.4354895151955638
P60174_site14,1,1,0.8552645734396854
P60174_site155,1,1,0.7677516914132262
P60174_site16,1,1,2.31131293498921
P60174_site18,1,1,1.3539331432699837
P60174_site19,1,1,0.8898522632930036
P60174_site2,1,1,3.093258372614255
P60174_site20,1,1,4.903925986070926
P60174_site22,1,1,1.8269922598931647
P60174_site243,1,1,0.9921592722017224
P60174_site25,1,1,1.7604575672955618
P60174_site26,1,1,1.5492960354543828
P60174_site29,1,1,1.7298225331941437
P60174_site3,1,1,3.746699451484774
P60174_site31,1,1,1.9437591125624023
P60174_site34,1,1,2.234578411932063
P60174_site35,1,1,1.352021510053182
P60174_site36,1,1,1.886735435387533
P60174_site37,1,1,1.452945998930672
P60174_site4,1,1,1.5102193846944896
P60174_site6,1,1,1.0987540882743434
P60174_site65,1,1,1.73397906324196
P60174_site78,1,1,0.8066141337407189
P60174_site84,1,1,1.742423948282891
P60174_site87,1,1,1.175180776419401
P60174_site89,1,1,1.0575018090176411
P60953_site1,4,2,0.983444272797492
P60953_site317,2,2,0.6235389045578035
P60953_site435,1,1,2.171689236374353
P60953_site436,1,1,0.9735010504929932
P60953_site437,1,1,0.7638983827310183
P60953_site438,1,1,2.0045571639881
P60953_site439,1,1,0.6180760848811255
P60953_site441,1,1,1.2949041556921277
P60953_site443,1,1,0.8985612840784278
P60953_site444,1,1,0.3583897813910502
P60953_site447,1,1,0.968905698436712
P60953_site448,1,1,0.5977414217460547
P60953_site449,1,1,0.635188638091329
P60953_site450,1,1,0.9945071687779242
P60953_site451,1,1,1.169534509735744
P60953_site453,1,1,1.576064712514774
P60953_site454,1,1,1.605129247638348
P60953_site456,1,1,0.9061571423553793
P60953_site457,1,1,0.5491604462034301
P60953_site458,1,1,1.107171075661349
P60953_site459,1,1,1.144458340339667
P60953_site460,1,1,0.7646832650488496
P60953_site461,1,1,1.048118202543946
P60953_site463,1,1,0.7443923719306993
P60953_site464,1,1,1.5284479109982467
P60953_site465,1,1,1.1144521936763296
P60953_site466,1,1,1.7394350207395348
P60953_site467,1,1,1.2505999787618138
P60953_site468,1,1,0.7210352013699294
P60953_site470,1,1,0.9496430852984472
P60953_site472,1,1,1.5114696515953088
P61088_site1,2,2,3.879014154948416
P61088_site10,1,1,1.2379323512922804
P61088_site11,1,1,1.3735212297427752
P61088_site12,2,2,1.055777418570991
P61088_site13,2,2,1.6176988695471255
P61088_site16,2,2,2.411610360229035
P61088_site17,1,1,1.0352815051545343
P61088_site18,1,1,1.3087418387153695
P61088_site19,1,1,8.442418001231907
P61088_site20,2,2,1.046531284058809
P61088_site21,1,1,1.1439318104166545
P61088_site22,2,2,1.7234425125747552
P61088_site23,1,1,1.0476407199694628
P61088_site3,2,2,1.308167374369413
P61088_site31,1,1,1.334030805219267
P61088_site33,1,1,1.659805539587467
P61088_site6,2,2,1.0382580469118214
P61088_site7,2,2,1.885825531432316
P61088_site8,2,2,3.700902379485235
P61088_site81,1,1,2.0347225708118666
P61088_site85,1,1,1.021278901734104
P61088_site86,2,2,1.0408173032994097
P61088_site9,1,1,0.9020603134049155
P61088_site92,1,1,0.9218005322027448
P61088_site94,2,2,1.0698881021714386
P61088_site96,1,1,1.4622602605933888
P61586_site1,8,7,1.5314450445443966
P61586_site100,1,1,1.144851438967642
P61586_site101,1,1,0.7567656386812436
P61586_site102,29,26,3.7968191245573832
P61586_site103,1,1,0.8509464326768335
P61586_site105,20,18,0.9119771445315362
P61586_site107,1,1,1.1399729180771836
P61586_site109,28,22,2.7189183106660053
P61586_site111,1,1,0.7282329324332132
P61586_site112,1,1,0.6347664764615346
P61586_site113,1,1,1.810641608309962
P61586_site116,4,4,0.804451689290598
P61586_site131,3,3,1.3022646257076955
P61586_site188,8,6,2.2148344014468044
P61586_site195,1,1,0.3573306979469066
P61586_site199,4,4,1.694286916903195
P61586_site2,46,33,4.497260350303683
P61586_site20,12,11,1.6776346140404017
P61586_site203,2,2,1.9984912135376605
P61586_site21,54,38,1.1315702803646637
P61586_site211,1,1,0.898257255183614
P61586_site216,3,2,1.7314107003436214
P61586_site23,1,1,1.2788266637369885
P61586_site24,1,1,2.251256351071277
P61586_site26,1,1,0.6873291312645318
P61586_site28,1,1,4.225457751427878
P61586_site29,49,36,2.597116275587088
P61586_site30,1,1,0.9481778352014744
P61586_site306,46,35,4.272518512460128
P61586_site31,1,1,1.1610036149538403
P61586_site343,1,1,0.7840926405607191
P61586_site344,1,1,0.9692156460612577
P61586_site345,1,1,1.241336080176541
P61586_site347,1,1,1.540548760818072
P61586_site352,1,1,0.820025670710223
P61586_site353,1,1,1.541225104903323
P61586_site36,56,42,2.620400025595172
P61586_site384,52,37,1.0377876479297192
P61586_site39,1,1,0.7892512851339942
P61586_site40,1,1,2.090955824394256
P61586_site408,26,19,1.5090776425621584
P61586_site409,46,34,3.3938801217898806
P61586_site41,1,1,1.3207550175722569
P61586_site410,49,36,2.022701732517419
P61586_site411,33,29,2.2623180872393207
P61586_site412,46,34,2.052282308997176
P61586_site414,48,36,2.0449814156151525
P61586_site415,42,31,2.3191565691240963
P61586_site416,13,10,2.333031516910478
P61586_site417,43,31,3.284897220290957
P61586_site418,49,36,1.5860215881026931
P61586_site419,46,34,1.481788604865665
P61586_site420,41,32,2.843436892368243
P61586_site421,33,25,2.166981431290006
P61586_site422,41,31,1.2076659871869535
P61586_site423,49,36,1.1979843285598486
P61586_site427,44,34,1.6831146441911695
P61586_site428,49,36,1.5022474252797766
P61586_site429,49,36,2.1813221129082105
P61586_site43,1,1,3.574333477514818
P61586_site430,41,31,3.521904382571408
P61586_site431,49,36,4.399742897871907
P61586_site432,41,31,1.6327972742759798
P61586_site433,5,5,1.0441828533998438
P61586_site434,24,18,1.1975290648788637
P61586_site435,6,6,1.2100817951048293
P61586_site437,24,20,5.266744079362349
P61586_site438,35,28,1.0629690867755175
P61586_site445,44,31,3.389077295749835
P61586_site45,2,2,0.7024965370823462
P61586_site450,38,30,1.4553581258119206
P61586_site46,1,1,1.0093495059368354
P61586_site49,1,1,1.3387114332368866
P61586_site5,11,8,1.5871663730040655
P61586_site50,1,1,0.794356625290553
P61586_site51,19,15,1.915680264693435
P61586_site52,1,1,2.328788703348323
P61586_site53,1,1,0.5562016713787536
P61586_site54,29,23,1.750723021568305
P61586_site57,1,1,1.3231711768714105
P61586_site62,1,1,2.286961419318502
P61586_site64,1,1,1.2320865167590012
P61586_site65,2,2,2.0651038537636475
P61586_site66,1,1,0.9921917532750985
P61586_site67,1,1,2.295626098645435
P61586_site68,1,1,1.967401874975688
P61586_site70,1,1,4.154276117650663
P61586_site72,1,1,1.1539595456705096
P61586_site74,1,1,0.6904668376365748
P61586_site75,1,1,1.2455185799705726
P61586_site78,1,1,1.1543843193378072
P61586_site80,1,1,0.8421949169865316
P61586_site81,1,1,0.9316885022073628
P61586_site82,1,1,1.3490918921793702
P61586_site83,4,4,0.9200290270442626
P61586_site85,12,10,1.8213260477915705
P61586_site89,1,1,1.0304334820325405
P61586_site90,1,1,2.0906772223105787
P61586_site91,1,1,0.7422268094439427
P61586_site93,7,6,4.773410177115547
P61586_site94,1,1,2.550921566540297
P61586_site96,1,1,1.0191196698762035
P61586_site98,1,1,0.9992801416369969
P61586_site99,1,1,1.212315540696334
P61626_site1,6,1,8.65967127576311
P61626_site115,1,1,0.4861275604963526
P61626_site121,2,1,0.8242444475832168
P61626_site15,2,1,1.583630214205186
P61626_site16,2,1,1.6732368043754091
P61626_site171,1,1,2.5838955251593734
P61626_site172,1,1,0.8872472218365957
P61626_site173,1,1,0.8901420969466004
P61626_site175,1,1,0.8816641699458874
P61626_site176,1,1,0.7006705136277188
P61626_site19,3,1,1.1942936733580312
P61626_site2,4,1,3.3897933076618374
P61626_site22,2,1,1.0326761938335547
P61626_site23,2,1,4.028815937873975
P61626_site24,2,1,5.64031088956851
P61626_site27,2,1,1.7614976088383472
P61626_site28,2,1,0.9983011364811126
P61626_site3,6,1,2.852126250735727
P61626_site30,2,1,0.6898703025838437
P61626_site31,2,1,1.0164420251218271
P61626_site32,2,1,1.020225139224873
P61626_site33,2,1,0.6364311034640021
P61626_site36,1,1,2.215735128530701
P61626_site5,2,1,1.008431052083168
P61626_site50,2,1,1.9699187819081765
P61626_site52,1,1,1.279930786344036
P61626_site6,3,1,2.085818597130611
P61626_site7,4,1,2.023524597861522
P61769_site1,8,2,4.050934180224352
P61769_site10,7,2,7.704601733388362
P61769_site10057,1,1,0.8843308849217816
P61769_site10070,1,1,3.3327228740449084
P61769_site10082,1,1,1.0246610562515086
P61769_site101,1,1,2.662749418533481
P61769_site10244,1,1,4.531166858945683
P61769_site10257,4,3,0.7040989437968588
P61769_site10287,1,1,1.467007670046344
P61769_site10361,5,2,2.5622297570535357
P61769_site1039,1,1,1.7776893529912368
P61769_site10467,2,2,1.6347640947781708
P61769_site10472,2,2,0.4037275351893215
P61769_site10477,2,2,0.6606893043367672
P61769_site10494,2,2,1.0386139302099264
P61769_site10504,3,2,2.050975130731368
P61769_site10577,3,3,1.8009443882308591
P61769_site107,4,2,1.80184146972572
P61769_site10782,3,2,1.2412840786969497
P61769_site10786,2,2,0.5992797463395079
P61769_site10787,2,2,2.2542555432160225
P61769_site10789,1,1,0.4814627815183204
P61769_site10790,2,2,0.844443436725316
P61769_site10793,2,2,1.0930620607589727
P61769_site10798,6,5,3.7361821875984655
P61769_site10799,2,2,1.0007548425826314
P61769_site11,6,1,3.83969735948317
P61769_site110,3,2,4.4037726504376655
P61769_site1117,1,1,0.2647753604168645
P61769_site1118,3,1,1.3047087007087403
P61769_site112,5,2,4.311562775654219
P61769_site1126,3,2,2.0851600466345763
P61769_site11263,2,2,0.982822120727839
P61769_site1129,23,5,1.7521928471853836
P61769_site11291,1,1,0.5454707483487599
P61769_site113,1,1,2.428311117767461
P61769_site1130,2,1,1.087353919696369
P61769_site1131,18,5,2.2592851718302445
P61769_site1136,5,2,1.8446536149259851
P61769_site1138,9,3,3.4091524966836206
P61769_site114,1,1,0.560898088180719
P61769_site11411,3,3,0.8493347036531481
P61769_site1143,5,2,4.509186631174209
P61769_site1153,11,7,1.0814369045274614
P61769_site1154,16,9,3.1881461134710998
P61769_site1155,10,7,1.1297867556057546
P61769_site1156,13,7,1.9869049079194248
P61769_site1157,14,7,1.2358614615508663
P61769_site1158,9,6,1.488922552546866
P61769_site1159,3,3,1.5273381719478374
P61769_site11612,1,1,1.2443066142701578
P61769_site1162,12,7,1.141880505412506
P61769_site1163,10,6,1.2300436111223538
P61769_site1164,12,8,0.8264926127145604
P61769_site1166,3,3,1.7355712741457914
P61769_site1167,8,6,1.5307373653686829
P61769_site1168,16,8,1.1650330319326645
P61769_site1169,14,8,2.16314639774659
P61769_site1170,8,4,1.0167325643576153
P61769_site1174,13,7,3.3764138894573064
P61769_site11741,3,2,0.8641317110344503
P61769_site11743,2,2,0.7734920448442535
P61769_site11744,1,1,1.137415253666338
P61769_site11745,2,2,0.8652879089898864
P61769_site11746,7,5,1.4269104522544744
P61769_site11747,2,2,1.3643591209434038
P61769_site11749,3,2,1.0815017893393049
P61769_site1175,15,8,1.5104069574072327
P61769_site11751,4,3,2.070122770334202
P61769_site11752,2,2,0.8817195737699697
P61769_site11754,2,2,1.6052076798299904
P61769_site11755,3,2,1.8604377607306328
P61769_site11756,4,3,0.5699745547073791
P61769_site11758,1,1,0.7863262612165519
P61769_site11759,2,1,0.6791418484656468
P61769_site1176,17,8,3.398920088479334
P61769_site1177,18,9,1.7136216954499766
P61769_site1179,4,3,1.2009476264306072
P61769_site1180,11,6,2.6359745471298752
P61769_site11802,4,4,2.459083970157232
P61769_site1181,11,6,1.8357613623114857
P61769_site1182,10,6,2.2419713477970835
P61769_site1183,11,7,1.4533367610371462
P61769_site1184,11,7,1.9695340858566757
P61769_site11842,2,2,0.8919754436128164
P61769_site1185,17,9,1.1695230193802302
P61769_site11867,4,3,1.2318812419849998
P61769_site1187,4,4,1.7675664987010506
P61769_site1188,6,4,1.28002728810218
P61769_site1189,10,6,1.1337119519410803
P61769_site1190,10,6,3.07678576347759
P61769_site1191,6,6,0.7900792706757974
P61769_site1192,10,5,1.5113095815940203
P61769_site1193,8,6,2.626504698265585
P61769_site1194,8,5,1.5624534366973526
P61769_site1195,6,5,1.2742543409260645
P61769_site1196,9,5,1.1757412225108366
P61769_site1197,12,6,4.200253719681759
P61769_site1198,18,9,2.12701870882417
P61769_site1199,5,4,1.0348431309562052
P61769_site12,1,1,2.0380634618003537
P61769_site120,2,2,1.9246903864474172
P61769_site1200,14,8,0.9621275226231494
P61769_site1201,9,5,1.434139707422507
P61769_site1202,5,5,1.4789308226346356
P61769_site1203,15,8,2.9108107730268906
P61769_site1204,14,9,2.297976941631802
P61769_site1205,10,7,1.524250218442719
P61769_site1207,6,5,3.600489902521762
P61769_site1208,18,8,2.5603323393283004
P61769_site1209,16,8,1.4317682149402151
P61769_site1211,7,4,1.2460037770855108
P61769_site1212,12,7,3.089827935222672
P61769_site1213,13,7,1.6863123672172498
P61769_site1214,11,8,1.566536533701154
P61769_site1215,6,3,1.907835297232888
P61769_site1216,13,7,1.2375604393556865
P61769_site1217,8,6,1.4678145089518773
P61769_site1218,15,7,2.383893390922448
P61769_site1219,11,6,1.8444409117589515
P61769_site1223,6,6,1.9946892127288949
P61769_site1224,9,4,1.530454867928264
P61769_site1225,10,5,1.988331945241811
P61769_site1228,11,7,3.1431973101585613
P61769_site1229,8,5,1.4387724407860514
P61769_site123,2,2,1.8680935744129088
P61769_site1230,6,5,3.373331214240305
P61769_site1232,13,7,2.099560208293986
P61769_site1233,4,3,1.016717354605085
P61769_site1234,14,8,3.5001095367035586
P61769_site1235,16,8,1.623495959507105
P61769_site1236,3,2,1.087115429100162
P61769_site1237,9,5,2.7256625312785574
P61769_site1240,4,3,3.33070059826078
P61769_site1241,16,9,1.882788122251778
P61769_site1242,13,7,3.1254930955147247
P61769_site1243,13,7,1.0658719068779872
P61769_site12437,2,2,0.7994702512489933
P61769_site1244,7,7,1.4125393877302015
P61769_site1245,2,2,0.973870487074681
P61769_site1246,5,3,2.209905895322659
P61769_site1248,15,8,2.871184026416411
P61769_site1250,7,5,1.0017305829737513
P61769_site1251,11,6,2.876510949789311
P61769_site1252,12,7,2.187977900927584
P61769_site1253,17,9,3.3404262363835024
P61769_site1254,7,5,1.5940172914735802
P61769_site1255,17,9,2.245575826479314
P61769_site1256,7,4,1.3780068628081394
P61769_site1257,5,4,0.9742130619536092
P61769_site12576,1,1,0.9910025834822952
P61769_site1258,8,6,1.224684476780851
P61769_site1259,7,6,1.1510593453992917
P61769_site126,2,2,1.071506398313279
P61769_site1260,5,4,1.470117180245198
P61769_site1261,12,7,1.373944874063659
P61769_site1262,5,4,1.4454481878301488
P61769_site1263,14,8,2.031468342739251
P61769_site12637,1,1,0.9816122831801024
P61769_site12638,1,1,1.9828151366448783
P61769_site12639,1,1,1.3931015228602444
P61769_site1264,10,6,1.787028457167939
P61769_site12645,1,1,0.7237757022907841
P61769_site12646,1,1,1.6704189151718103
P61769_site12649,1,1,2.0917065901844225
P61769_site1265,6,5,1.644283400042417
P61769_site12650,1,1,0.8379978183464714
P61769_site12651,1,1,0.8995248080630432
P61769_site12656,3,2,1.234989714421023
P61769_site1266,13,7,3.094902782894771
P61769_site12660,1,1,1.2208278580814715
P61769_site12661,1,1,1.0718806413824735
P61769_site12662,1,1,0.9874778748361542
P61769_site12664,1,1,0.8759754818125638
P61769_site12665,1,1,2.776768829564939
P61769_site12667,1,1,0.9339314662576036
P61769_site12670,1,1,1.9030021277737048
P61769_site12672,1,1,1.1627929187250925
P61769_site12673,1,1,1.6007325147324676
P61769_site12675,1,1,0.8230002827471522
P61769_site1269,15,9,0.8319491244743965
P61769_site127,4,2,2.471627416384335
P61769_site1270,9,5,1.7614204204749877
P61769_site1271,2,2,0.6214434410495016
P61769_site1272,15,8,1.428015226429417
P61769_site1275,14,7,4.909944243874302
P61769_site1276,11,6,1.645879419264486
P61769_site1277,14,8,1.544183120144602
P61769_site1278,8,5,2.9461258371592
P61769_site1279,8,4,1.6458053267502586
P61769_site128,4,3,2.4361836431996133
P61769_site1280,10,6,1.623173274680073
P61769_site1281,18,9,1.547566354890514
P61769_site1282,7,6,1.6611672859707904
P61769_site13,30,6,5.223343090720375
P61769_site1304,1,1,1.305478216540528
P61769_site1305,2,2,1.0590354852395916
P61769_site1330,1,1,1.3471096756725394
P61769_site135,1,1,4.20978837022715
P61769_site1363,1,1,0.9094934038423672
P61769_site13647,2,2,3.214508171075116
P61769_site137,2,1,2.255896813651571
P61769_site13797,1,1,2.861227760171123
P61769_site13799,3,3,1.0516941607310846
P61769_site139,1,1,2.117297399561813
P61769_site14,27,7,3.328524585140125
P61769_site140,1,1,1.2454868936069268
P61769_site14069,2,2,0.7237990270065358
P61769_site142,1,1,1.1063829787234043
P61769_site1423,1,1,0.823433640610361
P61769_site14237,3,2,2.412670695837183
P61769_site143,3,2,0.6369017234728191
P61769_site144,3,2,1.629050593379138
P61769_site1447,1,1,1.206844367151051
P61769_site145,5,2,2.9987461492730905
P61769_site1459,2,1,4.210130238686465
P61769_site147,2,2,2.446111798856704
P61769_site14776,3,2,1.153458509235603
P61769_site149,1,1,1.1669673936207998
P61769_site15,10,3,3.63310179021128
P61769_site150,2,2,2.0097155655437584
P61769_site1509,4,1,1.5309133200902771
P61769_site1510,1,1,1.0507025922439326
P61769_site1515,2,1,2.555396607060981
P61769_site1517,1,1,1.646854875358849
P61769_site15201,1,1,1.3513426847729628
P61769_site1522,1,1,0.8049111571326638
P61769_site1524,1,1,0.851192276616462
P61769_site1526,1,1,1.1645072206990073
P61769_site153,1,1,2.01659433518808
P61769_site1533,1,1,1.564570843610979
P61769_site1534,1,1,2.6616652896798354
P61769_site1536,1,1,1.4680651008598042
P61769_site1537,1,1,1.12400281557954
P61769_site1538,1,1,2.261331305642683
P61769_site1541,2,2,1.1568625492370137
P61769_site1544,1,1,2.387712513401746
P61769_site1554,1,1,2.5969771661113
P61769_site1555,1,1,1.7558222256052038
P61769_site1556,1,1,1.764822806678184
P61769_site1558,1,1,4.173691476905332
P61769_site1560,1,1,2.5960606770985954
P61769_site1564,2,2,2.27071054912049
P61769_site1566,1,1,0.9948888976164916
P61769_site1567,1,1,1.2971963124134875
P61769_site157,3,2,1.2771168681216276
P61769_site1571,2,1,2.0426285693170376
P61769_site1575,2,1,2.105026003041511
P61769_site1593,1,1,1.3860707099393932
P61769_site16,6,2,2.526553492018343
P61769_site1609,4,1,2.382456322102755
P61769_site1638,3,1,1.097339376649253
P61769_site1639,1,1,1.0722763823338994
P61769_site164,1,1,1.1368202426958982
P61769_site1641,1,1,1.6751463852976982
P61769_site1643,1,1,1.127192405473786
P61769_site1644,1,1,0.6178865839941912
P61769_site1645,1,1,2.085159901525873
P61769_site1648,1,1,1.3355024429269406
P61769_site165,1,1,1.646747067935384
P61769_site1652,2,1,1.22668915628514
P61769_site1654,1,1,1.43975176497381
P61769_site1655,1,1,1.181007210045913
P61769_site1656,1,1,1.2660952586148857
P61769_site166,1,1,1.520849999337043
P61769_site1660,1,1,1.85219044794144
P61769_site1661,1,1,2.147539177614365
P61769_site1664,1,1,1.8845204577863903
P61769_site167,1,1,1.194645354344917
P61769_site1670,4,4,1.4786471257591751
P61769_site17,13,2,5.875839185785632
P61769_site170,1,1,0.6506579718337043
P61769_site1707,2,1,4.956032457308949
P61769_site171,1,1,2.312217298639967
P61769_site1717,3,1,2.6507056275978798
P61769_site1719,2,1,2.4982647111662777
P61769_site173,1,1,0.9657595125783264
P61769_site1748,1,1,1.2360540631566617
P61769_site1757,2,2,1.3552963833550549
P61769_site1759,3,3,1.5474386897151973
P61769_site178,1,1,1.4264946919337236
P61769_site1780,6,5,2.291821063440332
P61769_site1789,1,1,1.5481669889851173
P61769_site1790,1,1,0.4920113694875997
P61769_site1791,1,1,0.7126997856965833
P61769_site1794,1,1,2.8703679625536345
P61769_site1795,1,1,1.217970782953899
P61769_site1797,1,1,0.6893407550105584
P61769_site18,17,3,4.913509928607654
P61769_site180,1,1,1.539951376241366
P61769_site1800,1,1,1.3263028256811489
P61769_site1801,1,1,2.73182987235664
P61769_site1805,1,1,0.8664577691544147
P61769_site181,1,1,1.168644769528015
P61769_site1810,1,1,1.1948789862601632
P61769_site1811,2,1,4.02677080627806
P61769_site1818,3,1,1.2824021518484758
P61769_site182,1,1,0.9747355983193344
P61769_site183,1,1,2.282165683762003
P61769_site184,1,1,1.1762376237623764
P61769_site185,1,1,1.0514333557269055
P61769_site1851,5,4,2.6726367335885843
P61769_site1854,1,1,1.3362749783786243
P61769_site1859,2,2,1.6966883473306953
P61769_site186,1,1,1.3069343561356432
P61769_site1862,1,1,1.2824920511655848
P61769_site1865,3,3,1.8430423169679075
P61769_site1866,3,1,2.594505195951912
P61769_site187,1,1,2.569001509300821
P61769_site1875,1,1,2.4175473268150616
P61769_site188,1,1,1.8747412168615607
P61769_site189,1,1,2.500930736351903
P61769_site19,5,1,2.862526610536813
P61769_site190,1,1,0.966466462331568
P61769_site192,1,1,1.5688301848952964
P61769_site193,5,1,2.226959418122493
P61769_site1939,2,1,1.4205857793322934
P61769_site1947,1,1,2.74330447236508
P61769_site1948,2,1,1.42347813558101
P61769_site1952,2,1,1.6387615422874813
P61769_site1955,2,1,1.4291890492524757
P61769_site1958,2,1,0.9360687701197282
P61769_site196,1,1,1.541312412689308
P61769_site197,1,1,1.0816698622973675
P61769_site198,1,1,1.1931202919020718
P61769_site199,1,1,1.0390544439919238
P61769_site1990,5,3,1.1378956815906658
P61769_site2,13,3,5.63175129959764
P61769_site20,21,2,6.101738758363156
P61769_site200,5,1,2.606806525277455
P61769_site2009,7,4,2.8368261395404164
P61769_site201,1,1,1.5701448629373749
P61769_site2011,2,2,2.2792239621171677
P61769_site2014,2,2,2.704767002132121
P61769_site202,8,1,7.925035177899664
P61769_site2024,2,2,0.3622199802811088
P61769_site2027,2,2,1.901493334082576
P61769_site203,1,1,1.1775939536030031
P61769_site2031,2,2,1.3021145382189383
P61769_site2032,2,2,0.9239456694002148
P61769_site2034,3,3,2.2165110760105238
P61769_site2038,2,2,2.1244047932809726
P61769_site2043,2,2,1.3811176925057944
P61769_site2044,2,2,2.4110830868903053
P61769_site2052,2,2,1.2891642219276953
P61769_site206,1,1,0.9962757879122044
P61769_site2066,2,1,0.7909442545000865
P61769_site2067,3,1,3.126234958535618
P61769_site208,1,1,1.2593157701368027
P61769_site209,5,1,3.042078568907169
P61769_site21,9,3,3.1843335139528586
P61769_site212,3,1,2.6064336484208983
P61769_site22,2,1,2.9474960118703457
P61769_site2228,4,1,1.0520612120960655
P61769_site2230,4,1,0.4671164714554837
P61769_site2237,4,1,1.092386173637098
P61769_site2262,4,1,1.3549500481313563
P61769_site228,17,5,11.584867651197584
P61769_site23,33,8,6.89161858832738
P61769_site2306,2,2,1.878949609652236
P61769_site232,12,5,2.685709570383753
P61769_site24,19,3,4.2820055639858365
P61769_site242,16,8,1.1515725101921956
P61769_site2431,2,1,2.630832521381401
P61769_site2441,2,1,0.8086136177194421
P61769_site2455,2,1,1.8719116782264755
P61769_site246,12,4,2.6653560932797284
P61769_site2488,2,1,0.8257246137890931
P61769_site25,12,2,10.81664906842876
P61769_site250,4,2,2.058646538977339
P61769_site2533,1,1,2.015732183199836
P61769_site2534,3,1,7.913711669160462
P61769_site2535,1,1,1.6576510659770405
P61769_site26,5,1,4.478986266350155
P61769_site2608,1,1,0.6511393599005337
P61769_site2694,1,1,2.6004568776728023
P61769_site27,33,9,3.651455900055308
P61769_site2710,8,4,1.947898959598124
P61769_site2717,6,5,2.063310410268977
P61769_site2750,7,4,1.6437878809726367
P61769_site2758,2,2,1.1662928348909658
P61769_site2759,2,2,0.978347710469236
P61769_site2773,2,1,1.0100151762481675
P61769_site28,2,1,1.4028340898211535
P61769_site2803,3,1,5.570616257745272
P61769_site2809,1,1,0.7110272713967445
P61769_site2813,1,1,0.8408078741532665
P61769_site2816,2,2,4.500982105851188
P61769_site2819,6,4,1.7573083853860303
P61769_site2827,2,2,0.5743451277504635
P61769_site283,2,1,2.514750322461765
P61769_site2830,3,3,1.5124201709998255
P61769_site2831,2,2,1.7782554141252411
P61769_site2849,4,3,1.3712242643700117
P61769_site2853,2,2,0.9478983219803954
P61769_site286,1,1,1.7404870702548814
P61769_site287,3,1,5.641728568732738
P61769_site29,25,6,4.247820380613106
P61769_site293,2,2,1.1339722730596753
P61769_site2937,2,2,1.52929912982449
P61769_site2939,4,1,5.302559231859432
P61769_site2940,10,1,2.9859003473622403
P61769_site2999,1,1,2.1846894492828124
P61769_site3,11,2,4.548507651982751
P61769_site30,2,2,1.968624581134692
P61769_site3011,3,1,1.3655620601661769
P61769_site3012,15,4,5.158144663772465
P61769_site3014,1,1,1.7868939612356023
P61769_site3018,3,2,1.6215445590915931
P61769_site3020,1,1,1.3976065582412946
P61769_site3022,1,1,0.5311699136622626
P61769_site3035,1,1,1.6328866433400602
P61769_site3041,1,1,1.165530753107352
P61769_site3046,1,1,0.9969485325054364
P61769_site3090,1,1,1.266756575783011
P61769_site3096,1,1,1.4550892680069551
P61769_site3098,1,1,1.3550148148952104
P61769_site31,22,4,7.624478393916913
P61769_site3102,1,1,1.5300867462034
P61769_site3106,1,1,1.7648078620733665
P61769_site3107,1,1,0.898675309035526
P61769_site3109,1,1,0.6685004068043561
P61769_site3114,4,2,2.529161251477704
P61769_site312,2,1,2.012364609815448
P61769_site313,2,1,2.0775580034216765
P61769_site318,3,1,0.7407158683754429
P61769_site32,1,1,1.818812814070352
P61769_site3213,1,1,0.4541319344330021
P61769_site3250,3,1,0.99847681460583
P61769_site3277,1,1,1.36197045173926
P61769_site33,3,2,1.7141623727361892
P61769_site330,5,1,1.558559804213015
P61769_site331,5,2,3.29973476901152
P61769_site332,2,1,0.49622130377734
P61769_site337,5,1,6.335583006929799
P61769_site3372,1,1,2.225160485633532
P61769_site3373,1,1,0.9779488201254376
P61769_site3374,1,1,2.253503980521873
P61769_site3375,1,1,1.074218505062427
P61769_site3376,1,1,0.810473891456197
P61769_site3377,1,1,1.0312600701926682
P61769_site3378,3,2,6.842126562546839
P61769_site3379,1,1,2.2687270971224045
P61769_site3380,2,2,2.1044465605149285
P61769_site3381,5,4,1.9893789262353476
P61769_site3382,1,1,0.5555189855875832
P61769_site3383,1,1,0.6363149314176754
P61769_site3384,2,2,0.9466524743365388
P61769_site3386,1,1,1.6618050224805352
P61769_site339,1,1,0.8375692613699148
P61769_site3391,1,1,0.7321341821028441
P61769_site3393,1,1,3.357353803147121
P61769_site3394,1,1,0.6199914438313994
P61769_site3395,1,1,2.075768398812817
P61769_site3396,1,1,1.9286881231477608
P61769_site3397,10,6,3.646668314882473
P61769_site3398,1,1,1.2831815673289184
P61769_site3399,4,3,1.1726602013827665
P61769_site34,13,5,12.432344587274164
P61769_site3400,6,5,1.7926198706721783
P61769_site3401,1,1,1.579908428381783
P61769_site3402,2,1,3.531606425580696
P61769_site3406,1,1,0.7678112590516234
P61769_site3408,1,1,2.0882524666251108
P61769_site3410,1,1,1.8320902042153544
P61769_site3411,1,1,0.875995969796637
P61769_site3412,1,1,1.5093474600228616
P61769_site3413,1,1,2.5299221934486766
P61769_site3414,5,4,1.7946837231059922
P61769_site3415,1,1,0.7259108792834922
P61769_site3458,1,1,0.8071057595287113
P61769_site3484,1,1,1.1387885098303423
P61769_site3491,1,1,0.5872704897346436
P61769_site3496,1,1,1.352313147919186
P61769_site35,16,3,3.8020123946800353
P61769_site3512,3,3,4.865753889849345
P61769_site3515,4,4,1.7844929242916463
P61769_site3520,3,3,6.089129935193271
P61769_site3536,3,3,1.5212377500335617
P61769_site3537,3,3,0.7763795443961117
P61769_site3548,6,6,2.302006335797255
P61769_site3557,3,3,1.7786886232590615
P61769_site356,1,1,1.5197055800151285
P61769_site3570,6,6,1.1561861547615906
P61769_site3571,3,3,1.5384349780642366
P61769_site3580,3,3,0.3746653561926067
P61769_site3582,3,3,0.7576255250184026
P61769_site3591,3,3,2.8112777528430453
P61769_site3592,3,3,0.5619699048706591
P61769_site3597,3,3,0.792644386319986
P61769_site36,2,1,1.6014732633554665
P61769_site3603,3,3,2.9031960433005395
P61769_site3608,3,3,4.028957450690236
P61769_site3615,3,3,3.187224913465897
P61769_site3616,3,3,2.539403180135047
P61769_site3618,3,3,0.9411391347920496
P61769_site3619,3,3,1.2931736072718858
P61769_site362,2,1,2.2455303886172056
P61769_site3620,3,3,0.9143927303520828
P61769_site3621,3,3,1.0830819808490202
P61769_site3633,3,3,0.8924546786252007
P61769_site3636,6,6,1.0608139707621966
P61769_site3647,3,3,0.9306127604735858
P61769_site365,2,1,2.529927858994065
P61769_site3653,3,3,0.565850872550088
P61769_site3658,3,3,0.4417522209024183
P61769_site3674,5,4,2.36578851119953
P61769_site37,4,1,7.749028554760342
P61769_site3762,2,2,5.631847824715869
P61769_site3825,8,6,2.502769292215715
P61769_site3859,1,1,1.182127149140344
P61769_site3870,3,2,0.9654748383233276
P61769_site39,2,1,4.947942294788638
P61769_site40,3,1,1.7817425745473712
P61769_site4015,1,1,1.6054200625510344
P61769_site41,18,3,3.687585211000589
P61769_site4118,2,2,0.7111828015950625
P61769_site42,3,1,3.1120466923177013
P61769_site4243,3,2,2.716580356791241
P61769_site4255,5,2,8.16911406602813
P61769_site4257,1,1,2.282035116477004
P61769_site43,3,1,1.4838583567270194
P61769_site4348,2,2,1.7033940031211146
P61769_site4357,5,5,1.1202817072543825
P61769_site4362,3,2,1.305466058131982
P61769_site4367,4,4,1.1731743025218502
P61769_site4379,2,2,0.9391217750989336
P61769_site4393,4,4,1.209816963924743
P61769_site4394,5,5,0.7977575469431709
P61769_site4398,10,6,2.998749778553893
P61769_site44,15,4,4.84329995339691
P61769_site4402,4,4,1.2890307670308525
P61769_site4404,2,2,0.7408443145521086
P61769_site4409,6,5,0.7524875789058686
P61769_site4434,9,6,2.891109260006698
P61769_site4438,6,3,1.3819943960475949
P61769_site4442,7,4,1.2219091835215872
P61769_site4445,1,1,1.2367052567778871
P61769_site4465,3,3,0.7580476447077605
P61769_site4466,5,4,2.4586748740209665
P61769_site4469,4,4,1.5508970956420176
P61769_site4475,6,4,0.7423432211795906
P61769_site4477,1,1,1.1358787036815252
P61769_site4490,2,2,0.3608669102672402
P61769_site4493,1,1,1.0963070322582509
P61769_site4494,1,1,0.9749543754222164
P61769_site4496,6,4,1.2943375822557637
P61769_site45,5,2,7.3159079454092595
P61769_site4510,6,5,0.6880397112210541
P61769_site4514,1,1,2.325460150317914
P61769_site4516,8,5,1.5142484592217325
P61769_site4524,3,3,0.7898600619926736
P61769_site4544,3,3,0.4807558435531296
P61769_site4591,3,1,3.254082474226804
P61769_site4647,2,1,1.2637021585113013
P61769_site4664,2,2,1.2062366720774054
P61769_site47,20,4,5.852644110756941
P61769_site4733,2,1,2.557132244305139
P61769_site4734,2,1,1.4509777197538123
P61769_site4735,1,1,0.4413250573612274
P61769_site4736,1,1,1.1706238004427247
P61769_site474,2,1,1.3169598261022448
P61769_site4740,1,1,0.6120598135680995
P61769_site4741,1,1,0.9481588916892544
P61769_site4742,1,1,1.703968405409937
P61769_site4743,1,1,0.9293168910226238
P61769_site4744,1,1,1.5871996021432924
P61769_site4746,1,1,1.9710001015062648
P61769_site4749,1,1,1.958092991873272
P61769_site4752,1,1,1.5243055245111627
P61769_site4753,1,1,1.3290400810345209
P61769_site4754,1,1,0.8189946252971813
P61769_site4756,1,1,2.341633780874064
P61769_site4757,1,1,1.157487021823497
P61769_site4759,1,1,0.3510079082752116
P61769_site4762,1,1,1.2568957625129829
P61769_site4764,1,1,0.6586881784772755
P61769_site4765,2,1,0.4954018034422308
P61769_site4767,2,1,1.3052600966036974
P61769_site4770,2,1,1.4415134289509706
P61769_site4773,2,1,1.0604204130614188
P61769_site4775,12,4,1.7186798320196164
P61769_site4776,2,1,1.9239843081893333
P61769_site4777,2,1,1.3857446339459287
P61769_site4778,2,1,1.6396226631013189
P61769_site4779,2,1,1.3123543736094323
P61769_site4780,2,1,1.5770619584526702
P61769_site4782,2,1,1.89623150431566
P61769_site4783,2,1,1.5244710307905025
P61769_site4785,2,1,1.6662147535887768
P61769_site48,1,1,0.8645758639342819
P61769_site4855,1,1,0.5443623286521675
P61769_site4871,1,1,0.3863676699495207
P61769_site4872,1,1,2.249467240664197
P61769_site4882,1,1,1.5097118318454064
P61769_site49,28,8,7.680433322425641
P61769_site5,1,1,2.881630945420086
P61769_site50,12,3,5.46773021227426
P61769_site5006,1,1,1.5290166548165387
P61769_site5016,1,1,1.5767278267865663
P61769_site5022,1,1,1.5126719507233388
P61769_site5027,1,1,0.6263889948381519
P61769_site5030,1,1,3.537762268266085
P61769_site5032,1,1,0.7655262849783397
P61769_site5033,1,1,1.2024323115560602
P61769_site5037,1,1,2.195369823172797
P61769_site5038,1,1,2.1202228071373126
P61769_site504,2,1,2.2984730156434545
P61769_site51,14,5,3.1341432837181733
P61769_site5103,2,1,0.7302705613137704
P61769_site5113,1,1,1.490277154550629
P61769_site512,2,1,2.12332573143084
P61769_site5121,3,3,1.204539874561971
P61769_site5131,1,1,1.8328105219524768
P61769_site514,12,4,1.861583182039148
P61769_site5143,1,1,1.336921036989621
P61769_site5144,1,1,0.7008899810058559
P61769_site515,3,2,3.2435689103555303
P61769_site52,6,4,3.8624252129050864
P61769_site520,2,2,1.3861500369453337
P61769_site524,1,1,1.287142029762446
P61769_site53,2,1,2.8213889759224893
P61769_site5301,1,1,0.3031187755098306
P61769_site535,1,1,1.0179382239014323
P61769_site5364,1,1,1.4631393471049194
P61769_site54,19,6,4.271018811028145
P61769_site540,1,1,1.1903761777264734
P61769_site55,7,2,2.518141232933841
P61769_site5587,3,1,0.8762022898099271
P61769_site56,11,4,3.963318271480344
P61769_site5617,14,3,1.3385146021012504
P61769_site5623,13,4,2.753080928166612
P61769_site564,1,1,4.949661169269632
P61769_site566,3,2,1.9990143870075607
P61769_site57,25,6,3.893635954751876
P61769_site5731,8,4,1.5126648022373153
P61769_site5743,7,3,0.9003496242954608
P61769_site5751,2,2,1.0582697137117028
P61769_site5760,2,2,0.5843220920512533
P61769_site5765,7,4,1.8082417765533176
P61769_site578,2,1,1.799187467019218
P61769_site5789,2,2,0.3111380103527594
P61769_site5798,2,2,1.3713403284705563
P61769_site58,6,1,2.184863684167948
P61769_site5803,5,3,0.9942373258227098
P61769_site5807,4,3,1.2046441459652906
P61769_site5815,6,3,1.444335366426392
P61769_site5817,4,3,2.406123676612127
P61769_site582,1,1,1.3065172953037687
P61769_site587,2,2,1.3944983510633693
P61769_site5873,2,1,5.416836633262402
P61769_site5888,2,2,1.185395660384081
P61769_site5894,1,1,2.6138863631323326
P61769_site59,1,1,2.9031220177232444
P61769_site592,4,2,4.940021816228423
P61769_site6,6,1,2.627685015970456
P61769_site60,17,3,3.3484626066256697
P61769_site608,2,1,2.249883353206491
P61769_site609,1,1,2.0020561740438265
P61769_site61,8,3,5.721559299462944
P61769_site6137,1,1,0.609049273812706
P61769_site62,14,5,4.378423417885779
P61769_site624,1,1,4.104476867024904
P61769_site6245,1,1,1.0416756797275737
P61769_site6260,3,2,0.9074333753105748
P61769_site63,2,1,1.121245954145098
P61769_site6307,1,1,1.6058792924037462
P61769_site6329,4,1,7.161804231467231
P61769_site6374,2,1,3.126217760171379
P61769_site6378,1,1,1.401414291638662
P61769_site6380,1,1,1.041957789958799
P61769_site6386,1,1,2.2892670672009623
P61769_site6388,1,1,1.0626405435629531
P61769_site639,4,2,0.3132451509579452
P61769_site6392,1,1,3.53973045171222
P61769_site6396,1,1,1.219817327993931
P61769_site64,2,1,1.6315129185710289
P61769_site6405,1,1,1.3114549612426123
P61769_site6407,1,1,0.4778222076458617
P61769_site65,11,3,4.78318207926479
P61769_site655,1,1,2.513696879404655
P61769_site6589,2,2,1.745205923683926
P61769_site6599,1,1,1.9788914225370904
P61769_site6633,12,4,1.4466642071646043
P61769_site6645,9,3,1.2232693993392056
P61769_site665,2,2,3.4639392593190905
P61769_site6698,4,1,1.871190930448905
P61769_site67,9,5,2.6134171907756816
P61769_site6747,2,2,1.3176688980858111
P61769_site679,1,1,1.794694533762058
P61769_site68,9,2,3.110509374748532
P61769_site686,4,2,5.458601793876827
P61769_site6860,9,6,1.5683542725502304
P61769_site6863,10,5,2.169874498878403
P61769_site6864,4,2,0.756209000377187
P61769_site6866,4,3,1.187418323484207
P61769_site6867,7,4,1.3137132435605967
P61769_site6868,4,3,0.789922867971869
P61769_site6871,9,4,1.8503272313383283
P61769_site6872,11,6,1.2318771144902003
P61769_site6875,3,2,1.197037734482509
P61769_site6877,6,3,1.624808069258412
P61769_site6878,5,4,1.5131771300674484
P61769_site6879,4,4,1.7904236573290997
P61769_site6883,3,2,0.8586099481776847
P61769_site6884,10,6,3.5491701845692067
P61769_site6886,4,3,2.12158390467704
P61769_site6887,5,3,1.3000243849571909
P61769_site6889,2,2,1.8276284225328807
P61769_site689,3,2,2.6485707218279915
P61769_site69,3,2,4.306406233091656
P61769_site691,1,1,3.115366297458693
P61769_site692,3,2,2.0546649722288524
P61769_site693,1,1,1.6271182761465102
P61769_site699,1,1,2.042913781382169
P61769_site7,9,5,2.586165089189425
P61769_site70,10,2,9.524792799977217
P61769_site7010,6,3,1.2284637571317292
P61769_site7014,3,2,1.417220064045357
P61769_site7036,3,2,0.5123133050635812
P61769_site7043,3,3,1.1788362637412784
P61769_site7048,3,2,1.4061859703674722
P61769_site7050,6,4,1.2084068783550177
P61769_site7061,5,3,0.9881177366204756
P61769_site7075,4,3,1.6934615512043203
P61769_site7080,2,2,1.5110774544219228
P61769_site710,4,3,2.645989714587909
P61769_site720,1,1,1.1365513924384882
P61769_site7271,2,1,2.375836604739163
P61769_site7277,1,1,1.79427574377915
P61769_site7299,9,3,1.7148202967854569
P61769_site73,9,4,10.355910322171631
P61769_site7301,8,4,1.070708387732099
P61769_site7316,1,1,1.0515426392973113
P61769_site7350,1,1,0.9282757278719628
P61769_site7370,1,1,0.7693632691850796
P61769_site7399,5,3,0.7481353380155403
P61769_site7438,4,3,3.3676292010984974
P61769_site7441,4,3,1.145191193511008
P61769_site7452,5,3,1.023168058398194
P61769_site7453,3,3,1.3062884348343584
P61769_site7454,2,2,5.932620581066006
P61769_site7455,2,2,0.8270434699447522
P61769_site7460,4,2,0.7638906071728043
P61769_site7461,2,2,0.9573266456575328
P61769_site748,10,3,2.096659256806824
P61769_site7536,3,1,1.4727982108021482
P61769_site7571,2,2,0.7435764773306163
P61769_site7590,4,2,1.6014707072159944
P61769_site7594,5,3,1.2425582261563066
P61769_site7601,2,2,0.8011691701480518
P61769_site7629,2,2,0.8840561926027536
P61769_site7630,4,4,0.8894979338842975
P61769_site7632,2,2,0.896845491270285
P61769_site7634,4,4,1.2279023879515163
P61769_site7635,2,2,1.11375059186644
P61769_site7637,2,2,1.709413303619011
P61769_site7638,2,2,2.014276015193497
P61769_site7640,2,2,0.5513648956019844
P61769_site7641,2,2,0.823910707310473
P61769_site7642,2,2,1.540191056166854
P61769_site7643,4,4,1.7778695716873374
P61769_site7644,2,2,0.9497241839871194
P61769_site7645,2,2,0.9938075252766032
P61769_site7647,2,2,1.4388748591225946
P61769_site7650,2,2,2.210887702751723
P61769_site7651,2,2,1.02416219986246
P61769_site7652,2,2,0.9303026153635492
P61769_site7654,2,2,1.626397956064798
P61769_site7655,2,2,3.5271182324020374
P61769_site7656,4,4,0.7468232658733635
P61769_site7657,4,4,0.8422785037427736
P61769_site7680,8,6,1.2819249254730185
P61769_site7682,2,2,4.077335735432493
P61769_site7687,5,5,0.8668313117733839
P61769_site7689,2,2,1.1690150310252905
P61769_site784,1,1,4.029727403156385
P61769_site791,10,4,2.525858363412609
P61769_site7961,1,1,1.2102116929262292
P61769_site7963,19,4,1.6167789541225537
P61769_site8,39,12,3.826841574167508
P61769_site802,4,1,2.9282587369065074
P61769_site805,2,1,3.124804546547991
P61769_site8074,1,1,1.0874642676176185
P61769_site8233,2,1,2.8904061203631337
P61769_site8286,3,1,2.012348277028297
P61769_site8315,2,2,1.331871782095997
P61769_site8316,2,1,2.1949392837329715
P61769_site8330,9,4,1.6472250714737786
P61769_site8331,10,1,1.5169292778610517
P61769_site8402,6,3,1.7524950497240015
P61769_site8406,4,1,2.5874737091929845
P61769_site8510,6,3,1.399292026133527
P61769_site8511,4,3,0.9106199715029516
P61769_site8512,7,4,1.2082400594785871
P61769_site8514,2,1,1.04833819839197
P61769_site8515,12,6,1.7035015377321414
P61769_site8516,3,1,1.027779128255951
P61769_site8517,5,2,1.3954952670723462
P61769_site8518,6,3,1.1856216612597057
P61769_site8519,2,2,1.0638544731280817
P61769_site8523,3,1,0.7674421381995365
P61769_site8524,7,3,1.0374695393313489
P61769_site8525,3,2,1.7910163731850477
P61769_site8526,9,5,1.7620849193822916
P61769_site8528,6,3,1.949323990920754
P61769_site8529,5,3,2.531571225384405
P61769_site8531,2,1,1.2762236017094553
P61769_site8532,6,3,1.2105440436039772
P61769_site8534,4,2,1.7489588226084232
P61769_site8539,7,4,1.6287067983185488
P61769_site8550,4,3,1.3648697793977864
P61769_site8592,4,2,1.0274459417006443
P61769_site8619,10,7,1.1483634631939483
P61769_site8632,5,4,0.9630082498039304
P61769_site8679,3,3,1.1819735315762556
P61769_site8683,1,1,0.7013309726816692
P61769_site8684,6,4,2.036229811119444
P61769_site8686,3,3,1.1022497564096971
P61769_site8689,4,2,1.417170793590812
P61769_site8691,3,2,1.0780203961850765
P61769_site8692,4,3,1.7503076544425304
P61769_site8892,1,1,1.2516525786692096
P61769_site9,17,4,6.562090930501316
P61769_site9029,2,2,1.732827192565219
P61769_site9050,2,2,2.6855337313342145
P61769_site9063,1,1,0.5646411968950337
P61769_site9067,2,2,1.6918304323413813
P61769_site9068,2,2,0.7038492271517348
P61769_site9069,5,5,0.8697423111127829
P61769_site9070,1,1,0.9864647629799608
P61769_site9074,4,4,1.67454239514077
P61769_site9079,2,2,1.232076451408456
P61769_site9083,1,1,0.5205010482286884
P61769_site9119,1,1,0.6684795077386448
P61769_site9223,1,1,0.8308292032338268
P61769_site9337,2,1,3.171679359752162
P61769_site9463,1,1,0.8271341551361071
P61769_site9497,2,1,1.7827263543167555
P61769_site9498,2,1,1.2637811161462535
P61769_site9499,2,1,0.870351703129327
P61769_site9500,2,1,0.8049775108175814
P61769_site9501,2,1,1.1329940449220015
P61769_site9502,2,1,1.9485197489848656
P61769_site9503,2,1,1.1870645580015364
P61769_site9504,2,1,0.4155085632378018
P61769_site9506,2,1,1.3197997812399958
P61769_site9507,2,1,0.8602421840214421
P61769_site9508,2,1,1.0411084592803463
P61769_site952,4,1,6.914017036349836
P61769_site9524,1,1,1.0333811433422124
P61769_site9525,1,1,1.8095324207662733
P61769_site9526,1,1,1.4167854177132135
P61769_site9527,1,1,1.1651076622593275
P61769_site9528,1,1,1.3377961512616268
P61769_site953,2,1,1.854308301279184
P61769_site9530,1,1,1.3751402312737315
P61769_site9533,1,1,2.42522476485524
P61769_site9534,3,2,0.9946174267650736
P61769_site9535,1,1,0.8947091038243852
P61769_site954,2,1,1.240843308114217
P61769_site9547,3,1,2.057135145966149
P61769_site9700,5,2,2.6034246364782194
P61769_site9717,1,1,1.032056967422821
P61769_site9719,2,1,1.1514983255035118
P61769_site9727,1,1,1.473656272542908
P61769_site9739,1,1,0.9283569073605248
P61769_site976,1,1,0.8938513003787215
P61769_site9843,2,2,1.4179528812907325
P61769_site9844,3,3,2.23500009245812
P61769_site9845,1,1,1.1147244404734815
P61769_site9846,1,1,0.7744402161594712
P61769_site994,1,1,1.340300610615312
P61769_site9948,2,1,0.4886052757594054
P61769_site995,1,1,2.9802546868562008
P61769_site996,1,1,0.7041909247272156
P61769_site998,6,1,2.29033037483288
P61925_site1,61,35,1.989595691322494
P61925_site11,58,34,2.388407190829985
P61925_site12,32,23,3.380403445066876
P61925_site122,5,5,1.7624116833671133
P61925_site13,71,40,1.8630536806498237
P61925_site15,45,32,3.2763016012953665
P61925_site167,1,1,0.8586480095560811
P61925_site18,52,31,2.852449694143643
P61925_site2,64,39,3.044736461048364
P61925_site21,55,36,2.110131649501692
P61925_site22,12,10,1.4179812510336305
P61925_site25,22,16,2.3633841344275104
P61925_site26,63,39,2.5606936416184976
P61925_site264,5,2,3.0633123767031107
P61925_site269,4,3,0.8801044178483728
P61925_site27,13,10,0.9708197801960295
P61925_site28,45,28,8.493790553072028
P61925_site29,14,11,1.8345259523197293
P61925_site3,69,39,1.4921975938386158
P61925_site30,25,17,1.398620054151214
P61925_site31,62,37,2.825587342120392
P61925_site32,4,4,1.1059779860432186
P61925_site33,33,21,2.5026171565320583
P61925_site34,49,29,3.732738173511979
P61925_site35,23,16,1.789687844193366
P61925_site36,6,3,1.312826988995129
P61925_site37,10,10,1.7176073113955237
P61925_site38,18,15,3.980375305212952
P61925_site4,41,25,3.9183575090932994
P61925_site5,18,12,1.3233171859314994
P61925_site57,22,16,1.5743134054291283
P61925_site6,36,22,2.1662075986683904
P61925_site7,63,34,2.1509404640157213
P61964_site1,1,1,0.5131443526332814
P61964_site100,2,2,0.8371237816416152
P61964_site101,1,1,2.631868209965745
P61964_site103,6,6,4.620128371858875
P61964_site104,3,3,1.1697836806376438
P61964_site105,6,6,2.3113417547723185
P61964_site107,1,1,0.8974287945942019
P61964_site108,5,5,4.022174663618086
P61964_site11,78,58,2.3743020764169733
P61964_site111,15,14,2.775755385935595
P61964_site112,3,3,1.724550523329747
P61964_site113,1,1,1.216765953440692
P61964_site116,8,7,1.7364150322984395
P61964_site119,3,3,1.2623229772752225
P61964_site120,1,1,2.9632734421932168
P61964_site123,1,1,1.1219894388872194
P61964_site124,2,2,2.14540002855647
P61964_site125,3,3,3.035118299432635
P61964_site126,5,5,3.749344797297781
P61964_site127,3,3,1.3667909237684424
P61964_site128,2,2,2.265291837174241
P61964_site129,1,1,2.950734279802276
P61964_site132,1,1,0.8725887251826178
P61964_site134,1,1,0.4150940263356096
P61964_site135,1,1,1.443514438454828
P61964_site136,11,10,5.903247638294872
P61964_site138,1,1,1.1544652804184097
P61964_site139,5,5,3.0903594384377278
P61964_site140,2,2,1.9886305512432807
P61964_site141,1,1,0.9474179006425988
P61964_site142,2,2,1.0002156252077214
P61964_site144,2,2,0.7372366483094263
P61964_site145,3,3,1.1323447509253637
P61964_site146,1,1,0.9840572940993308
P61964_site147,3,3,1.0195618220513525
P61964_site148,16,14,2.908289887684549
P61964_site151,3,3,1.2979490734610262
P61964_site153,3,3,2.345951052659094
P61964_site154,3,3,1.1542679423041338
P61964_site155,2,2,1.4394815747919734
P61964_site158,2,2,1.9419344839924968
P61964_site160,2,2,1.4528350716956513
P61964_site161,31,22,2.689654974979102
P61964_site165,5,5,3.827506250785713
P61964_site17,4,4,2.556607204784017
P61964_site180,2,2,2.274710467516076
P61964_site2,1,1,0.9338867059434938
P61964_site200,22,19,4.284620821259453
P61964_site214,5,4,1.937310133616538
P61964_site22,58,47,4.295094641609755
P61964_site226,6,6,4.786717035328863
P61964_site239,12,11,4.715848158472324
P61964_site244,1,1,0.7501527941804947
P61964_site245,1,1,1.1464912397044975
P61964_site252,1,1,1.108092256328791
P61964_site253,1,1,0.9848993695147542
P61964_site256,1,1,1.102960555890928
P61964_site258,1,1,2.931646674843565
P61964_site259,1,1,0.9697415027507724
P61964_site260,1,1,0.9371005487536964
P61964_site261,1,1,1.0141839935056185
P61964_site262,1,1,0.8613734212905363
P61964_site263,1,1,0.4738469187680686
P61964_site266,1,1,1.980704092633938
P61964_site32,1,1,0.8378527665326947
P61964_site33,16,15,3.3403963783914725
P61964_site331,16,15,1.6327007014370267
P61964_site338,1,1,1.055812057935576
P61964_site346,4,4,3.2761522181730456
P61964_site347,1,1,1.0684997142477788
P61964_site348,6,6,1.5248331066275191
P61964_site350,20,17,5.237450147390324
P61964_site351,6,6,0.9918077513777216
P61964_site353,5,5,1.135466928147724
P61964_site354,3,3,1.2362433520980398
P61964_site355,6,6,1.648912422005121
P61964_site356,4,4,2.4758664888589665
P61964_site357,1,1,1.936342580571452
P61964_site358,2,2,3.264181388588296
P61964_site359,1,1,1.3319320818758007
P61964_site36,1,1,0.9265883436737284
P61964_site360,6,6,1.0028221261302974
P61964_site361,2,2,1.3510378401193257
P61964_site362,1,1,1.2385291858478291
P61964_site363,3,3,1.8755306129764
P61964_site364,3,3,0.9093053994078996
P61964_site365,5,4,2.898993077407174
P61964_site366,6,6,1.6356271060735534
P61964_site37,1,1,1.3540998211714883
P61964_site380,2,2,1.0476269480483569
P61964_site382,2,2,1.6632114385859926
P61964_site383,2,2,0.9920332313701836
P61964_site384,2,2,0.8098573561773027
P61964_site385,2,2,0.7726478067387159
P61964_site391,8,8,1.7150014432394542
P61964_site4,75,56,3.2822531029694813
P61964_site402,7,7,1.2235891086950836
P61964_site409,2,2,1.153956834532374
P61964_site41,81,63,6.016185652478044
P61964_site44,6,6,2.0976836140602133
P61964_site45,67,51,5.635221374854359
P61964_site452,5,5,1.778047291578991
P61964_site46,5,4,1.54675272259618
P61964_site461,1,1,0.9844494337021362
P61964_site476,4,4,1.6809121747096838
P61964_site480,8,7,1.512168194234265
P61964_site518,1,1,0.8474117810717653
P61964_site519,1,1,0.5698954621650535
P61964_site526,4,4,1.5089113557697948
P61964_site55,1,1,0.7945481321191356
P61964_site61,47,39,6.961394916232031
P61964_site612,1,1,0.9443330763299922
P61964_site63,81,59,7.584960479301259
P61964_site66,21,20,2.80809398110322
P61964_site69,1,1,2.118746925566343
P61964_site692,1,1,1.5082506987814193
P61964_site7,1,1,1.06597168127412
P61964_site70,13,12,2.7902397058476915
P61964_site733,2,2,3.616827838074173
P61964_site746,1,1,1.5743384181420033
P61964_site75,11,10,1.5098897999027538
P61964_site750,1,1,0.7932611049413771
P61964_site77,15,13,1.728071790425172
P61964_site79,1,1,0.8319283805660119
P61964_site81,12,10,2.076113264981269
P61964_site819,1,1,0.982476686395114
P61964_site82,1,1,2.437993755316385
P61964_site820,1,1,0.9935399575482924
P61964_site83,7,7,5.099536398255975
P61964_site84,11,11,28.965962636509783
P61964_site85,7,7,3.108888338034208
P61964_site86,5,5,1.4526895257843937
P61964_site88,3,3,1.289368910348323
P61964_site89,4,4,1.240485529986053
P61964_site9,78,61,6.164495815650294
P61964_site90,4,4,2.1420971270234794
P61964_site91,2,2,1.5290830829204904
P61964_site92,10,9,3.855962640891778
P61964_site94,39,33,3.729851236329654
P61964_site95,6,6,4.444794258602896
P61964_site96,7,7,1.4348834181937864
P61964_site98,3,3,2.967173976417133
P61964_site99,4,4,1.7461288664784786
P62136_site1,2,2,3.629896994977441
P62136_site10,7,3,1.4128660652324776
P62136_site101,1,1,1.0525710538334525
P62136_site102,1,1,1.640655950641338
P62136_site103,1,1,0.5250699437640095
P62136_site12,3,2,4.222911566250672
P62136_site13,3,2,1.4536160897292318
P62136_site14,1,1,0.7695204905673022
P62136_site148,1,1,1.3512039041512651
P62136_site15,1,1,1.618353418858797
P62136_site16,2,2,3.2106359162284024
P62136_site17,4,2,5.402549561339731
P62136_site18,2,2,1.2506953989432112
P62136_site19,5,3,4.24869678932179
P62136_site2,4,2,4.633654004275613
P62136_site20,8,4,8.379778532561604
P62136_site208,1,1,2.13626678280579
P62136_site21,3,2,3.811178648780829
P62136_site216,1,1,2.508339047909312
P62136_site218,1,1,1.919906172157084
P62136_site22,1,1,2.1743296792051217
P62136_site224,1,1,5.0803817100693545
P62136_site23,1,1,0.7572693091023031
P62136_site24,7,3,2.0119419465599777
P62136_site25,1,1,1.326567651873738
P62136_site254,1,1,1.420824597840782
P62136_site26,5,3,3.4812866167482213
P62136_site27,3,2,1.0700450574207374
P62136_site272,1,1,0.7398160801483197
P62136_site273,1,1,2.6859808429459533
P62136_site274,1,1,1.1187997602460868
P62136_site277,2,1,1.818278839623557
P62136_site278,1,1,1.5461700197673018
P62136_site28,6,2,1.816845427899636
P62136_site283,1,1,1.2066919123346649
P62136_site29,5,3,1.8841185250903685
P62136_site293,2,2,1.77973641977759
P62136_site297,1,1,2.355386611156364
P62136_site3,7,5,3.808757439572452
P62136_site30,3,2,1.2249559889607249
P62136_site31,2,1,1.233472248531919
P62136_site32,7,4,7.582494823640524
P62136_site33,3,2,1.3915570303100866
P62136_site333,1,1,0.7556864747215541
P62136_site336,1,1,1.8502654110605756
P62136_site338,1,1,1.2400935284729868
P62136_site34,6,4,2.4329253459997187
P62136_site348,1,1,4.884507245331987
P62136_site35,3,2,1.4323911414278845
P62136_site359,1,1,0.7532012565890189
P62136_site36,4,3,6.2318529335967705
P62136_site362,1,1,2.404505425692975
P62136_site37,3,2,1.6956150221237063
P62136_site375,1,1,3.215406285764592
P62136_site376,1,1,1.7965388120616557
P62136_site377,1,1,1.6320901097638063
P62136_site378,1,1,1.0336551400814356
P62136_site379,1,1,1.0331009769430968
P62136_site38,6,3,3.1072377881389173
P62136_site381,1,1,0.9511157348420204
P62136_site382,1,1,0.9626818082782882
P62136_site383,1,1,1.026357967640418
P62136_site384,1,1,1.2253250259353403
P62136_site385,1,1,1.0767140024247437
P62136_site386,1,1,0.9974784498316062
P62136_site387,1,1,0.8068890661914039
P62136_site389,1,1,1.5471190926050653
P62136_site39,3,2,2.720071385394778
P62136_site390,1,1,1.0799968575053247
P62136_site392,1,1,0.764588352399775
P62136_site393,1,1,0.9440888160189772
P62136_site394,1,1,0.4029499989733615
P62136_site396,1,1,1.0299341107946418
P62136_site398,1,1,1.212358815613504
P62136_site399,1,1,1.223435881698569
P62136_site4,1,1,1.037273904491519
P62136_site40,2,2,1.6678984414278533
P62136_site400,1,1,0.9786531278425402
P62136_site402,1,1,1.2224134370482551
P62136_site403,1,1,1.1988103467844282
P62136_site404,1,1,1.9284980435875576
P62136_site405,1,1,1.3638786712982622
P62136_site406,1,1,0.9409241775977014
P62136_site408,1,1,0.9336579739132164
P62136_site409,1,1,0.90306979985327
P62136_site41,2,2,1.7328847800480716
P62136_site410,1,1,1.706876299880384
P62136_site418,1,1,0.612781622735974
P62136_site42,4,2,2.2846753922163474
P62136_site43,3,2,0.95516183276323
P62136_site44,8,5,2.473607254318925
P62136_site45,5,4,1.7603027505270483
P62136_site46,2,2,1.4166161936556143
P62136_site47,2,2,1.8022770193259623
P62136_site48,4,4,2.5306996743494894
P62136_site5,3,2,7.956153469844153
P62136_site50,1,1,0.6714866817719577
P62136_site51,1,1,1.0221309299591714
P62136_site52,1,1,0.9234689521648248
P62136_site53,1,1,3.523811927961976
P62136_site54,1,1,0.88189220427851
P62136_site55,1,1,1.261449168358662
P62136_site56,1,1,0.2423710597225687
P62136_site58,1,1,1.7677251245654857
P62136_site59,2,2,1.292855447424638
P62136_site6,3,2,1.1931126973332038
P62136_site60,1,1,0.9629671758206044
P62136_site61,6,3,3.0349852291964017
P62136_site62,1,1,2.2239439795560454
P62136_site63,1,1,0.8742363752580343
P62136_site64,1,1,0.915354545951561
P62136_site66,1,1,2.201741020348319
P62136_site67,1,1,0.85032030488644
P62136_site68,1,1,2.3530149056575453
P62136_site69,2,2,1.2636741124128017
P62136_site7,2,1,2.3619135871612884
P62136_site70,1,1,1.0740508795832098
P62136_site71,1,1,0.7744606121424987
P62136_site72,1,1,1.7591116610815631
P62136_site73,1,1,0.96343359943744
P62136_site74,1,1,0.9483548995383316
P62136_site75,1,1,0.6455047207417832
P62136_site76,1,1,1.6689228022549127
P62136_site78,1,1,0.4507760957180674
P62136_site79,1,1,2.234326543862194
P62136_site8,3,2,1.1192704680728631
P62136_site80,1,1,2.0066446717255038
P62136_site82,1,1,2.123426869751347
P62136_site83,1,1,1.239080421721644
P62136_site84,1,1,0.8801059669484043
P62136_site85,1,1,1.455066129093033
P62136_site86,1,1,1.0155648732317095
P62136_site87,1,1,2.075766050991755
P62136_site88,1,1,1.028174617342385
P62136_site89,1,1,3.431100946044288
P62136_site9,5,2,7.075506476815368
P62136_site90,1,1,1.0691689634037018
P62136_site91,1,1,0.6709755848839893
P62136_site92,1,1,0.5774539273103195
P62136_site93,1,1,0.7784219129289208
P62136_site94,1,1,1.5076475692719409
P62136_site95,1,1,0.7093255486659922
P62136_site96,1,1,0.8790138226374262
P62136_site97,1,1,0.9080153207532036
P62136_site99,1,1,1.1280987241890792
P62508_site1,19,9,3.736530920060332
P62508_site10,15,9,1.28859967675639
P62508_site103,1,1,2.2334307001164704
P62508_site109,8,6,1.78961430804464
P62508_site11,18,9,2.277208099375023
P62508_site117,4,3,0.630196180514471
P62508_site12,17,8,2.6095935740298835
P62508_site120,3,3,1.0315605580161693
P62508_site123,1,1,0.8290631980028906
P62508_site138,10,7,1.2875671572444751
P62508_site14,6,5,2.106328266933278
P62508_site15,18,9,1.554885452386353
P62508_site158,4,4,1.491153675866901
P62508_site159,5,5,1.4974222163427442
P62508_site16,9,5,1.736414879920866
P62508_site160,2,2,0.9756994007599108
P62508_site161,15,8,1.5982192927872907
P62508_site166,5,4,1.4634087512780851
P62508_site168,1,1,0.8789142134470611
P62508_site17,9,5,1.1806422230628817
P62508_site2,18,9,1.7459083670419575
P62508_site3,18,9,1.3515333802813811
P62508_site4,8,6,4.075414566092774
P62508_site5,15,7,1.274506201982918
P62508_site6,7,4,1.1880942988996752
P62508_site7,15,8,4.796950246043269
P62508_site8,18,9,2.098056456052358
P62508_site9,11,6,1.5499961971402496
P62837_site25,1,1,3.205131178870192
P62837_site55,1,1,1.3135825832317112
P62837_site59,1,1,0.7734656745157553
P62837_site75,1,1,1.1739638511454726
P62937_site124,48,30,6.028898333294626
P62937_site125,7,6,3.621339029387404
P62937_site126,41,27,1.815837803247473
P62937_site127,5,5,2.2506318683008124
P62937_site128,15,10,2.0439862922838827
P62937_site129,3,3,3.825070624739499
P62937_site130,3,3,1.1957675859017844
P62937_site131,2,2,2.541238085262386
P62937_site134,4,3,1.3359726028016166
P62937_site135,3,3,1.614262803378595
P62937_site136,2,2,0.2177055289813907
P62937_site14,15,11,1.985991470739277
P62937_site15,25,16,2.6575602743618747
P62937_site2,12,7,1.825968531449016
P62937_site20,47,28,3.061547836684948
P62937_site24,37,24,1.8587922392656877
P62937_site265,43,26,3.243342648404115
P62937_site267,1,1,1.446631436647413
P62937_site268,2,1,1.1561676129461835
P62937_site271,7,7,2.0645953319187638
P62937_site280,1,1,1.01322652757079
P62937_site287,1,1,0.3088270209001655
P62937_site288,1,1,1.086990963085055
P62937_site30,9,7,4.285697203131687
P62937_site31,14,6,2.5021637850709184
P62937_site312,5,5,2.729178566210167
P62937_site32,9,8,5.127646759277004
P62937_site331,1,1,0.7330254648441111
P62937_site342,3,3,2.580278224317055
P62937_site367,5,4,1.777481100562588
P62937_site381,2,1,1.0667039444560935
P62937_site405,6,5,1.4427880992719229
P62937_site462,5,4,1.2480138924408293
P62937_site463,1,1,2.0259899987480026
P62937_site466,1,1,2.501545857681628
P62937_site467,1,1,2.4476546638107264
P62937_site473,1,1,3.369695826305529
P62937_site474,2,2,2.0166497949794584
P62937_site475,1,1,0.6727625656071123
P62937_site508,2,2,1.317755217207883
P62937_site510,2,2,0.6971143655744427
P62942_site10,21,15,2.8506545827680485
P62942_site100,3,3,2.1769025922689638
P62942_site103,1,1,1.4652577557375157
P62942_site11,22,19,1.5594097766823511
P62942_site13,19,13,2.317587042871921
P62942_site132,1,1,0.8802790854068594
P62942_site133,2,2,0.8823617492454036
P62942_site136,4,3,0.5732887590439403
P62942_site14,10,10,2.178070588532761
P62942_site178,2,2,1.0307688359679736
P62942_site21,23,18,1.416521544285585
P62942_site210,1,1,1.042324194604029
P62942_site218,3,2,3.3129159212880146
P62942_site228,4,3,5.053360272500033
P62942_site250,3,2,1.3766525507840932
P62942_site26,2,1,1.3783718020022246
P62942_site27,2,1,1.2601952314547125
P62942_site28,1,1,0.9757680324298972
P62942_site29,1,1,1.2822002697210282
P62942_site3,31,23,9.876876531862743
P62942_site30,2,1,1.2420006701442463
P62942_site31,1,1,1.410510297459309
P62942_site32,8,8,1.1935002505410033
P62942_site33,15,10,2.632273151967828
P62942_site34,6,4,3.440567212218748
P62942_site36,1,1,0.8275080959985803
P62942_site47,6,6,1.4490691227013612
P62942_site48,9,9,2.233612485442799
P62942_site5,7,7,1.4427007614025578
P62942_site61,1,1,1.1359222382517795
P62942_site78,4,3,1.7212985308293398
P62942_site9,1,1,1.4278721300431376
P62942_site96,1,1,0.3540737286598792
P62942_site97,7,6,1.5440340979819054
P62942_site98,4,4,1.4747929806495903
P62987_site22,2,2,1.047957943074036
P62987_site24,1,1,2.169841869501862
P62987_site31,3,1,2.386052584188727
P62987_site41,3,1,0.9692297248370746
P62987_site42,3,1,2.154602253622452
P62987_site78,1,1,1.5468407260539363
P62987_site90,1,1,0.7355785074710589
P62993_site1,9,4,4.368972418333888
P62993_site142,1,1,1.1879361788206737
P62993_site18,4,3,2.246200374311728
P62993_site19,1,1,1.6970745603623014
P62993_site20,6,4,3.904016160438165
P62993_site21,4,2,1.4297857508278191
P62993_site22,3,1,2.37206781643384
P62993_site23,2,2,3.904719229669177
P62993_site24,1,1,2.3814616648871723
P62993_site26,2,1,1.7031220109423422
P62993_site4,6,3,3.713382048205912
P62993_site42,4,3,1.4301274020523984
P62993_site5,1,1,1.566273824660447
P62993_site54,1,1,0.6140672049933326
P62993_site6,4,3,6.783543639297728
P62993_site65,4,2,1.322197833321532
P62993_site66,2,1,1.139205812774586
P62993_site7,3,2,2.271572515299994
P62993_site77,7,3,2.957870896947043
P62993_site78,2,1,2.1351306335975533
P62993_site79,3,2,1.4139707333925575
P62993_site8,3,1,1.6018826770749626
P62993_site80,2,1,0.7632812923124286
P62993_site84,1,1,1.0009373500098817
P62993_site9,2,1,2.6749742974049004
P63000_site123,4,4,2.9159457855782143
P63000_site124,15,15,1.4063177109613842
P63000_site126,1,1,0.802192650535438
P63000_site128,15,15,1.9553018926998145
P63000_site129,2,2,0.7361067294219297
P63000_site130,4,4,0.8880744671283388
P63000_site131,4,3,1.382817711107592
P63000_site132,7,7,1.8005477382189066
P63000_site137,12,12,1.128525087356001
P63000_site138,9,9,1.5653630520990016
P63000_site141,3,3,2.873778713538833
P63000_site143,11,11,2.816375345640136
P63000_site145,2,2,0.8444351918046052
P63000_site147,16,16,1.5995497530776122
P63000_site149,6,6,1.4817733805835724
P63000_site150,3,3,1.2749761620177007
P63000_site151,11,11,1.6109379798931185
P63000_site152,16,16,1.047305934393364
P63000_site153,3,3,0.4612284213698394
P63000_site189,7,7,1.3721262353683326
P63000_site217,1,1,1.7706665002398885
P63000_site220,1,1,0.7501347969362933
P63000_site226,10,10,1.478523284019981
P63000_site25,4,2,1.004333891870742
P63000_site252,7,6,1.3931602323197814
P63000_site254,8,8,2.817663218440143
P63000_site255,5,5,1.2250936980718616
P63000_site258,12,12,2.962208313027664
P63000_site26,2,2,1.9776674768782876
P63000_site260,6,6,2.7291774225659613
P63000_site261,3,3,1.1811366924638047
P63000_site263,1,1,0.7506720899378535
P63000_site264,1,1,0.951867943250999
P63000_site267,2,2,0.7599994361750112
P63000_site293,2,2,0.7796582650521495
P63000_site304,2,2,0.7882844380055536
P63000_site39,12,12,1.437391780714712
P63000_site44,6,6,0.9816007657651172
P63000_site52,2,2,1.0359311740890689
P63000_site55,4,3,1.523300217559981
P63104_site1,6,4,2.499639957455523
P63104_site10,2,2,1.0753499252712977
P63104_site101,1,1,1.0791422528288757
P63104_site102,4,4,1.7634194595491108
P63104_site104,8,7,3.5971547235308705
P63104_site105,12,9,4.842112016423942
P63104_site108,1,1,1.4771396103378878
P63104_site109,12,9,1.2357907282794924
P63104_site11,6,6,1.6100175322562018
P63104_site110,8,4,3.112075821430137
P63104_site111,4,4,3.344350095607493
P63104_site112,6,3,3.2342634851594325
P63104_site113,1,1,3.916557030174793
P63104_site115,1,1,1.0554939776841794
P63104_site116,1,1,0.7792007421823793
P63104_site117,1,1,0.2719621219772719
P63104_site118,3,3,1.0344252213840603
P63104_site119,1,1,1.3210023913205666
P63104_site12,9,6,3.4775760288727864
P63104_site120,1,1,0.7806154344856329
P63104_site125,1,1,0.3100767823024847
P63104_site127,1,1,1.1659077849037531
P63104_site13,11,6,7.405228172188993
P63104_site130,1,1,1.943588204984379
P63104_site132,1,1,0.9317954448010186
P63104_site133,1,1,0.9248328956791596
P63104_site134,3,3,1.9596620054396243
P63104_site135,1,1,1.4601590631351251
P63104_site137,1,1,0.7746231983371888
P63104_site138,1,1,1.3769702633537808
P63104_site139,3,3,1.0876637058458996
P63104_site14,5,4,2.137071539594241
P63104_site140,1,1,0.6508840897971259
P63104_site141,1,1,2.542955340970026
P63104_site145,1,1,1.3257980991363938
P63104_site146,1,1,2.766804572515893
P63104_site147,1,1,1.220676609151501
P63104_site149,1,1,0.4755497467843109
P63104_site15,1,1,1.0877184126457589
P63104_site150,2,2,4.069388420007447
P63104_site151,1,1,0.6605471426865828
P63104_site155,1,1,0.2596504744736974
P63104_site156,1,1,0.7907536234107231
P63104_site158,1,1,0.6193829336295976
P63104_site159,1,1,0.7750940781911795
P63104_site16,7,6,1.580195361590312
P63104_site160,3,3,1.5556833318165648
P63104_site162,1,1,1.7273358698705343
P63104_site163,1,1,2.6705312542189823
P63104_site164,1,1,0.3670425577001407
P63104_site165,6,3,1.7836456193470085
P63104_site166,3,2,2.0476931569021297
P63104_site167,8,7,4.9349130308973415
P63104_site168,3,3,0.9822708685894408
P63104_site169,3,3,1.4196177495956883
P63104_site17,7,4,1.5732575938559
P63104_site170,2,2,2.3049275939202256
P63104_site172,1,1,3.868110811008103
P63104_site173,3,3,1.4027111336808613
P63104_site174,10,8,1.7987819820473954
P63104_site175,2,2,1.355037624261841
P63104_site176,5,4,2.0307956816489674
P63104_site177,5,5,1.7149062388024048
P63104_site178,2,2,1.8802702093725008
P63104_site179,4,3,9.383324461793237
P63104_site18,4,3,2.344860200564898
P63104_site181,4,4,1.5434586371735597
P63104_site182,7,7,3.676788921448152
P63104_site183,10,8,1.9189956970380584
P63104_site186,4,4,1.291778915564023
P63104_site187,5,4,1.132473747175329
P63104_site189,7,6,2.103655760499083
P63104_site19,1,1,1.569419115529781
P63104_site190,3,3,0.9961023990665332
P63104_site192,2,2,1.314721785481459
P63104_site193,4,4,1.728207650394014
P63104_site194,4,4,2.2300682345346314
P63104_site198,3,2,1.9231082009506315
P63104_site199,1,1,1.3582896950826375
P63104_site2,10,7,5.490698914782684
P63104_site20,3,3,1.2728056068180469
P63104_site201,1,1,1.3219565603700794
P63104_site202,3,2,3.161377857368588
P63104_site204,3,3,1.494480670425692
P63104_site207,3,3,1.919587938632668
P63104_site208,3,2,2.043503871126085
P63104_site22,14,10,2.0034900284900283
P63104_site223,2,2,0.8376525758391672
P63104_site228,1,1,0.9987783875143074
P63104_site23,5,5,3.2572411635908667
P63104_site24,8,4,5.453575053160642
P63104_site25,6,5,4.095286573594136
P63104_site251,2,2,2.3140437316845395
P63104_site26,8,5,4.077921885641526
P63104_site266,3,3,2.1947281990820664
P63104_site267,2,2,0.9365353636608302
P63104_site27,4,3,2.6009636734134878
P63104_site28,6,3,1.4704351436959209
P63104_site29,6,5,6.180173633190154
P63104_site3,9,5,2.6404120679544523
P63104_site30,3,2,2.378598921273201
P63104_site300,2,2,1.0098346052916678
P63104_site31,3,3,1.4928397328156688
P63104_site32,9,7,7.307922804921523
P63104_site34,3,2,1.2062344908248903
P63104_site341,1,1,0.5785765934943555
P63104_site36,12,8,2.837811025595816
P63104_site37,12,8,2.508729516205578
P63104_site378,1,1,0.5179718086499727
P63104_site379,1,1,1.241540573489187
P63104_site38,8,7,3.830733792726492
P63104_site380,3,2,1.699796528527531
P63104_site4,16,9,1.5696843782906909
P63104_site40,9,6,3.601672992443017
P63104_site41,10,9,3.665825279159238
P63104_site418,2,2,0.857988076542122
P63104_site42,8,4,2.3527323443641435
P63104_site423,1,1,2.10913848076862
P63104_site43,5,2,5.617997021357501
P63104_site430,2,2,0.7284930187215363
P63104_site431,2,2,1.2535687294053628
P63104_site437,3,2,0.6326064264958953
P63104_site438,2,2,1.547538518014277
P63104_site439,2,2,0.8798983583395719
P63104_site44,10,6,2.4799993897601755
P63104_site45,7,6,1.4324323536952013
P63104_site46,3,3,1.414275647832948
P63104_site47,3,2,2.5261199532620164
P63104_site48,6,4,1.7083948679057843
P63104_site49,10,8,1.9583628520600136
P63104_site5,8,5,6.903346054850448
P63104_site50,10,9,2.279575671334608
P63104_site51,4,3,1.4854099365254692
P63104_site52,5,4,2.113516876216136
P63104_site53,7,7,2.910984055246574
P63104_site54,4,3,1.0460559911767815
P63104_site55,1,1,0.9232833207504368
P63104_site56,5,5,2.424558223833258
P63104_site57,5,4,4.0652244460407
P63104_site58,3,3,1.768429352396972
P63104_site59,7,6,1.7161147601192357
P63104_site6,15,8,3.739683354919387
P63104_site60,10,7,5.217643485732911
P63104_site62,3,3,4.356351539690129
P63104_site64,7,7,2.173644159778629
P63104_site7,18,12,4.615552451178063
P63104_site70,6,6,2.469726642998656
P63104_site74,10,8,2.6886815604637384
P63104_site75,9,4,1.7405603796709173
P63104_site77,6,6,1.289881803997029
P63104_site8,4,3,1.164361269324654
P63104_site9,11,8,1.9790617237096328
P63104_site94,1,1,1.947811205894264
P63104_site95,5,5,4.539177672498213
P63165_site1,1,1,0.7865988836770524
P63165_site10,1,1,1.0932571439845518
P63165_site11,1,1,0.8943873855593466
P63165_site12,1,1,0.8829233871620332
P63165_site13,1,1,0.6205793545710415
P63165_site15,1,1,1.0617985498108449
P63165_site153,1,1,0.970922738165174
P63165_site16,1,1,5.696659509252734
P63165_site17,1,1,3.1334671291516343
P63165_site18,1,1,0.6678928380314513
P63165_site185,1,1,0.9233380229746896
P63165_site2,1,1,0.9519550703520868
P63165_site217,1,1,3.243852753091562
P63165_site240,1,1,0.7881852224550059
P63165_site26,1,1,1.1345225311817138
P63165_site33,1,1,1.059092798699949
P63165_site4,1,1,0.5050392212056917
P63165_site5,1,1,0.4031872904319422
P63165_site6,1,1,0.5648613047100521
P63165_site662,1,1,0.4180101597820337
P63165_site7,1,1,1.7178887954662652
P63165_site80,1,1,1.2022929060957306
P63279_site11,4,3,2.6901291064414314
P63279_site13,3,3,1.4941341002984838
P63279_site156,1,1,0.7104230993908036
P63279_site158,2,2,0.8018237268394354
P63279_site17,1,1,1.3231362740818515
P63279_site2,2,2,1.0695740106757858
P63279_site29,2,2,1.1010963967102196
P63279_site32,3,2,2.1012635639489408
P63279_site37,4,3,2.9337114008091567
P63279_site52,2,2,0.922033683588224
P63279_site53,4,3,2.8685734041976247
P63279_site67,3,2,0.988917089678511
P63279_site7,1,1,1.68621161064409
P63279_site82,1,1,1.305985900420485
P63279_site86,2,2,1.4695661046654702
P63279_site89,1,1,0.5883995100024298
P68400_site1,91,54,12.222924438447496
P68400_site10,127,62,3.810035963900387
P68400_site102,6,6,8.205614754281775
P68400_site103,34,24,2.0016788583763043
P68400_site104,1,1,1.397998203887714
P68400_site105,30,20,4.764012839071055
P68400_site106,95,53,3.231619306537721
P68400_site107,11,8,1.877127143647896
P68400_site108,86,52,1.5500296657966264
P68400_site109,8,8,1.8252089060224077
P68400_site11,157,87,5.281976385040329
P68400_site110,68,42,3.3694353662828704
P68400_site111,50,33,2.863579329605708
P68400_site12,77,39,4.91290842540045
P68400_site13,36,26,1.7639074207123064
P68400_site14,126,70,2.83144027093037
P68400_site15,45,37,3.3606377989682668
P68400_site16,40,29,2.685638639433403
P68400_site17,105,61,3.268127486284196
P68400_site18,143,86,7.2046121085382016
P68400_site19,91,48,16.78720313044826
P68400_site198,10,9,2.289683573775114
P68400_site199,10,9,1.0985907140937856
P68400_site2,221,108,5.589544591252545
P68400_site20,202,104,7.689340498985657
P68400_site201,5,5,1.0084998361018152
P68400_site202,9,8,2.313204404244332
P68400_site204,7,7,4.3143830991350205
P68400_site205,7,7,3.033339271751932
P68400_site206,8,7,3.5859667263052724
P68400_site207,9,8,2.38838537005014
P68400_site208,8,7,2.393082614185389
P68400_site209,9,8,1.4402188822699482
P68400_site21,28,16,5.469645682328268
P68400_site210,7,7,1.7093346518396897
P68400_site212,10,9,4.693124130410258
P68400_site213,5,5,0.8823123509987709
P68400_site215,10,9,2.542017985773396
P68400_site216,6,6,2.8721481072354167
P68400_site217,5,5,1.3231567277969267
P68400_site218,10,9,2.21689988601077
P68400_site219,10,9,1.5100615977176828
P68400_site22,191,100,11.84953675906853
P68400_site221,6,6,1.1301027685816076
P68400_site223,2,2,0.7686562724770295
P68400_site225,27,23,1.0056440540144234
P68400_site226,46,27,4.204548101203756
P68400_site227,3,3,4.174127901988709
P68400_site229,3,3,1.4634963868257334
P68400_site23,74,53,5.5288044334340505
P68400_site230,5,5,2.415143648122408
P68400_site231,4,4,1.1610699662848432
P68400_site24,29,16,1.4307406952188342
P68400_site25,57,38,2.2459060891810694
P68400_site26,4,4,1.4740432300001975
P68400_site27,78,51,4.410584478568392
P68400_site28,13,11,3.9497449989520494
P68400_site29,55,35,2.2641456165004965
P68400_site3,172,92,13.43551557670267
P68400_site30,7,7,2.680885276317533
P68400_site31,80,49,4.1508931911045455
P68400_site32,96,61,3.105494287043856
P68400_site33,66,46,2.7948056768345686
P68400_site34,44,22,2.313484301784519
P68400_site35,4,4,1.250705652457118
P68400_site37,162,79,6.504813955705253
P68400_site379,6,6,1.003860525878555
P68400_site381,13,12,1.91576972001286
P68400_site39,7,6,2.765404287345317
P68400_site4,30,23,8.1915033490449
P68400_site40,39,22,3.847214278016795
P68400_site41,132,81,2.404260801934087
P68400_site42,40,28,3.4043462352664458
P68400_site43,88,56,7.050197875442615
P68400_site44,47,28,1.863002461033634
P68400_site45,37,31,5.374212920988497
P68400_site46,38,26,1.962411320400566
P68400_site47,49,32,2.53475150865584
P68400_site48,120,66,8.061787610430398
P68400_site49,2,2,0.9504773342067276
P68400_site5,187,91,4.085405247049209
P68400_site500,16,7,2.7182323800261377
P68400_site51,9,9,1.1342714923385788
P68400_site52,39,23,2.9100475807482127
P68400_site521,1,1,1.1769777969389954
P68400_site53,141,79,6.411041938636944
P68400_site539,2,2,0.8574922794697352
P68400_site54,44,23,2.8909663989606704
P68400_site55,30,21,3.330357787348716
P68400_site557,8,8,1.4185579265485169
P68400_site56,34,25,11.09288318156588
P68400_site57,2,2,0.8082802847396147
P68400_site58,3,3,2.2372460175311657
P68400_site59,1,1,3.503731911113628
P68400_site6,223,109,3.413362153026068
P68400_site60,2,2,0.905463685181922
P68400_site61,1,1,0.8124358501800448
P68400_site613,8,6,2.613979829562872
P68400_site614,31,16,2.441652544848945
P68400_site615,24,14,1.297456302908721
P68400_site62,5,5,1.2495921766975375
P68400_site63,2,2,1.756318977632998
P68400_site64,1,1,1.5318598835302126
P68400_site65,2,2,0.5909962709156862
P68400_site650,12,8,2.8059219123826376
P68400_site651,12,8,2.2230199035504143
P68400_site652,10,8,1.671874928363478
P68400_site653,10,7,1.0219066344466916
P68400_site656,2,2,1.024246784433059
P68400_site657,9,6,2.496454990873283
P68400_site658,12,8,1.756084398266765
P68400_site659,9,6,1.1176032012038717
P68400_site660,11,8,4.6604509191516055
P68400_site661,11,8,1.639612989830556
P68400_site662,4,3,1.811326146846672
P68400_site664,7,6,2.986297453311887
P68400_site67,2,2,0.883394148345575
P68400_site670,6,5,3.921751564017742
P68400_site69,2,2,0.9174903921313184
P68400_site692,39,26,2.331253902513075
P68400_site7,50,35,2.569093037607086
P68400_site70,2,2,1.2142845107444145
P68400_site700,5,5,1.6683005126551185
P68400_site701,5,5,1.6703331259935033
P68400_site703,3,3,1.872714053792801
P68400_site704,2,2,2.213055018985438
P68400_site71,2,2,0.796482573226271
P68400_site716,9,8,1.0574652421544584
P68400_site723,1,1,1.5861787280701756
P68400_site726,1,1,1.4615991942154622
P68400_site728,3,3,1.3794697864257108
P68400_site73,2,2,0.7250401116149285
P68400_site74,1,1,0.7417397448152612
P68400_site75,16,9,3.421440828316319
P68400_site765,11,10,3.3011311341770826
P68400_site766,14,11,1.4648850324188327
P68400_site768,5,5,1.5760878187218517
P68400_site769,29,18,1.9143804793055763
P68400_site77,1,1,1.701357574915202
P68400_site78,1,1,1.3847741604862702
P68400_site79,2,2,2.8227147991646024
P68400_site8,100,62,2.067469156767868
P68400_site80,1,1,0.5668613262860881
P68400_site81,2,2,0.8934280421527855
P68400_site82,2,2,2.0329257919311914
P68400_site83,1,1,0.7469640708491286
P68400_site84,1,1,0.6343791381840307
P68400_site848,5,4,0.8917405632807784
P68400_site85,1,1,2.45056081842513
P68400_site853,6,5,1.3349422683703644
P68400_site855,1,1,0.7542036242824862
P68400_site867,3,2,0.7629093724533664
P68400_site87,3,3,1.0587885622372
P68400_site9,166,86,5.745156657431552
P68400_site920,4,4,2.078057153827477
P68400_site934,3,3,1.6425275473410827
P68431_site1070,1,1,0.628126224781625
P68431_site1075,1,1,1.4101059558971123
P68431_site1076,1,1,0.97434871676462
P68431_site1078,1,1,1.15828694698506
P68431_site1081,1,1,1.16217495891067
P68431_site1084,1,1,1.055606103305286
P68431_site1087,1,1,0.4491521497405485
P68431_site1314,2,2,1.7961926021300718
P68431_site1331,2,2,1.3396546175044757
P68431_site1332,2,2,0.6688487937510953
P68431_site1333,2,2,1.206791111353251
P68431_site1339,2,2,1.704667132216015
P68431_site1347,2,2,1.2010372364120625
P68431_site149,1,1,1.6582397283836134
P68431_site1773,1,1,2.299950466582023
P68431_site2801,3,2,1.0054310234405022
P68431_site2802,3,2,0.9086398738859848
P68431_site2803,3,2,1.0625449673031269
P68431_site2804,3,2,1.0264661446550043
P68431_site2806,3,2,1.5112849360816842
P68431_site2807,3,2,0.4799820164229995
P68431_site2808,3,2,0.9988203617812538
P68431_site2809,3,2,0.7019829494719247
P68431_site2810,3,2,0.9706507924722776
P68431_site2811,3,2,1.0486701490391528
P68431_site2812,3,2,0.9259735778657606
P68431_site2813,3,2,0.8969190871897815
P68431_site2814,3,2,0.7999042762126388
P68431_site2816,3,2,0.9718342842544494
P68431_site2817,3,2,1.0187794961630476
P68431_site2818,3,2,0.8928048280307025
P68431_site2819,3,2,1.3826844714142073
P68431_site2821,3,2,1.1953773060563848
P68431_site2822,3,2,0.9420817712213172
P68431_site2823,3,2,0.614778963026165
P68431_site2824,3,2,0.7506191710448863
P68431_site2825,3,2,1.0887823441154036
P68431_site2826,3,2,1.5795555519976945
P68431_site2827,3,2,1.5369837975743958
P68431_site2829,3,2,0.6630688285370192
P68431_site2830,3,2,1.4425429416959077
P68431_site2831,3,2,0.914163183370556
P68431_site2832,3,2,0.6446700953116496
P68431_site2833,3,2,1.984657113037392
P68431_site2834,3,2,1.1380745140706323
P68431_site2835,3,2,1.3477857302616865
P68431_site2836,3,2,4.2362750406063885
P68431_site2838,3,2,1.0069897851180667
P68431_site2839,3,2,0.5985534583338539
P68431_site2840,3,2,1.4422608130383303
P68431_site2841,3,2,0.8939223141857471
P68431_site2843,3,2,1.8960302284795636
P68431_site2845,3,2,1.0660245382190616
P68431_site2846,3,2,1.2554227339144453
P68431_site2847,3,2,0.987872562799582
P68431_site2848,3,2,1.367448058164506
P68431_site2849,3,2,1.3298544252588795
P68431_site2850,3,2,1.184682914576936
P68431_site2851,3,2,2.836272583136215
P68431_site2852,3,2,0.6009817089410544
P68431_site2853,3,2,0.9807513267102176
P68431_site2856,3,2,1.111153706128137
P68431_site2857,3,2,1.0507354933711008
P68431_site2858,3,2,1.4872690219079692
P68431_site2859,3,2,1.7261966204005916
P68431_site2860,3,2,1.4827410930003062
P68431_site2862,3,2,0.8583290618900568
P68431_site2863,3,2,0.7052664567610264
P68431_site2866,3,2,1.1571869039595015
P68431_site2868,3,2,0.9708377770682896
P68431_site2869,3,2,1.0860855058530792
P68431_site2871,3,2,1.314008260681421
P68431_site2872,3,2,0.6504787021297871
P68431_site2875,3,2,0.9563699854555512
P68431_site2876,3,2,0.7246338228007054
P68431_site2878,3,2,0.8172850262142433
P68431_site2880,3,2,1.1301950616489471
P68431_site2882,3,2,1.8365512031406737
P68431_site2883,3,2,0.5776972218189164
P68431_site2884,3,2,1.2896095850873612
P68431_site2885,3,2,0.8094419031983798
P68431_site2886,3,2,0.7600418496441403
P68431_site2887,3,2,1.4051501289823467
P68431_site2888,3,2,0.6624564444741745
P68431_site2890,3,2,1.512973571704232
P68431_site2891,3,2,1.1919299388412403
P68431_site2894,3,2,0.9081022205693284
P68431_site2895,3,2,0.6942072219123689
P68431_site2896,3,2,0.3088682440884946
P68431_site2897,3,2,1.0037787846812738
P68431_site2898,3,2,1.0568404561585245
P68431_site2899,3,2,0.4300220670412791
P68431_site2900,3,2,0.4695976172335731
P68431_site2901,3,2,1.9702970297029705
P68431_site2902,3,2,2.9393380556284305
P68431_site2904,3,2,0.5877667916808728
P68431_site2905,3,2,0.3633225095722207
P68431_site2906,3,2,0.7092329253706098
P68431_site2907,3,2,0.8919582943737628
P68431_site2910,3,2,0.7942846408701401
P68431_site2912,3,2,1.1477170006050037
P68431_site2913,3,2,0.9332122637364476
P68431_site2914,3,2,1.5293813686604414
P68431_site2915,3,2,0.8352711641123971
P68431_site2916,3,2,0.6302482568771502
P68431_site831,2,2,0.74121694273268
P68431_site832,1,1,0.7808472485731233
P68431_site835,2,2,1.6382713944147942
P68431_site836,2,2,1.081929659837781
P68431_site837,2,2,1.6382391937104444
P68431_site839,1,1,0.4527390224623136
P68431_site840,1,1,0.7207737724814158
P68431_site846,2,2,1.1115633862590688
P68431_site847,2,2,1.041406007410934
P68431_site849,2,2,0.9968083412631118
P68431_site850,2,2,1.5630663992283318
P68431_site852,1,1,1.487503243613031
P68431_site854,2,2,1.0277622616836188
P68431_site856,1,1,1.2594213676121675
P68431_site859,1,1,0.3513015304767618
P68431_site862,2,2,1.0552986366884725
P68431_site863,2,2,0.9029159107142596
P68431_site864,1,1,0.8011947935813999
P68431_site865,2,2,1.5111762337441317
P68431_site867,1,1,0.5262318166656534
P68431_site868,2,2,0.9188825144004088
P68431_site869,2,2,1.5862884258474663
P68431_site870,2,2,1.337272044259272
P68431_site871,2,2,0.7673267915147667
P68431_site872,2,2,2.718318862814835
P80188_site10,16,9,1.117097055331764
P80188_site11,2,1,0.9954226255371
P80188_site121,13,6,4.707793084640213
P80188_site16,7,6,1.578422789140462
P80188_site17,3,2,2.0839637261091664
P80188_site19,19,8,5.794653566676901
P80188_site2,21,10,1.0393442305144764
P80188_site20,20,10,5.178338880046303
P80188_site215,5,3,0.7470200226623873
P80188_site22,14,8,3.030188936491539
P80188_site23,23,9,3.428756790557705
P80188_site24,20,10,1.2483649704897113
P80188_site26,10,5,2.3431987213638785
P80188_site260,4,2,2.27950186989697
P80188_site283,2,2,0.8091514749041365
P80188_site284,3,3,0.7103769570183887
P80188_site285,2,2,1.6391559628156402
P80188_site286,1,1,2.360348587131848
P80188_site3,21,10,1.246834164268513
P80188_site30,28,13,3.436696791731329
P80188_site31,10,5,4.197959347138958
P80188_site315,1,1,2.1958525894734526
P80188_site316,1,1,0.7178736672071925
P80188_site317,1,1,0.5748410966289008
P80188_site319,1,1,1.603994519343631
P80188_site32,16,8,1.6134262443610623
P80188_site320,1,1,0.9326844536326904
P80188_site321,2,2,1.0149571641378563
P80188_site328,1,1,1.2149648803923896
P80188_site36,12,6,2.5377216438640677
P80188_site369,3,3,1.1680428331828152
P80188_site37,8,3,0.5587146173315707
P80188_site38,13,7,2.249875618250461
P80188_site39,8,5,0.7922587934058398
P80188_site41,5,5,2.6954403368923066
P80188_site42,4,2,1.037849942584128
P80188_site45,3,3,0.717258498643608
P80188_site47,16,8,2.1869703655837656
P80188_site5,31,13,1.8376654230606788
P80188_site52,7,5,2.222205075975021
P80188_site53,19,9,3.8684000846581927
P80188_site55,28,13,1.9478468434148992
P80188_site6,26,10,1.492838515105963
P80188_site62,2,2,0.6373434841197242
P80188_site64,2,2,0.8160233029183496
P80188_site65,4,1,1.0098927561111648
P80188_site69,2,2,3.032416069789891
P80188_site7,23,10,1.552353426195572
P80188_site70,3,3,1.3087123638693146
P80188_site71,3,2,1.5945917397274745
P80188_site73,11,7,1.3217975857269704
P80188_site74,6,5,1.2588848358520062
P80188_site75,8,5,1.7665008028414346
P80188_site76,3,3,0.5264915027255409
P80188_site8,7,4,2.155635271170101
P80188_site9,24,10,3.0830526259916624
P80188_site95,10,4,1.007194691422594
P80188_site97,13,6,3.009784622204865
P98170_site269,2,2,1.270103107694477
P98170_site270,2,2,0.961812181998472
P98170_site271,1,1,0.5262418776947836
P98170_site273,1,1,1.210005110042114
P98170_site275,2,2,3.6918118014036914
P98170_site277,2,2,1.7253049178189408
P98170_site278,1,1,2.4801822237105653
P98170_site281,1,1,0.9519637604794188
Q00987_site103,1,1,1.0016023421890763
Q00987_site11,2,2,1.504294627817934
Q00987_site12,25,23,3.120783869270312
Q00987_site13,4,3,2.228056783208783
Q00987_site139,1,1,0.8342400283694803
Q00987_site14,4,4,1.925281252967942
Q00987_site141,2,2,5.520513419770857
Q00987_site145,1,1,1.1243433893159205
Q00987_site15,7,6,3.621676171499244
Q00987_site165,13,12,1.9691296757615584
Q00987_site17,2,2,2.1082054046452763
Q00987_site170,4,3,2.5109807292945985
Q00987_site171,8,8,1.4068823888875834
Q00987_site175,3,3,1.5436770049018276
Q00987_site178,6,4,2.4128205674249723
Q00987_site179,1,1,0.5128036663670479
Q00987_site182,1,1,1.029473145921442
Q00987_site19,18,17,2.31092545975134
Q00987_site2,39,33,2.6066465724484598
Q00987_site20,6,5,2.9732604408555723
Q00987_site21,6,6,3.661895139213793
Q00987_site211,5,5,1.287042111398175
Q00987_site22,9,9,2.720834327843636
Q00987_site23,1,1,1.3102998214615529
Q00987_site24,33,27,3.586540409155358
Q00987_site25,16,13,1.6829807422359475
Q00987_site26,42,37,2.456230120315309
Q00987_site282,1,1,1.6187002299208595
Q00987_site29,1,1,2.51179714153988
Q00987_site34,21,19,3.8080353533992617
Q00987_site380,2,2,0.6025203695762348
Q00987_site393,4,4,2.559635469742408
Q00987_site40,5,5,1.1017552721303194
Q00987_site443,2,2,2.202650235289781
Q00987_site458,1,1,1.519455851288551
Q00987_site468,1,1,0.2739910853330645
Q00987_site60,5,5,1.1528697940188897
Q00987_site613,2,2,0.8561622103975939
Q00987_site619,3,3,1.2872244468383949
Q00987_site62,2,2,0.7856594804083858
Q00987_site632,1,1,1.191373705831915
Q00987_site633,1,1,1.1937749382575027
Q00987_site638,1,1,2.110956543086121
Q00987_site651,1,1,1.0876482561385126
Q00987_site66,2,2,1.0346124701183543
Q00987_site67,1,1,0.508387554950963
Q00987_site697,1,1,0.4761668091702082
Q00987_site7,48,37,4.321678359388059
Q00987_site701,1,1,3.267249890645504
Q00987_site716,1,1,0.687021176083965
Q00987_site76,4,3,1.684767135471109
Q00987_site77,1,1,1.3237887594141189
Q00987_site80,10,10,6.424218261750318
Q00987_site81,14,13,1.0899784741845788
Q00987_site82,24,20,4.830701300347535
Q00987_site83,1,1,1.1282574251473867
Q00987_site84,10,10,2.011346843366811
Q00987_site99,1,1,0.664814437885881
Q03111_site1,13,11,2.1042653877913997
Q03111_site10,7,6,0.6545401369233432
Q03111_site11,11,9,1.2989598360033408
Q03111_site12,6,6,3.3795939191643174
Q03111_site14,9,9,1.2850849041465693
Q03111_site2,12,11,1.826401213717296
Q03111_site3,13,11,1.58471477383296
Q03111_site4,9,8,1.2415200604999204
Q03111_site5,13,11,1.6287970797327591
Q03111_site7,2,2,1.3419210671733672
Q03111_site8,2,2,0.8989461695135875
Q03181_site1,1,1,1.5295841688181069
Q03181_site10,12,8,1.5334076213070689
Q03181_site11,4,4,1.5502742937612677
Q03181_site14,5,5,1.3824496306719356
Q03181_site15,5,5,1.7771739391349852
Q03181_site17,4,4,3.6277510083942
Q03181_site18,13,8,1.077182517900489
Q03181_site2,4,4,1.6035155887466517
Q03181_site22,12,8,1.4559150331805852
Q03181_site23,5,5,0.9990003038848986
Q03181_site25,5,5,1.1522716734043512
Q03181_site26,4,4,1.027401704137152
Q03181_site27,4,4,1.1101841827817756
Q03181_site28,5,5,1.5239156783991257
Q03181_site3,8,6,0.5138177787496512
Q03181_site30,4,4,1.3633773222094718
Q03181_site31,5,5,1.0467361887922637
Q03181_site32,6,5,0.4772793988682625
Q03181_site34,11,7,1.5808609110206353
Q03181_site35,12,7,4.193335863789176
Q03181_site37,5,5,1.8437906813986968
Q03181_site38,4,4,1.745887909655348
Q03181_site39,2,2,1.3346554657263
Q03181_site4,3,3,1.8973802471657644
Q03181_site40,11,7,1.1609768702575685
Q03181_site42,3,3,1.7223512122325455
Q03181_site44,3,3,2.5872737220200293
Q03181_site45,12,7,1.2839171605241586
Q03181_site5,4,4,1.4659022016798886
Q03181_site6,5,5,1.2832668603773307
Q03181_site63,9,6,1.5092037263557985
Q03181_site72,8,5,1.409211061930943
Q03181_site76,2,2,6.668826362386689
Q03181_site77,5,4,1.2798401465580878
Q03181_site80,9,6,1.1735871175851662
Q03181_site82,1,1,2.094917829230882
Q03181_site83,2,2,1.355290736481402
Q03181_site84,2,2,0.8716370292008799
Q03181_site85,1,1,0.8229761514697621
Q03181_site9,3,3,0.9419089626081768
Q05315_site1,11,3,2.168127667707205
Q05315_site10,5,1,2.952078813634878
Q05315_site14,2,1,1.0124938134498618
Q05315_site147,1,1,1.2186953134906977
Q05315_site16,1,1,1.1691429986475417
Q05315_site19,1,1,2.6034869695891167
Q05315_site2,11,4,1.5723719117491004
Q05315_site23,2,2,1.5518390439300065
Q05315_site28,1,1,0.8842859310074335
Q05315_site3,8,2,2.4143334763116298
Q05315_site4,6,3,1.6151459633687326
Q05315_site44,1,1,0.5916768130873216
Q05315_site5,2,2,1.056102722088672
Q05315_site6,9,3,1.7754977362311806
Q05315_site7,1,1,1.1926855343570324
Q05315_site8,4,2,1.342931985395705
Q05315_site9,3,1,1.2146645261638984
Q06124_site1,33,29,1.7218801013228258
Q06124_site10,9,9,0.684781656229558
Q06124_site101,6,6,1.101716679472471
Q06124_site102,1,1,0.6234069330004444
Q06124_site103,2,2,2.349495556373137
Q06124_site104,4,4,1.2323345911321022
Q06124_site105,30,27,2.01960727244504
Q06124_site107,4,4,1.6129811199969877
Q06124_site108,7,7,2.518457297524045
Q06124_site11,27,26,11.514180841016852
Q06124_site111,4,4,1.8139174182785047
Q06124_site112,2,2,1.2202290116505468
Q06124_site114,2,2,0.6700917262782307
Q06124_site116,3,3,1.2955676925190305
Q06124_site118,3,3,1.168001576731469
Q06124_site120,1,1,2.784834254469178
Q06124_site121,4,4,0.848304361766693
Q06124_site13,9,9,3.477050603728876
Q06124_site14,27,25,2.355981383256537
Q06124_site160,1,1,0.6121284633791654
Q06124_site161,7,7,1.846206971341815
Q06124_site162,1,1,1.4297752293297268
Q06124_site189,13,13,3.9787938889607504
Q06124_site190,1,1,1.9060255488836848
Q06124_site191,3,3,1.0370507894481933
Q06124_site193,2,2,7.329160174090591
Q06124_site194,4,4,1.3687133852637388
Q06124_site195,2,2,1.191409952606635
Q06124_site197,3,3,1.0764710355090643
Q06124_site199,2,2,0.968908930894024
Q06124_site2,19,18,2.1372741030891125
Q06124_site20,3,3,2.157157246648905
Q06124_site200,12,11,2.564375887175557
Q06124_site201,6,6,4.634899506263747
Q06124_site202,2,2,1.3590061746256723
Q06124_site203,13,12,2.4066909588907093
Q06124_site205,3,3,1.3684535409290794
Q06124_site206,4,4,0.7209219432396332
Q06124_site207,3,3,1.7984701136534822
Q06124_site208,2,2,1.8597142989073168
Q06124_site209,25,24,4.608866210329808
Q06124_site210,8,8,3.0884765634645874
Q06124_site212,1,1,0.7666120869787074
Q06124_site215,2,2,0.9876857865342284
Q06124_site216,3,3,1.5930566431741058
Q06124_site217,2,2,0.6512175117727106
Q06124_site218,1,1,1.9852429393655469
Q06124_site220,5,5,4.8862031672142745
Q06124_site222,1,1,4.369658267971588
Q06124_site223,10,9,2.386953713508926
Q06124_site224,10,10,2.475450540289798
Q06124_site227,1,1,2.867293614971358
Q06124_site229,3,3,1.429142441860465
Q06124_site230,4,4,1.6728819058691071
Q06124_site232,1,1,0.6660234017397935
Q06124_site233,2,2,1.8501344379495563
Q06124_site235,2,2,1.7729116539658984
Q06124_site236,2,2,1.894746986938435
Q06124_site238,3,3,1.95067030721354
Q06124_site24,14,14,1.486923321078922
Q06124_site241,1,1,0.5988257923286171
Q06124_site242,2,2,2.2718307949775145
Q06124_site243,1,1,1.935835670391307
Q06124_site244,3,3,3.819308849175002
Q06124_site245,6,6,3.863037490570341
Q06124_site246,6,6,2.362631401817354
Q06124_site247,3,3,1.4548816202964838
Q06124_site248,3,3,1.6061547880730784
Q06124_site249,2,2,2.93563521861624
Q06124_site25,10,10,1.8047966953358607
Q06124_site250,9,9,7.308069871517251
Q06124_site251,1,1,0.8976334788919275
Q06124_site27,25,24,3.5828502817880468
Q06124_site278,1,1,0.6890406520276164
Q06124_site279,1,1,0.9233783234776328
Q06124_site28,24,22,2.3047007494621807
Q06124_site280,1,1,1.216603159925386
Q06124_site281,2,2,1.5928089484526538
Q06124_site283,5,5,1.0047263806858648
Q06124_site284,4,3,2.3259641264818884
Q06124_site285,3,3,4.50803510698452
Q06124_site286,3,3,2.223622056993568
Q06124_site287,1,1,0.9982509863965608
Q06124_site288,1,1,2.2618963583456866
Q06124_site289,3,3,1.6648993246228616
Q06124_site29,38,34,4.678854208290784
Q06124_site290,7,7,1.474913475820791
Q06124_site291,3,3,1.552778270265795
Q06124_site293,1,1,1.1567290654222002
Q06124_site295,6,6,1.1530772091109756
Q06124_site296,1,1,1.6252720963813876
Q06124_site298,1,1,0.8103254676570155
Q06124_site300,2,2,0.8395410854530535
Q06124_site302,1,1,0.8790886586223687
Q06124_site303,1,1,0.826392756758157
Q06124_site304,1,1,1.6345819423957766
Q06124_site305,9,8,1.396932385301655
Q06124_site308,1,1,1.0481152134202925
Q06124_site309,18,17,3.46849129758121
Q06124_site310,2,2,1.0132984984827875
Q06124_site311,2,2,1.4306080472036995
Q06124_site312,1,1,0.8917068363632983
Q06124_site313,6,5,2.890349335332676
Q06124_site33,7,7,1.146324998243307
Q06124_site333,4,4,4.620048388419586
Q06124_site35,17,16,1.9567430594789923
Q06124_site36,16,15,2.353229179140912
Q06124_site37,34,33,14.922956649702618
Q06124_site378,1,1,0.975190605612617
Q06124_site379,1,1,1.0393900889453622
Q06124_site38,16,15,4.409612063309679
Q06124_site380,18,17,12.10468424047032
Q06124_site381,10,9,3.8521263192925743
Q06124_site382,11,10,1.3367025489103337
Q06124_site383,9,9,4.579652668070914
Q06124_site384,8,7,0.929160401776826
Q06124_site385,10,10,1.9229806986529376
Q06124_site386,1,1,0.8113703248503162
Q06124_site387,3,2,0.9232633716722434
Q06124_site388,7,7,0.8210022455974472
Q06124_site390,6,5,3.43633064769655
Q06124_site391,8,7,4.543088905216752
Q06124_site392,6,6,1.731095698621655
Q06124_site393,7,7,3.792305838467664
Q06124_site394,5,5,1.5086949355091277
Q06124_site395,5,4,4.50163465007215
Q06124_site396,9,8,1.478517607697917
Q06124_site397,12,11,1.9655876709785232
Q06124_site398,7,7,1.8393862534843424
Q06124_site399,4,4,1.6492390011072828
Q06124_site4,39,35,1.602438346796598
Q06124_site400,1,1,0.9122931973809166
Q06124_site401,7,6,1.2730417700042918
Q06124_site402,3,3,1.5309569835515229
Q06124_site403,1,1,0.7726482506487364
Q06124_site404,4,4,0.8469676177576589
Q06124_site405,7,7,2.234215295730333
Q06124_site406,1,1,0.7717009925635909
Q06124_site407,6,5,0.9684505604877908
Q06124_site408,2,2,2.135997241260399
Q06124_site409,18,16,1.233614509743818
Q06124_site41,27,25,1.9390667134237036
Q06124_site42,6,6,2.504496454337769
Q06124_site427,1,1,2.124098110416884
Q06124_site430,1,1,1.34142829153605
Q06124_site431,2,2,1.8065910625595587
Q06124_site434,1,1,0.7585794487781221
Q06124_site435,1,1,0.5913530578500001
Q06124_site45,17,17,2.9359901160515136
Q06124_site453,20,19,2.139107032780888
Q06124_site464,9,9,4.704717192041136
Q06124_site51,8,8,1.4274022896688392
Q06124_site52,29,27,4.079312083857335
Q06124_site531,9,8,4.261527960024918
Q06124_site532,3,3,1.2408075738565074
Q06124_site533,1,1,1.5875562744305165
Q06124_site534,2,2,1.0161622536001331
Q06124_site535,2,2,1.2347707736011797
Q06124_site536,5,4,5.179469098658644
Q06124_site537,4,4,1.780457113102752
Q06124_site538,1,1,2.0334580956329305
Q06124_site539,4,4,4.191332337239503
Q06124_site54,8,8,1.9411705138386264
Q06124_site540,4,4,1.4381916354674242
Q06124_site541,1,1,1.0448260432311256
Q06124_site542,3,3,0.9540564293723672
Q06124_site543,1,1,1.0711984560853152
Q06124_site545,6,5,3.612781873887695
Q06124_site546,3,3,0.901032744079096
Q06124_site547,8,8,2.8403702286964867
Q06124_site548,7,7,1.9113356315911771
Q06124_site549,5,5,3.9368760648601024
Q06124_site55,22,21,7.112503104154
Q06124_site550,7,6,2.8940998645939398
Q06124_site551,1,1,1.927446194100097
Q06124_site553,1,1,1.2199374811768493
Q06124_site554,1,1,0.915773973478984
Q06124_site555,2,2,1.4282882083148396
Q06124_site556,2,2,1.9294472670363283
Q06124_site560,1,1,3.562204578714528
Q06124_site561,4,4,1.6181286387323095
Q06124_site562,4,4,0.8066818896177302
Q06124_site565,6,6,1.2011594386542908
Q06124_site567,3,3,0.9845626215521028
Q06124_site568,1,1,1.2415176709709173
Q06124_site57,28,27,3.72753192469536
Q06124_site570,1,1,1.0954273844205915
Q06124_site571,2,2,0.9197741848765312
Q06124_site572,2,2,0.3958971610827301
Q06124_site574,5,5,1.109353442573378
Q06124_site576,3,3,1.8531710790769544
Q06124_site578,1,1,0.8525822946228763
Q06124_site579,2,2,1.099643504411384
Q06124_site58,38,34,7.039176543980037
Q06124_site580,8,8,2.17037589622446
Q06124_site584,7,6,3.7670558876494975
Q06124_site59,22,22,2.6412727598538384
Q06124_site590,7,7,2.2494216016560458
Q06124_site591,1,1,2.2441900614608423
Q06124_site595,3,3,0.9010363439541555
Q06124_site596,2,2,1.0670917603106258
Q06124_site597,1,1,0.741415913743273
Q06124_site598,3,3,2.2922526791331124
Q06124_site599,3,3,1.9233089522380595
Q06124_site6,25,22,5.328560844229961
Q06124_site601,2,2,1.1932147731993432
Q06124_site602,2,2,1.3597786447444489
Q06124_site603,3,3,1.4199803016550474
Q06124_site604,2,2,3.77314160298174
Q06124_site605,1,1,1.0677679815791068
Q06124_site606,2,2,0.6023401536063847
Q06124_site65,25,24,4.170974593128944
Q06124_site702,3,3,2.1964579593058047
Q06124_site71,33,31,4.136353387311674
Q06124_site710,3,3,0.6217616100933063
Q06124_site717,1,1,0.6345334967410465
Q06124_site719,1,1,0.879393224999035
Q06124_site72,14,12,4.709136388416765
Q06124_site720,2,2,1.1891485337715566
Q06124_site723,1,1,1.3716974255617176
Q06124_site73,31,28,6.823076862129891
Q06124_site731,9,9,6.437443006416745
Q06124_site74,11,10,3.947974425591216
Q06124_site77,1,1,1.9602097090081847
Q06124_site80,4,4,1.3067633625874722
Q06124_site805,3,2,0.4912650823480414
Q06124_site81,3,3,1.0154341632602502
Q06124_site82,5,5,1.1086158962720472
Q06124_site84,15,14,5.189333747782445
Q06124_site86,4,4,1.278808083302465
Q06124_site871,1,1,1.896916960556708
Q06124_site872,1,1,0.8688084008490947
Q06124_site873,1,1,0.8873199472096531
Q06124_site874,1,1,1.220759868934311
Q06124_site875,1,1,1.263240702901512
Q06124_site876,1,1,2.311606731212541
Q06124_site877,1,1,1.1763383996161454
Q06124_site878,1,1,0.8451837001618834
Q06124_site879,1,1,0.9324439847034894
Q06124_site88,4,4,1.4211582808214338
Q06124_site880,1,1,1.0602688431112717
Q06124_site881,1,1,1.0334712175683285
Q06124_site883,1,1,1.2381665633458987
Q06124_site884,1,1,0.8104229873496255
Q06124_site885,1,1,2.0437379096359005
Q06124_site886,1,1,0.6085497385976512
Q06124_site89,4,4,0.9316489084962158
Q06124_site9,12,12,1.4985178015063976
Q06124_site90,21,21,2.9532804818880054
Q06124_site91,10,9,2.4171490140068657
Q06124_site94,6,6,2.6799971841066283
Q06124_site97,3,3,1.5307490645096238
Q06124_site98,6,6,1.1219229416173389
Q06124_site99,4,4,2.40606115172128
Q06187_site1,4,4,0.995472749634426
Q06187_site10,21,9,2.537836075775873
Q06187_site1033,1,1,0.4837892301453833
Q06187_site1035,3,2,2.1118137267981183
Q06187_site1036,1,1,0.9290293806099124
Q06187_site1037,3,2,1.4318425970274709
Q06187_site1040,3,2,0.9651897651569232
Q06187_site1041,2,2,0.7779731671128347
Q06187_site1042,12,6,2.7444741523482854
Q06187_site1043,7,4,1.607394965743739
Q06187_site1045,3,2,1.3140304538313392
Q06187_site1047,3,2,1.0521558701474527
Q06187_site1048,6,5,1.182315746770279
Q06187_site1050,6,4,1.0875013959631177
Q06187_site1051,2,2,1.1581762595989504
Q06187_site1053,3,2,1.9584001666493076
Q06187_site1055,3,2,1.0270009398793998
Q06187_site1059,5,4,1.212019675489406
Q06187_site1061,2,2,1.2999880351443382
Q06187_site1062,3,3,2.66758764857923
Q06187_site1063,1,1,0.6884107802624423
Q06187_site1064,8,4,3.3847042802528677
Q06187_site1065,2,2,0.8494180677359985
Q06187_site1066,1,1,0.2904619692943156
Q06187_site11,8,7,1.23694277884798
Q06187_site12,6,4,1.1821516452948997
Q06187_site13,20,8,4.763060625173791
Q06187_site138,12,12,6.027840397592423
Q06187_site14,16,7,1.294230467846295
Q06187_site144,1,1,2.0879142973115488
Q06187_site15,17,7,4.07527640278578
Q06187_site156,1,1,1.361476005433924
Q06187_site16,15,5,1.874174765386408
Q06187_site160,1,1,0.5780330164936571
Q06187_site164,1,1,1.7443796990160616
Q06187_site17,12,4,1.9380729110985535
Q06187_site171,2,2,1.2579559399894813
Q06187_site1778,1,1,2.447729731826862
Q06187_site1779,2,2,2.407677341756193
Q06187_site1780,1,1,2.0671860020330195
Q06187_site1781,1,1,1.1433902099799855
Q06187_site1782,1,1,0.7394301746239055
Q06187_site1785,1,1,0.8331672436099165
Q06187_site1786,1,1,1.6180933264838129
Q06187_site1793,1,1,0.4477669134305229
Q06187_site18,7,4,2.5009170975443924
Q06187_site1872,1,1,1.1610639352387246
Q06187_site1873,1,1,0.9888252319995228
Q06187_site1874,1,1,1.275918909242795
Q06187_site1875,1,1,1.1433287860036003
Q06187_site1876,1,1,0.3814256560678802
Q06187_site1877,1,1,1.186026448046524
Q06187_site1881,1,1,1.5131074548536996
Q06187_site1883,1,1,0.8287170840426745
Q06187_site1884,1,1,0.5270849696155735
Q06187_site1885,1,1,1.563858526444864
Q06187_site1886,1,1,1.2925833786830443
Q06187_site19,4,2,2.4118807000246485
Q06187_site191,11,11,1.6745174716871554
Q06187_site192,14,13,0.7755712714608664
Q06187_site193,10,10,1.330909991758098
Q06187_site195,6,6,1.4138387354472648
Q06187_site198,4,4,1.6215152218867843
Q06187_site2,25,10,11.159686718155118
Q06187_site20,20,7,1.904338051524078
Q06187_site21,5,4,1.9883702883979544
Q06187_site22,5,3,3.5582829332829333
Q06187_site23,10,3,2.6248219689213483
Q06187_site24,14,6,1.6866822297762465
Q06187_site29,20,8,1.989525821175076
Q06187_site3,11,3,1.2902715725947933
Q06187_site372,3,3,0.9164036918274208
Q06187_site4,9,5,1.0491744952207618
Q06187_site438,2,2,1.0198849998070465
Q06187_site442,9,8,1.734476576684938
Q06187_site5,14,5,11.349989536365886
Q06187_site560,7,7,1.0620378897855756
Q06187_site58,6,6,0.4296465372391035
Q06187_site6,7,4,1.2998484998188584
Q06187_site66,1,1,1.2164067032302397
Q06187_site7,29,12,2.7148741696787595
Q06187_site77,18,17,1.9084951040321751
Q06187_site79,16,16,2.281873655513195
Q06187_site8,14,5,0.9889335143411072
Q06187_site80,16,16,1.3685548898435858
Q06187_site82,17,16,3.2521185549983485
Q06187_site85,9,9,1.1885519090527992
Q06187_site87,17,16,1.8264333112503668
Q06187_site88,18,17,1.6582785568707907
Q06187_site89,8,8,1.351015654723792
Q06187_site9,2,1,1.1675395466563008
Q06187_site92,8,8,1.2230794547388886
Q06187_site94,18,17,1.6175818034714866
Q07812_site141,1,1,2.2787363256113258
Q07812_site147,1,1,1.340464402382456
Q07812_site165,1,1,1.3487752393558965
Q07812_site193,4,1,3.7866807353597673
Q07812_site241,4,1,0.95705732347982
Q07812_site300,4,1,0.6790306589090686
Q07812_site303,4,1,0.6684823233254338
Q07812_site317,4,1,1.1746349755638528
Q07812_site326,4,1,4.159150000381234
Q07812_site330,4,1,1.8077804425499349
Q07812_site332,4,1,2.069795624935812
Q07812_site338,4,1,0.4897002715575219
Q07812_site537,4,1,1.3916966760308451
Q07817_site1,6,6,0.956795559666975
Q07817_site10,5,5,3.835629611397629
Q07817_site1092,1,1,1.103667725590065
Q07817_site11,4,4,5.907669987645505
Q07817_site113,1,1,1.1325955572601247
Q07817_site117,1,1,1.0824466480992
Q07817_site1181,2,1,2.9277205981574395
Q07817_site1194,1,1,0.6930981312203507
Q07817_site1195,1,1,0.9611636128050928
Q07817_site1196,1,1,2.144355602215952
Q07817_site1197,1,1,0.7546983468703642
Q07817_site12,15,15,3.4837375803119706
Q07817_site123,1,1,1.1740816377789671
Q07817_site129,1,1,0.2358805297463015
Q07817_site13,2,2,1.3593975735601729
Q07817_site131,4,4,0.57740525330687
Q07817_site133,1,1,0.7677060600601843
Q07817_site135,1,1,1.0830345836231652
Q07817_site136,1,1,0.6706011996495037
Q07817_site139,1,1,1.9012329986017544
Q07817_site14,2,2,2.0631370526967103
Q07817_site140,5,5,4.645456444294881
Q07817_site142,3,3,2.6173697270471465
Q07817_site143,1,1,1.2986041541441262
Q07817_site147,1,1,0.75479769067745
Q07817_site15,11,11,1.868931848738399
Q07817_site152,1,1,0.7406847860601731
Q07817_site157,1,1,1.101075236567041
Q07817_site16,4,4,1.6398083337808729
Q07817_site162,6,6,1.5660836906577156
Q07817_site17,1,1,1.4003381448295231
Q07817_site176,2,2,2.166740312805154
Q07817_site181,1,1,1.077076783567651
Q07817_site19,9,9,9.125151266736932
Q07817_site2,4,4,2.450137084937273
Q07817_site208,6,6,0.8059717359094806
Q07817_site209,1,1,0.5009447223039456
Q07817_site23,8,8,4.350136091690146
Q07817_site230,1,1,0.5244212642648998
Q07817_site231,1,1,0.7054211586428578
Q07817_site24,1,1,2.026344079905352
Q07817_site27,2,2,1.3727038614612124
Q07817_site28,5,5,2.412379044290038
Q07817_site29,7,6,5.989635788397824
Q07817_site3,11,9,3.4779614325068877
Q07817_site320,2,2,1.1218910971616858
Q07817_site325,5,5,3.581752170928315
Q07817_site331,1,1,0.8331366756526308
Q07817_site357,1,1,1.396115806773493
Q07817_site38,1,1,1.021401191857463
Q07817_site39,3,3,1.540075558016024
Q07817_site4,1,1,2.201659151063621
Q07817_site402,2,2,1.1570911394974732
Q07817_site406,1,1,0.817761277516716
Q07817_site415,2,2,1.701957925715999
Q07817_site416,2,2,1.4327033562835974
Q07817_site42,20,17,6.221121148627761
Q07817_site422,2,2,1.1868861220469382
Q07817_site426,1,1,1.8792007336711536
Q07817_site43,4,4,2.8651819466188093
Q07817_site456,1,1,1.110594353590303
Q07817_site457,2,1,1.2020748313612466
Q07817_site458,1,1,1.3572440239975416
Q07817_site460,1,1,1.1575130984576611
Q07817_site462,1,1,0.3705005518822937
Q07817_site464,1,1,1.9399745190059188
Q07817_site47,6,6,3.2950154162384373
Q07817_site487,2,2,1.1437856185452686
Q07817_site490,2,2,1.0328452086065376
Q07817_site495,2,2,1.507703146758844
Q07817_site5,3,3,2.010370089680434
Q07817_site529,1,1,0.812151904824915
Q07817_site532,1,1,0.5607696655730827
Q07817_site536,1,1,0.9044420014055206
Q07817_site537,1,1,0.9804627857465432
Q07817_site540,2,2,0.3879630523220186
Q07817_site541,2,2,3.1368401832938706
Q07817_site542,7,7,1.6501268979356951
Q07817_site57,7,7,5.467772788862615
Q07817_site58,2,2,1.625263863293684
Q07817_site59,4,4,1.7793271092946537
Q07817_site6,6,6,1.526624245810505
Q07817_site607,3,2,6.738521454738764
Q07817_site608,2,2,1.005252734580642
Q07817_site61,6,6,4.850038147446947
Q07817_site611,3,2,1.7189534794506536
Q07817_site613,1,1,0.5741422256472181
Q07817_site615,1,1,1.0726125218118676
Q07817_site62,4,4,1.765494183892717
Q07817_site63,4,4,2.5600623646390077
Q07817_site66,5,5,3.087615389210276
Q07817_site7,12,12,3.7039736107586902
Q07817_site71,1,1,0.9152419083712828
Q07817_site72,1,1,1.7091764101246307
Q07817_site74,1,1,1.1523512021465487
Q07817_site77,9,9,2.133231321511964
Q07817_site79,10,10,1.7206655162947568
Q07817_site8,2,2,2.090611593160264
Q07817_site82,14,12,3.149380144482782
Q07817_site89,8,7,2.803515052079449
Q07817_site9,3,3,2.0736901193135
Q07817_site909,1,1,1.4625831637983175
Q07817_site910,1,1,2.3657621904527266
Q07817_site92,5,5,0.7990287533670883
Q07817_site95,1,1,1.4363345714858295
Q07817_site96,2,2,1.6525214845594485
Q07820_site1,7,7,1.8203232690946445
Q07820_site10,2,2,0.8951814317619653
Q07820_site1009,5,4,1.3784815961019292
Q07820_site1019,6,6,2.400315862157945
Q07820_site1024,1,1,1.3722763469225114
Q07820_site1025,1,1,1.4228777610761512
Q07820_site1026,1,1,2.1047447229059446
Q07820_site1028,1,1,1.287885203842123
Q07820_site1029,1,1,1.3508677403190783
Q07820_site1030,1,1,0.6936867713184853
Q07820_site1032,1,1,1.5942644333081624
Q07820_site1034,1,1,1.176491371110205
Q07820_site1036,1,1,0.8654912653664848
Q07820_site1037,1,1,0.7169468358416168
Q07820_site1038,1,1,1.1661703558342826
Q07820_site1040,1,1,0.9876771466672694
Q07820_site1042,1,1,1.3296242643730194
Q07820_site1051,1,1,0.8379379778125801
Q07820_site1052,1,1,1.0549477829138847
Q07820_site1054,1,1,1.1937478991596635
Q07820_site1055,1,1,1.0232656860339675
Q07820_site1056,1,1,0.7402008555116685
Q07820_site1057,1,1,0.7448148079005338
Q07820_site1059,1,1,1.2389032586942563
Q07820_site1061,1,1,0.7477705743571443
Q07820_site1062,1,1,1.1129325326051032
Q07820_site1115,2,2,0.715627369296365
Q07820_site1151,1,1,0.8126543060463766
Q07820_site1152,2,2,0.2894283396631221
Q07820_site1193,1,1,1.4683234568407528
Q07820_site1194,1,1,2.19921409047843
Q07820_site1195,5,3,2.1097439109878144
Q07820_site12,30,24,3.138931148183213
Q07820_site13,23,20,3.99388126528288
Q07820_site14,24,21,5.782013474005338
Q07820_site15,45,37,5.235391120228491
Q07820_site156,7,6,1.559438452516311
Q07820_site158,8,5,2.2963903300585056
Q07820_site17,29,25,4.356744858900971
Q07820_site18,36,29,2.957008322257905
Q07820_site20,16,15,3.3177805239742955
Q07820_site21,13,11,2.925986653409308
Q07820_site24,2,2,2.777966073114798
Q07820_site25,30,27,2.257670855774985
Q07820_site26,10,10,6.136159483810333
Q07820_site27,1,1,2.465651413289005
Q07820_site28,24,22,1.9880928266326128
Q07820_site29,43,34,4.071652065081352
Q07820_site295,1,1,2.078999134829926
Q07820_site299,1,1,1.1652096219432024
Q07820_site301,2,2,1.6446425679157772
Q07820_site318,15,15,3.325723662777369
Q07820_site319,26,23,5.167923673170561
Q07820_site320,27,24,1.772622150435006
Q07820_site322,5,4,1.3476336560892213
Q07820_site323,12,11,1.1934865320069308
Q07820_site324,21,20,1.7251856169847213
Q07820_site325,20,17,2.108633184657746
Q07820_site326,31,27,2.322244013026503
Q07820_site327,11,10,1.1984949483402252
Q07820_site328,27,24,2.6900520107193846
Q07820_site329,25,22,1.4930792421275003
Q07820_site33,3,3,1.1354511943523706
Q07820_site330,28,25,2.3078582048503136
Q07820_site331,24,21,2.4688003188092047
Q07820_site332,28,26,1.794783622908623
Q07820_site333,16,15,1.6271904796489007
Q07820_site334,2,2,1.2499391563665156
Q07820_site335,27,24,2.3525892150469656
Q07820_site336,28,25,1.496709187735532
Q07820_site337,23,20,1.1713500701090156
Q07820_site339,25,22,1.3039706202254666
Q07820_site34,8,8,2.4887752355316284
Q07820_site340,26,24,1.738656038495267
Q07820_site341,30,26,1.4451560902335776
Q07820_site342,20,19,1.7603830190280887
Q07820_site343,17,15,2.3245119433547354
Q07820_site344,21,19,2.5314057705601978
Q07820_site345,6,5,6.479206634073891
Q07820_site346,26,22,1.833969736795368
Q07820_site348,3,3,2.0263686370383307
Q07820_site349,2,2,0.5843367149928037
Q07820_site350,13,11,1.3060229595848405
Q07820_site351,18,16,3.6004952811793154
Q07820_site357,18,16,2.200888393875081
Q07820_site4,5,5,3.126016655325492
Q07820_site42,1,1,2.133293505310164
Q07820_site43,3,3,2.007794437644499
Q07820_site5,37,31,11.580952102119689
Q07820_site51,2,2,1.5291226092883174
Q07820_site56,5,5,3.121294576741343
Q07820_site591,1,1,5.140772465067038
Q07820_site6,8,7,2.5225424687560767
Q07820_site636,6,6,1.5916764159004808
Q07820_site656,14,13,2.424464539832073
Q07820_site682,5,4,0.3388938860052318
Q07820_site7,2,2,1.16764988265415
Q07820_site714,1,1,0.594447325657781
Q07820_site74,2,2,0.3765852383334923
Q07820_site781,19,17,2.182960960517923
Q07820_site799,1,1,2.34395423640295
Q07820_site8,2,2,0.7818550129394656
Q07820_site865,1,1,1.1811403526074726
Q07820_site871,1,1,1.1708533070301017
Q07820_site878,1,1,0.5342548394949356
Q07820_site884,1,1,1.434829616183859
Q07820_site896,9,8,1.5497663060340083
Q07820_site9,27,22,3.600022688384493
Q07820_site901,2,2,1.0368191095208068
Q07820_site902,2,2,1.0213323576211912
Q07820_site903,1,1,1.0521788594137949
Q07820_site904,2,2,1.027242025341419
Q07820_site906,2,2,1.2367758186397986
Q07820_site907,2,2,1.4386900846379862
Q07820_site908,2,2,1.1507630019470825
Q07820_site910,2,2,1.1460642170493658
Q07820_site913,1,1,0.854492173205341
Q07820_site914,2,2,1.2018237082066867
Q07820_site915,3,3,1.590770638750628
Q07820_site916,2,2,0.9411103201083388
Q07820_site919,2,2,0.7787920529714342
Q07820_site920,2,2,1.648191232322176
Q07820_site921,2,2,0.6431763096537407
Q07820_site923,2,2,0.654865233333051
Q07820_site924,2,2,0.7595226900334829
Q07820_site928,1,1,1.3051913225203895
Q07820_site97,5,5,1.6540493434717431
Q07820_site975,2,2,2.2097792123950937
Q07869_site13,8,7,1.6577654658830918
Q07869_site18,30,17,4.1868771602594
Q07869_site20,9,8,0.5863355241132627
Q07869_site35,12,6,1.3805891238670696
Q07869_site4,34,19,1.584559521641239
Q07869_site40,28,17,0.8446056840280968
Q07869_site51,31,15,2.468205487244563
Q07869_site53,23,10,1.4706981640746848
Q07869_site54,1,1,0.5895166501333284
Q07869_site55,4,4,2.188856563412927
Q07869_site59,5,5,1.167595029201061
Q07869_site61,15,9,2.3790389969220693
Q07869_site7,26,17,1.1811452399023383
Q07869_site78,10,7,1.1709061067606938
Q07889_site184,2,2,1.312991911226096
Q07889_site293,1,1,2.838956881858009
Q07889_site295,2,2,1.5853018484335526
Q07889_site317,1,1,3.365129693321869
Q07889_site34,15,14,7.615882365586773
Q07889_site347,1,1,0.4851958747496361
Q07889_site36,18,13,1.8141869029884916
Q07889_site37,17,13,1.3710178149569776
Q07889_site38,7,6,1.3790753572691663
Q07889_site39,13,10,1.2124014352795252
Q07889_site40,14,10,3.2574825524208024
Q07889_site41,11,10,4.105211289345887
Q07889_site42,2,2,2.5503707394273323
Q07889_site43,4,3,3.1658356406750845
Q07889_site44,19,14,1.7453173975591398
Q07889_site45,6,6,1.9165114866412405
Q07889_site46,8,8,2.214704984924728
Q07889_site47,10,8,2.7392450377124944
Q07889_site48,11,8,3.2964069226038832
Q07889_site49,4,4,4.900439575173101
Q07889_site50,10,7,1.744829672545928
Q07889_site51,15,12,2.454573066053931
Q07889_site53,4,4,1.4132572226632365
Q07889_site54,5,5,1.22445294509947
Q07889_site55,16,12,1.3781961186472491
Q07889_site56,6,6,1.999465215408088
Q07889_site57,9,8,1.057719852893735
Q07889_site58,17,12,1.7443300835927251
Q07889_site59,5,4,3.311730510253473
Q07889_site60,4,3,2.7802778554625167
Q07889_site61,15,11,2.0470101432472947
Q07889_site62,7,6,1.1585701524782916
Q07889_site63,11,9,3.5534364402230545
Q07889_site64,8,7,2.106853158655317
Q07889_site65,9,6,2.6092746764817574
Q07889_site66,17,12,3.898785367813945
Q07889_site67,12,11,4.441601621473417
Q07889_site68,10,10,4.5258425120872126
Q07889_site69,6,6,2.3252862315699074
Q07889_site70,15,12,1.9587137767793263
Q07889_site71,13,9,2.9902417782153474
Q07889_site72,14,10,1.7833504978892871
Q07889_site73,16,11,2.7278542654516023
Q07889_site74,12,11,1.6676545471690487
Q07889_site75,1,1,0.6100526299671445
Q07889_site76,14,10,1.4448538156244026
Q07889_site77,2,2,6.325266869535816
Q07889_site78,4,4,1.4254966813716108
Q07889_site79,16,12,1.3509620254114258
Q07889_site80,16,11,1.9729819519547096
Q07889_site81,16,13,1.8202640797628675
Q07889_site83,8,7,1.290506145063287
Q08499_site102,54,42,1.243134471503764
Q08499_site110,18,18,1.6416802888833475
Q08499_site13,76,61,2.175561244584482
Q08499_site139,4,4,2.258011415792997
Q08499_site14,9,8,1.4610705203158545
Q08499_site140,7,6,1.2833101431917855
Q08499_site142,23,20,0.9976107779583409
Q08499_site146,6,6,1.7171593580934554
Q08499_site15,4,3,0.941492157552018
Q08499_site153,1,1,1.215929157577646
Q08499_site154,28,23,1.0882496530587338
Q08499_site156,24,20,1.6241412418727612
Q08499_site160,9,8,4.188394035365532
Q08499_site17,49,44,1.949623024737131
Q08499_site170,16,14,1.256985448795137
Q08499_site176,3,3,1.575322611626242
Q08499_site178,14,13,0.5556278821484344
Q08499_site18,4,4,0.8580656188195181
Q08499_site181,4,4,1.3636518577434382
Q08499_site199,17,16,1.2746615859825057
Q08499_site2,43,35,2.1254994692465026
Q08499_site23,28,24,1.6684546814400685
Q08499_site27,21,19,0.9916801434678878
Q08499_site28,70,58,1.646445185982055
Q08499_site30,14,14,1.1287394074399268
Q08499_site31,65,52,2.045938342855486
Q08499_site34,9,9,1.9856564967524493
Q08499_site36,4,4,3.2915012361531137
Q08499_site39,12,11,1.710163491366551
Q08499_site41,10,9,1.0516815248313982
Q08499_site411,66,52,2.038571847132181
Q08499_site413,13,13,1.5583691540442552
Q08499_site414,9,8,1.2036733334590035
Q08499_site415,8,7,1.0584676553420993
Q08499_site416,2,2,1.4727520510833787
Q08499_site417,22,20,1.21135917038397
Q08499_site418,9,9,1.2083338999415258
Q08499_site419,20,17,1.3134952690975694
Q08499_site42,5,4,1.6845164961120134
Q08499_site420,20,18,1.679150664493134
Q08499_site421,26,22,1.1093155970590858
Q08499_site422,1,1,0.8261026052770009
Q08499_site423,10,10,3.5986215538847115
Q08499_site424,13,13,1.2865286684444972
Q08499_site425,9,9,1.6481699369708782
Q08499_site426,1,1,0.7890962347049653
Q08499_site427,13,13,1.407403846153846
Q08499_site428,15,12,1.520535943243012
Q08499_site429,11,10,2.420675347195343
Q08499_site43,10,9,1.9646815958353905
Q08499_site430,5,5,2.3458093141291743
Q08499_site431,13,11,1.528456781195075
Q08499_site432,8,8,0.7339018665499673
Q08499_site433,5,5,1.867836927813002
Q08499_site45,7,6,3.4095133091825485
Q08499_site47,29,25,3.716456432665289
Q08499_site5,16,14,3.9346709350804048
Q08499_site50,27,24,1.4737659801136362
Q08499_site52,59,48,1.4891957125257225
Q08499_site55,14,12,1.5215070998200455
Q08499_site56,78,60,1.691292891092925
Q08499_site57,90,68,2.0833937635968094
Q08499_site6,25,22,1.7424140909421135
Q08499_site64,82,64,5.957497906999844
Q08499_site66,4,3,0.8116080549903643
Q08499_site70,12,11,1.5870485497189426
Q08499_site71,24,22,1.199994861178405
Q08499_site72,63,53,1.761731570814845
Q08499_site74,67,52,1.062911491332547
Q08499_site77,86,66,1.2815404247752435
Q08499_site78,71,59,2.198411269494388
Q08499_site79,45,35,2.0120477544295507
Q08499_site80,63,49,0.8007824543038065
Q08499_site84,69,55,2.4697965738758034
Q08499_site86,37,32,1.9544811750555815
Q08499_site9,10,10,1.37930750065416
Q08499_site91,54,41,4.6404017683150895
Q09472_site145,3,1,1.011045635633435
Q09472_site184,3,1,0.6733359500166918
Q12830_site132,13,13,2.1509188646196598
Q12830_site133,13,13,3.3367225040170068
Q12830_site134,4,4,1.317206402404061
Q12830_site135,11,11,1.242683891838378
Q12830_site137,12,12,1.9950534067187928
Q12830_site147,3,3,1.249961345386701
Q12830_site149,11,11,1.1501802661576797
Q12866_site1,14,13,3.3146581404529973
Q12866_site10,17,15,4.4765696664519785
Q12866_site108,1,1,0.7990314332846643
Q12866_site11,24,21,1.683528830819794
Q12866_site113,5,5,0.7555954128694496
Q12866_site114,7,7,4.9300988319856245
Q12866_site13,16,15,1.4676094529705304
Q12866_site16,21,18,1.682055399437977
Q12866_site2,23,21,5.187314362958783
Q12866_site21,15,13,2.9965921313331445
Q12866_site33,10,9,2.4606111294721247
Q12866_site38,10,8,2.4114721560365133
Q12866_site4,12,10,2.336417413369281
Q12866_site47,10,9,2.021034744512047
Q12866_site50,16,15,2.854160832381896
Q12866_site53,17,16,1.4021009495994992
Q12866_site55,8,8,1.879786158069643
Q12866_site95,7,7,2.641304917517263
Q12888_site1,8,4,2.2897304531481986
Q12888_site10,3,3,5.476226866465097
Q12888_site11,2,2,2.617193854887188
Q12888_site12,2,2,0.9946454839658724
Q12888_site13,3,3,2.068153642922467
Q12888_site16,1,1,0.9307405484794004
Q12888_site185,3,1,1.1819447061183062
Q12888_site2,7,6,2.164328968297354
Q12888_site22,1,1,0.7847601871160457
Q12888_site28,2,2,0.8748213748495788
Q12888_site295,1,1,0.9645126133757566
Q12888_site3,7,4,6.19880650004249
Q12888_site328,1,1,1.3369021472491094
Q12888_site332,2,2,0.8728830232934949
Q12888_site4,6,4,2.2702511389736064
Q12888_site419,1,1,0.8065989847715735
Q12888_site436,1,1,1.0075663018293437
Q12888_site5,5,3,2.7169584036021965
Q12888_site6,3,3,2.8045769225618984
Q12888_site7,3,2,2.316395594025097
Q12888_site8,4,3,1.9450090732038048
Q12888_site84,1,1,0.681679726944229
Q12888_site9,9,6,2.686597188989915
Q13093_site100,13,10,2.3054618328389305
Q13093_site101,20,17,2.042871689358709
Q13093_site104,2,1,2.011780201253885
Q13093_site105,5,4,0.8897738596320268
Q13093_site106,20,17,3.7555219203504815
Q13093_site107,23,16,1.0536477990146589
Q13093_site108,4,4,2.0284435963788763
Q13093_site110,6,5,1.475356602665352
Q13093_site111,7,5,1.865255966965911
Q13093_site112,8,7,2.5296146044624748
Q13093_site12,20,16,4.298778729950583
Q13093_site13,7,5,5.587869068955759
Q13093_site15,3,2,1.5020197019262356
Q13093_site16,10,8,2.3341714146677752
Q13093_site19,8,7,1.353790301502129
Q13093_site2,15,12,1.2916722098250704
Q13093_site20,1,1,4.254589268699538
Q13093_site23,11,10,4.278225265954206
Q13093_site24,9,7,0.8177203271584631
Q13093_site29,28,20,1.236054833561662
Q13093_site3,15,13,1.2932010014842357
Q13093_site30,24,19,1.4904609716970034
Q13093_site33,3,3,1.0809868980546402
Q13093_site35,4,4,1.9972356237124
Q13093_site36,26,19,1.4355296809502145
Q13093_site37,1,1,0.6532289722006634
Q13093_site4,22,18,6.421940465333161
Q13093_site40,2,2,1.774461434743971
Q13093_site41,26,20,1.871637102523341
Q13093_site42,25,19,2.2770319668570336
Q13093_site45,18,14,1.962937572101292
Q13093_site47,12,9,1.1957280979118916
Q13093_site48,28,21,1.4173792362447957
Q13093_site5,9,7,1.3333866571504165
Q13093_site50,20,15,2.3668972979411937
Q13093_site51,16,15,2.6757518434158207
Q13093_site56,9,6,2.443382768061483
Q13093_site57,10,7,0.903144395383564
Q13093_site59,10,7,2.416915754856369
Q13093_site62,4,3,1.1717949986755891
Q13093_site63,6,5,1.8438556933483652
Q13093_site67,6,6,3.772552679998389
Q13093_site71,20,16,2.0367465446150432
Q13093_site76,8,6,1.0848245845057731
Q13093_site78,12,10,1.888632572502562
Q13093_site82,3,3,1.480284944554875
Q13093_site83,10,7,1.885234777888356
Q13093_site85,10,8,0.7941538325057372
Q13093_site86,4,4,2.473910272305032
Q13093_site87,10,7,1.2600405199179077
Q13093_site88,4,3,1.1297243760666489
Q13093_site9,10,7,3.185759689922481
Q13093_site90,7,5,1.4125903358100758
Q13093_site92,6,4,1.0325614165561716
Q13093_site93,4,4,1.3314776162924538
Q13093_site94,1,1,1.239061176383927
Q13093_site95,4,3,1.048971656490931
Q13093_site97,3,2,1.4083464768894658
Q13093_site99,5,4,0.9636412647068152
Q13153_site110,7,6,2.2453523562472983
Q13153_site111,8,7,1.9838334056399127
Q13153_site112,2,2,1.0204630728099404
Q13153_site124,6,6,4.391862576420104
Q13153_site130,7,7,2.549485127109929
Q13153_site2,1,1,1.781351518698525
Q13153_site20,5,5,0.8523696161734543
Q13153_site22,18,16,2.0896153674069
Q13153_site25,19,18,2.3385936951752067
Q13153_site29,4,4,3.324236481491664
Q13153_site33,1,1,0.6735728759264181
Q13153_site35,15,15,3.645820964443565
Q13153_site36,19,18,2.652440106786216
Q13153_site4,7,7,3.1733680870353584
Q13153_site44,2,2,0.8373896548873354
Q13153_site45,1,1,1.3928425310063477
Q13153_site5,23,21,4.643990034030141
Q13153_site52,5,5,1.4810648231280303
Q13153_site57,5,5,2.861698211332706
Q13153_site58,8,8,4.098231777288894
Q13153_site59,20,19,2.5408277949362383
Q13153_site60,9,9,1.0939996387835342
Q13153_site61,9,9,2.3235083466475674
Q13153_site62,4,4,3.044796827201603
Q13153_site63,8,8,1.2759882709896169
Q13153_site64,6,6,1.6326112233033474
Q13153_site65,5,5,3.8281466790885137
Q13153_site66,3,3,1.2604051283034057
Q13153_site67,8,6,2.658398715351123
Q13153_site68,4,4,3.909949137824091
Q13153_site69,2,2,1.0349597771514498
Q13153_site70,3,3,1.03826448721735
Q13153_site71,4,3,2.520081385445254
Q13153_site84,3,3,1.388434357862398
Q13153_site89,8,7,1.7889224581693624
Q13153_site9,1,1,1.03772081606374
Q13451_site1,27,19,2.0858853695475066
Q13451_site10,49,31,4.786605492995562
Q13451_site15,5,5,2.2868462537091987
Q13451_site17,37,25,2.501179394001672
Q13451_site19,28,17,1.4316002436344382
Q13451_site2,62,34,3.032027688839682
Q13451_site24,30,24,2.8931817390395933
Q13451_site25,14,14,2.3532146276547703
Q13451_site3,56,34,2.7843374056312062
Q13451_site35,10,9,2.123626797161343
Q13451_site4,59,40,3.1013340902639794
Q13451_site5,24,19,5.02446480949115
Q13451_site6,1,1,0.9443672551876828
Q13451_site63,1,1,1.30951409615013
Q13451_site7,2,2,1.1051295640288974
Q13451_site76,1,1,0.9630210417304116
Q13451_site8,6,6,1.1035070986356534
Q13451_site9,18,14,3.1729569451447577
Q13490_site1,2,2,0.5681524455038915
Q13490_site11,1,1,0.991049917578934
Q13490_site2,2,2,1.1224661402984817
Q13490_site3,1,1,1.232164346616368
Q13490_site4,1,1,1.171252288331228
Q13490_site5,1,1,0.8417722564161844
Q13490_site6,2,2,0.7568751504315235
Q13490_site7,2,2,0.9680920921149552
Q13490_site9,1,1,3.5766921140148917
Q13526_site10,38,25,1.718294867162092
Q13526_site11,40,24,3.561588827316265
Q13526_site12,79,47,1.3442964327858091
Q13526_site13,85,51,2.947006239871496
Q13526_site14,80,48,4.347301604024548
Q13526_site15,35,19,3.158949924972541
Q13526_site16,62,37,3.78117679706821
Q13526_site17,79,48,1.4408057753808958
Q13526_site18,30,21,1.1094755324650336
Q13526_site20,20,15,1.2565179095956722
Q13526_site21,47,29,1.7784574004719922
Q13526_site24,67,42,1.3651066084043493
Q13526_site31,11,7,1.236350932170194
Q13526_site338,2,2,0.6678357495995089
Q13526_site44,2,1,1.124542503740115
Q13526_site45,3,2,1.1482358803198431
Q13526_site46,3,2,1.2984947187295477
Q13526_site47,3,2,1.216654440667861
Q13526_site48,2,2,0.763575350823673
Q13526_site49,4,3,3.735948071554246
Q13526_site50,4,3,1.782591445757309
Q13526_site51,4,3,0.9655304952682328
Q13526_site52,4,3,0.8909590474944394
Q13526_site53,4,3,0.8513157487969168
Q13526_site55,4,4,3.407147592873794
Q13526_site56,2,1,1.376761972641794
Q14145_site1,6,4,5.159870005893159
Q14145_site10,19,17,3.4305065037080107
Q14145_site103,2,2,1.4091150889698645
Q14145_site106,2,2,2.27277574885757
Q14145_site110,1,1,2.0101019224222383
Q14145_site112,1,1,0.8062341410020399
Q14145_site114,9,8,2.5661463048602444
Q14145_site121,1,1,1.4265078867744156
Q14145_site122,6,5,2.1498174253904527
Q14145_site123,3,3,5.441234084231145
Q14145_site138,3,3,1.606469277040988
Q14145_site149,7,7,1.1899012540648852
Q14145_site16,4,3,4.1086220884305815
Q14145_site17,8,8,1.8029905120655048
Q14145_site174,2,2,1.7787174248275188
Q14145_site18,7,5,2.30125705935548
Q14145_site187,2,2,3.789339686810076
Q14145_site188,2,2,1.8221646253788244
Q14145_site189,2,2,1.3945133187225367
Q14145_site19,11,10,6.61458836178523
Q14145_site191,14,12,4.496166413941866
Q14145_site192,1,1,1.2549588918715051
Q14145_site193,1,1,0.984014727172651
Q14145_site194,1,1,1.488228017252785
Q14145_site195,2,2,2.296797654088992
Q14145_site196,5,5,2.689736072582855
Q14145_site197,2,2,1.164961571741233
Q14145_site198,2,2,2.356543368306816
Q14145_site200,5,5,1.1291222866817083
Q14145_site201,2,2,2.98339827647554
Q14145_site202,2,2,2.3247208468067906
Q14145_site204,1,1,0.6348656509401249
Q14145_site205,1,1,1.5631589066555582
Q14145_site206,1,1,0.6890481418537847
Q14145_site208,1,1,1.2720182063554597
Q14145_site21,12,12,1.6587626848860146
Q14145_site211,2,2,1.1224261349288058
Q14145_site214,1,1,1.6013693526504846
Q14145_site217,1,1,0.5406899532796233
Q14145_site22,2,2,1.0797431314893144
Q14145_site221,1,1,1.629962549316742
Q14145_site224,2,2,2.102689050071739
Q14145_site225,2,2,1.1852292102359894
Q14145_site226,1,1,1.6707564100286072
Q14145_site227,1,1,2.7173072578013207
Q14145_site229,1,1,0.5018162611687764
Q14145_site23,4,4,1.37342865604844
Q14145_site234,1,1,0.9672250093287448
Q14145_site235,3,3,1.4696783130675697
Q14145_site24,2,2,2.626530114910927
Q14145_site241,1,1,0.8197539306763719
Q14145_site242,1,1,1.5189240487806916
Q14145_site246,5,4,2.397667597656706
Q14145_site25,6,6,1.9057304832779656
Q14145_site263,2,2,1.0492914219990912
Q14145_site267,4,3,1.771117982721795
Q14145_site269,1,1,1.289632964915108
Q14145_site3,25,18,2.9358081936476217
Q14145_site321,3,3,1.857972082647178
Q14145_site325,1,1,1.279499815400421
Q14145_site327,5,4,1.442698556742041
Q14145_site328,4,3,0.729731691384608
Q14145_site337,1,1,5.181791917951681
Q14145_site339,1,1,1.3394446213403497
Q14145_site340,1,1,1.0282348532527492
Q14145_site343,1,1,0.9785858612981396
Q14145_site344,1,1,3.664367858481926
Q14145_site345,1,1,2.1828590636456267
Q14145_site346,1,1,0.866406194939742
Q14145_site348,1,1,0.9826178664895904
Q14145_site349,1,1,1.9757027230518256
Q14145_site375,1,1,0.9714341597454452
Q14145_site376,2,2,2.473214010848618
Q14145_site38,5,4,1.4717813179206425
Q14145_site39,15,12,4.405469829117171
Q14145_site4,25,19,14.04194833276431
Q14145_site400,1,1,1.6382610136555018
Q14145_site403,4,3,1.5531709957058597
Q14145_site406,3,3,1.3447159950164942
Q14145_site408,1,1,0.813562089160058
Q14145_site411,1,1,0.5781994754902952
Q14145_site42,3,2,1.1205292871918593
Q14145_site44,1,1,1.1366930091772351
Q14145_site45,7,7,1.300706747107448
Q14145_site46,4,3,0.9018135609174484
Q14145_site47,1,1,1.0178573609205883
Q14145_site48,10,9,2.7865585332886167
Q14145_site49,19,16,3.411159054699947
Q14145_site5,20,17,3.256356167425336
Q14145_site50,6,6,0.7065805870465186
Q14145_site51,5,4,1.1084884445347665
Q14145_site52,2,2,1.1981027638691388
Q14145_site53,4,4,1.6636502898657075
Q14145_site54,24,21,6.860031639455125
Q14145_site55,1,1,1.8015141275664543
Q14145_site56,4,4,1.5809217611023652
Q14145_site58,2,2,1.731631343525337
Q14145_site59,2,2,1.2431471283105835
Q14145_site6,2,2,1.956498591983412
Q14145_site60,2,2,1.078029527846806
Q14145_site61,2,2,2.636896198144777
Q14145_site62,2,2,0.9893832549619151
Q14145_site63,2,2,1.514776643216719
Q14145_site64,2,2,2.3590287345648355
Q14145_site66,2,2,1.116623261517541
Q14145_site67,1,1,1.9907109531081189
Q14145_site68,3,3,1.5608978304580017
Q14145_site69,13,11,2.6429574571167493
Q14145_site7,33,24,1.8057641083922291
Q14145_site70,2,2,1.5931258086298523
Q14145_site72,7,5,2.719993221998381
Q14145_site74,1,1,2.241808158967922
Q14145_site75,1,1,0.5171051761750513
Q14145_site76,2,2,1.584480704998459
Q14145_site78,1,1,2.314288055591976
Q14145_site8,23,18,4.016479721636957
Q14145_site80,1,1,0.693483418021809
Q14145_site81,1,1,1.0146232230293997
Q14145_site82,1,1,1.3697209514423148
Q14145_site83,4,4,0.8358745781399163
Q14145_site84,1,1,0.9992305291591782
Q14145_site85,1,1,0.5517283047240553
Q14145_site88,2,2,2.483710588889232
Q14145_site89,2,2,1.398465923648475
Q14145_site9,20,17,2.8214308370602974
Q14145_site91,2,2,1.6608855184779543
Q14145_site92,19,16,3.5942564272819704
Q14145_site93,2,2,3.359043949841722
Q14145_site95,2,2,1.328883770017011
Q14145_site96,1,1,0.9244851483687552
Q14160_site1,1,1,1.1742246102644445
Q14160_site102,1,1,1.719200195185057
Q14160_site251,1,1,0.7976729462077863
Q14160_site39,1,1,1.607283524618503
Q14160_site56,1,1,1.0773884300924683
Q14160_site8,1,1,1.3751360157187535
Q14191_site103,1,1,1.075682020154597
Q14191_site411,1,1,1.352861193023183
Q14191_site412,3,3,2.6288798480265463
Q14191_site413,3,3,1.15458056829537
Q14191_site415,3,3,1.3349927489717806
Q14191_site416,1,1,0.7800238341853497
Q14191_site417,3,3,0.809195957494241
Q14191_site418,3,3,10.247373198542668
Q14191_site419,3,3,0.9897781626591344
Q14191_site420,3,3,1.145848071055471
Q14191_site421,3,3,1.1112290900725128
Q14191_site422,3,3,2.102439757265381
Q14191_site423,1,1,0.538908502703762
Q14191_site424,2,2,1.800862820399449
Q14191_site425,2,2,3.0701267828843104
Q14191_site426,3,3,3.778315031925608
Q14191_site427,1,1,0.9378280769415456
Q14191_site428,1,1,1.3805982069355307
Q14191_site429,2,2,1.0293198267614172
Q14191_site431,3,3,1.3599976182342968
Q14191_site433,1,1,0.9484809792595246
Q14191_site434,3,3,1.2618563791540314
Q14191_site435,3,3,1.2800330673747762
Q14191_site436,1,1,0.7238040778799958
Q14191_site437,3,3,1.142246356358411
Q14191_site438,3,3,1.445778971130638
Q14191_site440,4,4,2.9493314091144835
Q14191_site441,3,3,0.9247553123888465
Q14191_site442,1,1,1.1417297185246604
Q14191_site443,3,3,0.7443478370363842
Q14191_site444,3,3,0.8997728313869208
Q14191_site445,3,3,1.1493468213928617
Q14191_site84,2,2,1.0961527731279992
Q14191_site87,2,2,0.7318430664491175
Q14191_site88,2,2,1.4766088062430027
Q14191_site89,1,1,0.9273035297405235
Q14191_site90,2,2,1.8385624481530665
Q14191_site91,1,1,1.363964025345779
Q14191_site92,2,2,0.8784766413941903
Q14191_site93,1,1,0.8826598391343204
Q14191_site94,1,1,2.164370718076305
Q14191_site95,1,1,1.4520059099856175
Q14191_site96,1,1,1.0076523409856746
Q14191_site97,1,1,1.024571266907042
Q14790_site182,1,1,3.5782955993067365
Q14790_site183,1,1,1.5375370081207993
Q14790_site186,1,1,0.6391278389873445
Q14790_site188,1,1,4.017163357213735
Q14790_site189,1,1,0.3904824764041977
Q14790_site190,1,1,0.5904540122417217
Q14790_site192,1,1,2.29306362450846
Q14790_site196,1,1,0.8481724125586225
Q14790_site198,1,1,3.530799647070357
Q14790_site203,1,1,1.236316831947288
Q14790_site214,1,1,0.2426012299099848
Q14790_site252,1,1,0.3366339726369713
Q14790_site255,1,1,2.479645454062948
Q14790_site256,1,1,1.478689023791281
Q14790_site258,1,1,0.6058164611408579
Q14790_site261,1,1,1.0655294705294704
Q14790_site262,1,1,1.471931960810026
Q14790_site263,1,1,1.0356710625156498
Q14790_site264,1,1,1.0317691562197142
Q14790_site265,1,1,1.9399594012223056
Q14790_site267,1,1,1.0236728541920506
Q14790_site268,1,1,0.9962780404385876
Q14790_site269,1,1,1.18577174632172
Q14790_site270,1,1,1.0302753377223248
Q14790_site271,1,1,0.9880469621575676
Q14790_site272,1,1,1.1054009228697637
Q14790_site274,1,1,0.9652372657655564
Q14790_site275,1,1,0.6827010689837539
Q14790_site277,1,1,1.1494118371620372
Q14790_site278,1,1,1.0585199185809828
Q14790_site280,1,1,1.2012288121842785
Q14790_site281,1,1,0.991803174128791
Q14790_site282,1,1,2.154045380630849
Q14790_site283,1,1,1.0609116600376804
Q14790_site284,1,1,0.8021929396680278
Q14790_site285,1,1,1.0406615409591762
Q14790_site286,1,1,0.9413520741339636
Q14790_site287,1,1,0.949993067973804
Q14790_site288,1,1,1.23809405045454
Q14790_site290,1,1,0.186736023753669
Q14790_site291,1,1,0.6511447200981992
Q14790_site292,1,1,0.9597127267237476
Q14790_site293,1,1,0.8303139163576432
Q14790_site295,1,1,1.0222620906181803
Q14790_site296,1,1,0.6452623803377032
Q14790_site298,1,1,1.067660164276058
Q14790_site302,1,1,1.3518109290122549
Q14790_site303,1,1,1.4094659879937583
Q14790_site305,1,1,1.2413275777963904
Q14790_site310,1,1,0.964052265717516
Q14790_site312,1,1,0.4023059052972724
Q14790_site313,1,1,1.0873604886079762
Q14790_site314,1,1,1.0384034709702006
Q14790_site315,1,1,0.2953135393484491
Q14790_site316,1,1,1.555009617719013
Q14790_site317,1,1,1.2682589409887424
Q14790_site319,1,1,0.9886962739442956
Q14790_site321,1,1,0.9300990219219466
Q14790_site322,1,1,0.6159667166344682
Q14790_site325,1,1,0.8380094826555314
Q14790_site331,1,1,1.573171490541886
Q14790_site333,1,1,1.2146811375135482
Q14790_site334,1,1,0.8030275713752205
Q14790_site335,1,1,1.889674653417742
Q14790_site337,1,1,0.3868089227817364
Q14790_site339,1,1,1.0578196820326975
Q14790_site340,1,1,0.3680350917685396
Q14790_site341,1,1,1.0386103680050702
Q14790_site342,1,1,1.7543505307889933
Q14790_site343,1,1,0.8590219976218787
Q14790_site344,1,1,0.344533943471148
Q14790_site348,1,1,1.1693040934359873
Q14790_site349,1,1,1.4992812086150415
Q14790_site351,1,1,1.010855618715833
Q14790_site355,1,1,1.0492563457434951
Q14790_site360,1,1,2.6996544985413498
Q14790_site361,1,1,0.9453796621709092
Q14790_site362,1,1,0.779018258460432
Q14790_site367,1,1,0.8810491626035699
Q14790_site368,1,1,2.155286005736988
Q14790_site369,1,1,2.58992183243648
Q14790_site370,1,1,0.6427887986962286
Q14790_site373,1,1,0.9897377741751288
Q14790_site374,1,1,1.0544980399272514
Q14790_site375,1,1,0.9575602878257486
Q14790_site376,1,1,1.2707255702913216
Q14790_site377,1,1,1.0143196872498637
Q14790_site378,1,1,1.0115432033662222
Q14790_site379,1,1,1.0696176672521491
Q14790_site380,1,1,1.4888651316450507
Q14790_site382,1,1,0.3057712918238809
Q14790_site383,1,1,1.2405298049280384
Q14790_site386,1,1,1.2397775845610366
Q14790_site387,1,1,1.079520683402099
Q14790_site389,1,1,1.0277658683090851
Q14790_site390,1,1,1.3362199714656624
Q14790_site395,1,1,0.907590964173632
Q14790_site396,1,1,1.0867383293633828
Q14790_site397,1,1,2.4514084022827807
Q14790_site398,1,1,0.2339208214927593
Q14790_site399,1,1,0.6321685208902756
Q14790_site400,1,1,0.7665690217613131
Q14790_site402,1,1,1.1433608392819588
Q14790_site404,1,1,1.0071111070251486
Q14790_site405,1,1,0.9571158116368976
Q14790_site406,1,1,0.8239609905377555
Q14790_site410,1,1,0.3726414028891467
Q14790_site411,1,1,1.0009972256174458
Q14790_site412,1,1,0.333450362139138
Q14790_site413,1,1,1.043653131580636
Q14790_site414,1,1,4.457311665699362
Q14790_site415,1,1,1.1239253931071085
Q14790_site416,1,1,1.1067270375161709
Q14790_site418,1,1,1.218242179802802
Q14790_site419,1,1,0.4183820412485672
Q14790_site421,1,1,1.0918360361303625
Q14790_site422,1,1,1.070383070290186
Q14790_site424,1,1,0.4446903073894323
Q14790_site425,1,1,1.1057640594297904
Q14790_site426,1,1,1.2204441311244272
Q14790_site428,1,1,1.6916257509682535
Q14790_site429,1,1,1.1030869746038985
Q14790_site433,1,1,1.2078880764904387
Q14790_site434,1,1,1.6161711840228246
Q14790_site435,1,1,0.7068280738944991
Q14790_site439,1,1,1.0929103190280334
Q15047_site10,1,1,0.432135791225701
Q15047_site12,1,1,1.311427060008551
Q15047_site23,10,8,2.4030344203965046
Q15047_site24,10,8,1.0442620754647252
Q15047_site25,2,2,2.24305611749474
Q15047_site26,10,8,1.8002927746341246
Q15047_site27,10,8,1.7837386131846775
Q15047_site29,7,6,1.8735969174066007
Q15047_site31,9,7,2.4537673766171144
Q15047_site32,10,8,1.3851203896839848
Q15047_site33,9,7,1.6454475534414004
Q15047_site34,9,7,1.9525523841398056
Q15047_site36,6,5,1.0124592416846554
Q15047_site37,4,3,1.1218580452221292
Q15047_site5,1,1,0.708674649545975
Q15047_site6,1,1,0.3597614917790152
Q15047_site7,1,1,1.9429990461467617
Q15047_site8,1,1,0.9584896990120242
Q15059_site1,4,4,5.214353151314112
Q15059_site10,1,1,0.7261167257867531
Q15059_site12,6,6,1.7799773901451963
Q15059_site13,2,2,2.0185510259731405
Q15059_site14,1,1,1.200200566464745
Q15059_site15,4,4,1.2434450628988525
Q15059_site16,1,1,1.1381314624844492
Q15059_site17,2,2,1.4375022923161562
Q15059_site18,2,2,2.3533913490437404
Q15059_site19,3,3,3.353444640475064
Q15059_site2,2,2,1.1608231707317074
Q15059_site20,3,3,1.4392908960331698
Q15059_site212,2,2,2.8348126738551955
Q15059_site213,2,2,1.806442681870152
Q15059_site214,2,2,0.4556028385655021
Q15059_site215,2,2,1.485912850215125
Q15059_site216,2,2,1.2050899265136727
Q15059_site217,2,2,3.102854262085832
Q15059_site218,2,2,0.5040754368777198
Q15059_site219,2,2,0.7867280773981062
Q15059_site22,2,2,0.7264549209201553
Q15059_site220,1,1,5.922733444380677
Q15059_site227,1,1,0.9345873722024752
Q15059_site229,2,2,3.820251421730021
Q15059_site23,2,2,1.8982714410298465
Q15059_site239,1,1,3.46318417275167
Q15059_site240,1,1,0.9181489795685812
Q15059_site242,1,1,1.9424011533035868
Q15059_site243,1,1,0.6548931825820075
Q15059_site244,1,1,1.3388972008199151
Q15059_site245,1,1,1.5214819101017103
Q15059_site246,1,1,1.1496692266431598
Q15059_site247,1,1,1.0253635013746158
Q15059_site249,1,1,0.8449533994832529
Q15059_site251,1,1,0.7266254029716143
Q15059_site26,2,2,1.549715278804911
Q15059_site261,1,1,3.360945617858356
Q15059_site263,1,1,0.9235082596812256
Q15059_site27,3,3,1.8294588573332224
Q15059_site29,2,2,0.8352486710386126
Q15059_site3,2,2,1.9694739849639875
Q15059_site4,2,2,1.7112409525388144
Q15059_site5,3,3,1.6952560382069477
Q15059_site6,5,5,4.942238872735406
Q15059_site7,1,1,1.5627122899517585
Q15059_site8,2,2,1.478574631466846
Q15059_site9,4,4,1.8964728658721035
Q15116_site242,1,1,4.145256571078503
Q15116_site3,1,1,1.1245840924305657
Q15116_site365,1,1,0.7402977262581012
Q15116_site384,1,1,0.5418907102308215
Q15116_site5,1,1,1.414181236160358
Q15116_site7,1,1,4.815960891452278
Q15119_site1,8,7,1.1476716922584551
Q15119_site10,4,4,1.9620562987253567
Q15119_site11,6,6,1.6997108971634116
Q15119_site13,9,8,1.0124968689201292
Q15119_site14,1,1,1.370030482023007
Q15119_site15,9,8,0.7432879065010558
Q15119_site16,3,3,1.9281199774680493
Q15119_site17,5,4,2.603235606310164
Q15119_site18,3,3,1.350253593450765
Q15119_site19,6,5,1.6186845805342918
Q15119_site2,7,6,1.1547171033455323
Q15119_site20,9,8,3.356850557578996
Q15119_site21,6,6,0.8063479765316652
Q15119_site22,9,8,1.2542565446853886
Q15119_site23,1,1,0.9798708153661724
Q15119_site24,7,7,1.6301199973184957
Q15119_site25,9,8,0.8032364370618713
Q15119_site27,8,7,0.9779965408612394
Q15119_site3,9,8,3.560676276854703
Q15119_site4,9,8,0.7624089572918421
Q15119_site5,1,1,1.0464088745454627
Q15119_site6,2,2,2.430753089298205
Q15119_site7,3,3,0.921111969334248
Q15119_site8,5,4,1.543912971785353
Q15119_site9,8,7,0.7197931614761888
Q15370_site1,6,6,1.782906974047359
Q15370_site10,1,1,2.018503490420958
Q15370_site11,5,5,1.2086264814599277
Q15370_site12,13,10,1.285989282555538
Q15370_site13,41,27,2.465581106463224
Q15370_site134,5,4,1.7722350876748965
Q15370_site14,44,27,3.1613137284193003
Q15370_site15,31,20,1.443054319091533
Q15370_site16,40,24,3.5914122872847494
Q15370_site19,19,14,1.641836642190191
Q15370_site2,47,28,3.160639801440932
Q15370_site20,25,17,2.1073638526438327
Q15370_site21,6,6,2.4093262189930185
Q15370_site216,13,11,2.4268893021243634
Q15370_site23,11,7,1.0280317222932462
Q15370_site237,2,2,0.9287958875992226
Q15370_site24,1,1,0.9896441254625375
Q15370_site25,22,16,1.768462450839628
Q15370_site26,36,25,2.925037040388161
Q15370_site27,31,19,1.3871815998457304
Q15370_site28,34,20,3.252387861575032
Q15370_site288,17,12,1.6062454702445397
Q15370_site29,4,3,1.1448600369584558
Q15370_site3,48,29,1.7522731983558664
Q15370_site30,40,25,4.269880820656627
Q15370_site31,7,7,1.401181298251058
Q15370_site311,4,3,0.9206483935822416
Q15370_site32,5,2,1.650183530564015
Q15370_site322,7,6,1.267282048328101
Q15370_site33,2,1,0.9770951304015872
Q15370_site333,2,2,1.6945558872924051
Q15370_site334,4,4,1.1674134144534611
Q15370_site337,1,1,0.9745526782847403
Q15370_site339,5,5,1.0483487863698036
Q15370_site34,3,1,1.7643318276963755
Q15370_site341,1,1,1.135055726614337
Q15370_site342,5,5,1.111910520988798
Q15370_site345,2,2,0.6729025773810539
Q15370_site346,1,1,1.111415479981079
Q15370_site347,7,6,1.0697945624545742
Q15370_site35,3,1,0.8113916013693132
Q15370_site353,4,4,1.9832534716350043
Q15370_site36,4,1,5.6208034975351735
Q15370_site37,3,1,1.820281476073044
Q15370_site39,1,1,1.3163466955192118
Q15370_site4,32,18,2.5122311364866863
Q15370_site40,2,1,1.3475272955650746
Q15370_site41,3,1,3.8465976118544094
Q15370_site42,3,1,1.1584238536123062
Q15370_site43,1,1,1.6354564455549794
Q15370_site45,8,6,1.292833607907743
Q15370_site457,1,1,0.418596166387712
Q15370_site46,4,1,1.7271825046582328
Q15370_site467,1,1,2.2670964354174314
Q15370_site47,2,1,2.082987812978514
Q15370_site475,1,1,1.698684113617951
Q15370_site48,2,1,1.3770732494844482
Q15370_site49,2,1,1.0960071268673763
Q15370_site499,2,2,2.0597565546765573
Q15370_site5,21,18,2.3392927238339936
Q15370_site50,2,1,1.7664243546355456
Q15370_site502,2,2,1.9520565800360423
Q15370_site503,1,1,0.5615974512503602
Q15370_site53,1,1,1.3859742018902197
Q15370_site55,2,2,2.840809915851357
Q15370_site59,4,4,0.965489991399146
Q15370_site6,31,22,1.289171271290988
Q15370_site7,6,6,1.4608299109976808
Q15370_site71,38,25,15.204535100739196
Q15370_site8,11,10,1.716333258444482
Q15370_site86,23,14,1.5136738276483692
Q15370_site9,13,9,2.285679195848239
Q15561_site1,5,5,0.9481442629385268
Q15561_site10,5,5,2.6448824837992064
Q15561_site13,2,2,0.6347827773252882
Q15561_site15,4,4,0.8105327714419741
Q15561_site16,4,4,1.1417487812467586
Q15561_site17,5,5,0.7993809438142437
Q15561_site19,5,5,1.259998579558065
Q15561_site21,5,5,0.9076595246051756
Q15561_site22,1,1,1.4756677019784588
Q15561_site23,3,3,0.993469939764748
Q15561_site24,4,4,0.9402744003661064
Q15561_site25,2,2,1.282312592824201
Q15561_site26,3,3,1.2255188210890573
Q15561_site27,4,4,1.8049333670059835
Q15561_site28,2,2,1.0005343286818345
Q15561_site3,4,4,1.607373780734727
Q15561_site30,1,1,1.2160757924048065
Q15561_site31,1,1,1.0923543197956898
Q15561_site32,4,4,0.8675468322856171
Q15561_site5,4,4,1.5307314874500595
Q15561_site6,3,3,2.163404018018801
Q15561_site7,3,3,0.9398679691433504
Q15562_site1,16,10,1.450978931328614
Q15562_site10,16,10,1.3514425236032892
Q15562_site11,10,6,0.9772582249497964
Q15562_site12,28,20,2.1466594412080413
Q15562_site14,16,11,0.976732262195366
Q15562_site15,35,22,1.882920954485807
Q15562_site16,10,7,3.346417468211794
Q15562_site17,11,8,1.714723808567149
Q15562_site18,15,10,0.6717610569853115
Q15562_site19,15,8,3.094732209375389
Q15562_site2,19,12,1.545062778900896
Q15562_site21,9,7,3.3996934641797183
Q15562_site23,24,16,1.824984890007534
Q15562_site24,25,18,4.800117233294255
Q15562_site25,21,14,2.021883338681812
Q15562_site26,14,10,2.303160312009048
Q15562_site27,18,15,1.065725565539298
Q15562_site28,14,9,2.172554981250633
Q15562_site29,8,6,3.61258861826276
Q15562_site3,7,6,1.1593284586398709
Q15562_site30,13,8,1.7956430298234014
Q15562_site31,6,5,1.6932658095624475
Q15562_site32,22,17,3.024224582540289
Q15562_site33,15,10,1.6078696013289036
Q15562_site34,13,8,1.0791795697879492
Q15562_site35,12,8,2.9264607379722256
Q15562_site36,14,10,1.901041077928244
Q15562_site37,5,2,1.9860468117368089
Q15562_site38,5,4,1.17921681157173
Q15562_site4,6,4,1.2939131339943268
Q15562_site40,11,8,2.321772240140127
Q15562_site41,8,5,1.5625669414525545
Q15562_site42,12,7,2.193934901825259
Q15562_site49,15,10,1.7399967838549515
Q15562_site5,18,12,1.4272684771064672
Q15562_site50,1,1,1.2699789145442155
Q15562_site51,10,6,1.0386228277132006
Q15562_site52,9,6,2.1258577904469145
Q15562_site53,2,2,0.6711266686781867
Q15562_site54,3,3,0.6832861299333998
Q15562_site6,10,7,3.0069649598589514
Q15596_site338,29,23,1.4226471694145748
Q15596_site341,29,23,1.576274491250104
Q15596_site342,19,17,1.5318297057981782
Q15596_site344,24,19,1.3254759383926968
Q15596_site346,15,13,1.477606346871818
Q15596_site347,26,21,4.032160322561328
Q15596_site348,28,23,1.8887010169538891
Q15596_site351,11,10,1.7445147196658275
Q15596_site352,20,16,1.6566433769380895
Q15596_site355,18,15,2.3652136237356003
Q15596_site357,23,18,2.473752583407145
Q15596_site358,6,5,0.9307952134119792
Q15596_site375,9,9,1.164631066980553
Q15596_site395,4,4,1.6504064679490027
Q15596_site853,3,3,0.8236332995081883
Q15596_site856,18,15,2.4382722698999766
Q15596_site979,7,6,1.7733834946293736
Q15691_site1,1,1,2.092545234490128
Q15691_site102,1,1,1.621181858753466
Q15691_site11,1,1,1.3001130533089835
Q15691_site2,1,1,1.1391645440652065
Q15691_site23,1,1,2.862804709524073
Q15691_site26,1,1,0.7458404669260701
Q15691_site3,1,1,1.1618460868455236
Q15691_site4,1,1,1.085902471927945
Q15691_site6,1,1,1.201943489863974
Q15691_site8,1,1,0.9050053324084008
Q15788_site1049,9,9,0.810869115517598
Q15788_site1050,5,5,1.506448307069847
Q15788_site1051,7,7,2.104450921761272
Q15788_site1052,10,7,0.9979584547751434
Q15788_site1156,9,9,1.356435195752259
Q15788_site1157,2,2,1.2252834537186148
Q15788_site1158,9,9,1.4533449545246284
Q15788_site1159,9,9,2.75172616930039
Q15788_site1160,7,7,0.7074310089666579
Q15788_site1161,8,8,1.5898024804777215
Q15788_site1162,1,1,1.8410094285236085
Q15788_site1163,9,9,2.1800572819230832
Q15788_site1164,4,4,1.1811445877499869
Q15788_site1165,3,3,1.078508322698318
Q15788_site1166,8,8,1.9846328382838283
Q15788_site1167,9,9,1.6595730355700111
Q15788_site1168,6,6,1.4878903984992329
Q15788_site1170,9,9,4.828349999179022
Q15788_site1171,1,1,1.2942086218971287
Q15788_site1172,1,1,1.0618793005604028
Q15788_site1173,1,1,0.9011355971560312
Q15788_site1174,8,8,1.2279828138114577
Q15788_site1175,1,1,1.0397093415934973
Q15788_site124,5,5,3.103477428069617
Q15788_site126,7,7,3.3911654823039923
Q15788_site1273,3,3,4.85945098589151
Q15788_site1274,2,2,4.414290608456203
Q15788_site1275,1,1,1.7277233360898046
Q15788_site1276,1,1,1.202508614376912
Q15788_site1278,2,2,1.0227945879906264
Q15788_site1280,2,2,0.8142148769162539
Q15788_site1281,1,1,2.0829220871040723
Q15788_site1282,3,3,1.1447088127874816
Q15788_site1287,3,3,2.2612545182372488
Q15788_site1288,3,3,1.8644989883886447
Q15788_site1289,5,5,0.967786374602988
Q15788_site1291,3,3,1.6519568932510296
Q15788_site1293,5,5,2.2388068596629767
Q15788_site1294,2,2,1.3487446392138902
Q15788_site1295,2,2,1.3348791705556242
Q15788_site1296,2,2,1.182255021275196
Q15788_site1297,2,2,1.2835699653881472
Q15788_site1298,2,2,1.7066859579652756
Q15788_site1299,1,1,1.1782322544603892
Q15788_site130,3,3,4.0810189576103815
Q15788_site1300,1,1,0.8651333857470572
Q15788_site1301,3,3,2.234929561895023
Q15788_site1302,1,1,1.128083625705664
Q15788_site1303,2,2,1.1679902035496366
Q15788_site1304,2,2,1.409821054834659
Q15788_site1306,3,3,1.3917379401491552
Q15788_site132,5,5,1.9017047363117232
Q15788_site136,5,5,2.892166411576458
Q15788_site137,6,5,3.005868927290512
Q15788_site139,8,7,2.523210412147505
Q15788_site1405,2,2,1.093470943189398
Q15788_site1408,2,2,1.1161132183690363
Q15788_site143,3,3,4.401961381031361
Q15788_site1439,1,1,0.8756485673235923
Q15788_site144,2,2,0.4942474570426987
Q15788_site145,8,8,2.517797317069835
Q15788_site1454,1,1,1.115333726283856
Q15788_site1462,2,2,0.4119606149515114
Q15788_site147,7,7,2.0702824545281158
Q15788_site1475,1,1,0.7220544134314518
Q15788_site1479,2,2,0.9503275789054132
Q15788_site148,5,5,5.271533475506624
Q15788_site155,6,6,1.0446887431787488
Q15788_site157,10,9,2.4554128040311376
Q15788_site160,6,6,2.34429707271744
Q15788_site1608,1,1,1.5852284165295685
Q15788_site1609,1,1,0.8438014302000207
Q15788_site1611,2,2,2.191451072878041
Q15788_site1612,1,1,0.2289986262891353
Q15788_site165,4,4,1.8154027719808288
Q15788_site1651,1,1,1.0507269706096167
Q15788_site166,7,7,4.55845727625745
Q15788_site1674,1,1,0.7889401225018626
Q15788_site1675,1,1,1.6592459615533737
Q15788_site170,2,2,1.2655747337495409
Q15788_site174,3,3,1.666411283835033
Q15788_site175,6,6,2.9505893472923668
Q15788_site176,3,3,1.1859792341116793
Q15788_site177,6,5,1.2733523639607494
Q15788_site460,1,1,4.295997941350876
Q15788_site461,2,2,1.2943441438311392
Q15788_site462,3,3,0.8735883141353122
Q15788_site463,2,2,0.6430173076543989
Q15788_site464,2,2,1.0869400530292457
Q15788_site466,3,3,1.9510507986069408
Q15788_site467,1,1,1.6621147424079037
Q15788_site469,1,1,2.096323859287996
Q15788_site470,1,1,0.9902175312137984
Q15788_site472,3,3,2.106514520316368
Q15788_site473,2,2,1.3735747820254862
Q15788_site474,2,2,1.8371071471908749
Q15788_site475,6,6,1.3992688799890207
Q15788_site476,4,3,1.4032593371406723
Q15788_site477,3,3,3.930368301553176
Q15788_site478,1,1,1.399788276108362
Q15788_site480,2,2,1.1446989366359992
Q15788_site481,1,1,0.8344267607977787
Q15788_site482,6,5,2.4598451405774178
Q15788_site484,4,4,2.6875346500346504
Q15788_site485,3,3,1.6667330802625786
Q15788_site486,2,2,1.6686740821618673
Q15788_site487,3,3,1.3601770881058146
Q15788_site489,1,1,0.9184388310145783
Q15788_site490,3,3,1.4360274754280449
Q15788_site491,5,5,2.2914006194681398
Q15788_site492,3,3,3.298512148319553
Q15788_site493,3,3,3.79192767508035
Q15788_site540,34,22,2.532864196339085
Q15788_site542,34,22,3.660540849063408
Q15788_site548,31,23,2.634307819669388
Q15788_site550,8,8,2.71600537936854
Q15788_site551,34,22,1.0085762701632897
Q15788_site552,30,20,0.890467810694982
Q15788_site555,6,6,2.2683588191156305
Q15788_site655,33,20,17.48998090601985
Q15788_site688,21,10,1.2514496279428842
Q15788_site721,20,15,1.658775451623503
Q15788_site755,9,9,2.332455576413712
Q15788_site758,3,3,0.8256853330973294
Q15788_site766,8,6,1.5532352004601906
Q15788_site940,2,2,0.5628546668660865
Q16539_site1,103,92,3.729124279092536
Q16539_site10,42,40,4.011544932412833
Q16539_site108,8,8,1.2529386633638142
Q16539_site109,38,36,1.0470275247575924
Q16539_site11,56,55,1.423600950987564
Q16539_site113,6,6,1.7808991740597058
Q16539_site114,16,15,1.212327411766959
Q16539_site12,104,102,3.078028560883513
Q16539_site13,126,113,2.582655414026997
Q16539_site14,45,42,9.806804351663462
Q16539_site148,6,6,2.73298193479854
Q16539_site15,122,111,2.472528946102911
Q16539_site16,199,175,3.1955079186521225
Q16539_site17,179,160,3.4077224776497346
Q16539_site18,118,107,3.873590944137423
Q16539_site182,27,27,1.230668185922518
Q16539_site19,103,91,2.596213149130381
Q16539_site2,139,121,13.536082563861791
Q16539_site21,100,92,2.692582625067813
Q16539_site22,67,64,9.432187674643092
Q16539_site23,172,156,5.800843425117831
Q16539_site24,141,125,3.287638487601072
Q16539_site249,6,6,1.3202919368632564
Q16539_site25,17,17,7.531623200267867
Q16539_site250,4,4,10.032929229590149
Q16539_site254,6,6,1.861872597276614
Q16539_site26,8,8,3.336252309231278
Q16539_site27,130,121,4.621520840830407
Q16539_site28,34,34,2.266354039489559
Q16539_site29,161,143,2.525995339771021
Q16539_site3,157,139,13.715806503155706
Q16539_site30,123,109,3.0044947313199875
Q16539_site31,121,107,1.8656848621384663
Q16539_site32,121,118,7.686486461633248
Q16539_site33,13,13,3.696960431333879
Q16539_site34,46,45,2.864086740819292
Q16539_site35,27,27,5.991665476329607
Q16539_site36,112,105,2.660570270661456
Q16539_site37,12,12,2.170121961319104
Q16539_site38,64,61,1.5843177943823985
Q16539_site39,43,42,1.5788026695886046
Q16539_site4,102,94,2.713337623398297
Q16539_site40,52,51,2.6142519245879083
Q16539_site43,26,26,4.439568174055252
Q16539_site45,11,11,3.529381876987292
Q16539_site47,50,43,2.482940745452044
Q16539_site5,154,138,2.3546438240017014
Q16539_site50,44,36,1.5078743510793695
Q16539_site51,40,39,3.183524527409325
Q16539_site52,64,62,4.080466000187363
Q16539_site53,47,45,4.830912490331853
Q16539_site54,36,35,3.232981404312091
Q16539_site56,14,13,1.9806793662536215
Q16539_site58,90,81,2.3532290417781057
Q16539_site59,89,83,2.3040771433264515
Q16539_site61,53,50,2.606538518998058
Q16539_site62,16,16,1.465472097552714
Q16539_site63,29,27,1.7636869275416165
Q16539_site66,18,17,2.866592634832978
Q16539_site67,21,20,1.7256309159390033
Q16539_site68,28,26,3.971105571222537
Q16539_site69,99,93,8.972798033592788
Q16539_site7,189,167,4.124711976500801
Q16539_site70,68,66,2.6096487893394973
Q16539_site74,87,77,2.819393680863234
Q16539_site75,84,80,4.501439539347408
Q16539_site78,92,85,3.1287810809404912
Q16539_site79,2,2,1.6408780781227297
Q16539_site9,119,107,6.113274954638176
Q16548_site1,1,1,1.3611007414764456
Q16548_site10,5,5,2.028171195419978
Q16548_site14,1,1,0.8239143810713553
Q16548_site17,10,6,5.752316173064451
Q16548_site18,10,7,1.9517029944143465
Q16548_site2,1,1,2.098587621822846
Q16548_site22,8,6,1.91474333323806
Q16548_site27,3,3,0.983858343491371
Q16548_site28,2,2,1.8171187382436755
Q16548_site29,9,6,2.0060437220708724
Q16548_site30,2,2,1.5105282510111533
Q16548_site34,2,2,1.2739173187065145
Q16548_site36,7,5,2.090633790758543
Q16548_site37,1,1,1.3447936312650266
Q16548_site38,12,8,2.1254943200674954
Q16548_site39,1,1,0.7902146396291885
Q16548_site40,10,7,2.472024832438213
Q16548_site42,10,5,0.7423136316329328
Q16548_site53,6,6,2.276693965005653
Q16548_site6,3,3,4.339722262404165
Q16548_site7,1,1,0.856868280181862
Q16552_site1,1,1,1.609470764426777
Q16552_site2,1,1,1.0331980774340024
Q16552_site220,1,1,1.0856790438296775
Q16552_site225,1,1,0.491051061321835
Q16552_site234,1,1,1.7273564979314164
Q16552_site3,1,1,2.20856603326798
Q16552_site4,1,1,2.5218898713700115
Q16552_site55,1,1,1.3679532131704375
Q16552_site62,3,3,5.421971252566736
Q16552_site63,3,3,3.9169754408644177
Q16552_site64,3,3,2.3504621318951533
Q16552_site68,1,1,1.8845226781715407
Q16552_site70,1,1,1.0406347746731035
Q16552_site73,1,1,1.357826290713114
Q16552_site74,3,3,0.8081449036952562
Q16552_site75,3,3,2.175885692537029
Q16552_site76,3,3,1.0004670077927191
Q16552_site77,3,3,2.26128867183589
Q16552_site78,3,3,1.0306291584827187
Q16552_site79,3,3,1.182489392918038
Q16552_site82,1,1,2.160892913551648
Q16552_site86,3,3,0.666461996952418
Q16552_site87,3,3,1.5272259698659691
Q16552_site88,3,3,1.648989585026922
Q16552_site9,1,1,1.173080759643974
Q16611_site1,4,1,2.87148288973384
Q16611_site10,3,1,1.1090281485013551
Q16611_site12,1,1,2.043439586158058
Q16611_site15,3,1,1.066704436531804
Q16611_site16,3,1,1.5070048961557907
Q16611_site170,1,1,1.930677437651964
Q16611_site171,1,1,2.133403491217326
Q16611_site172,1,1,0.724709778435227
Q16611_site173,1,1,1.1231423561453036
Q16611_site174,1,1,1.058978142425475
Q16611_site175,2,1,2.170263385711528
Q16611_site178,1,1,1.0257008475365557
Q16611_site180,1,1,0.8965108919166926
Q16611_site182,1,1,1.4526845239017387
Q16611_site183,1,1,0.736050715281723
Q16611_site216,1,1,3.6931990965589527
Q16611_site218,1,1,0.4024260450753952
Q16611_site221,4,1,1.9395335503818825
Q16611_site223,5,1,0.9483742986394356
Q16611_site236,1,1,1.5993857236105928
Q16611_site237,1,1,0.4986948230363019
Q16611_site26,4,2,1.798354879191578
Q16611_site261,1,1,1.021793200038636
Q16611_site262,3,1,2.562534683076995
Q16611_site282,2,2,0.924267491844502
Q16611_site283,1,1,1.5731989929853252
Q16611_site284,3,2,0.3631680922873622
Q16611_site286,1,1,0.4714043676832239
Q16611_site290,2,1,0.6441388309704144
Q16611_site295,2,1,1.1274045151060823
Q16611_site31,2,1,2.601503810840027
Q16611_site312,4,2,1.7117140262674138
Q16611_site34,3,1,4.131881159192297
Q16611_site48,1,1,1.2581389911742358
Q16611_site485,1,1,0.7225069451780621
Q16611_site5,6,1,6.9547891406663975
Q16611_site543,3,1,1.146594041599717
Q16611_site551,3,1,1.184293224644102
Q16611_site565,3,1,5.038862489409511
Q16611_site781,3,1,0.5563711880237906
Q16769_site1,15,11,0.9900581987657646
Q16769_site10,10,8,2.717705517699044
Q16769_site101,5,4,0.4903194003776542
Q16769_site103,9,8,2.1413353851414896
Q16769_site104,5,5,1.8081874867824888
Q16769_site105,3,3,2.6162742456758568
Q16769_site107,2,2,1.0439924584356968
Q16769_site109,1,1,0.9558129031409366
Q16769_site11,11,9,1.6355820562201633
Q16769_site110,2,2,0.935505693394394
Q16769_site113,2,2,1.7710237469220818
Q16769_site12,15,12,7.561892478957372
Q16769_site122,1,1,1.9125811221555904
Q16769_site124,2,2,1.3989024236101546
Q16769_site127,2,2,1.0286931672634327
Q16769_site128,2,2,1.0386327127645156
Q16769_site130,1,1,1.4757982487174952
Q16769_site132,2,2,1.3663834685965737
Q16769_site134,1,1,0.5421062961685323
Q16769_site136,1,1,1.3656110757479312
Q16769_site138,1,1,0.9520998772514344
Q16769_site139,1,1,1.166551349214194
Q16769_site14,22,15,4.355280811395124
Q16769_site140,2,2,3.651950147661312
Q16769_site141,1,1,1.953560698633787
Q16769_site142,2,2,4.145272633890477
Q16769_site144,1,1,1.5342272710158724
Q16769_site145,2,2,0.5807022326760287
Q16769_site147,3,3,1.0208742092794163
Q16769_site148,3,3,0.7671521798090574
Q16769_site149,3,3,1.3016027577013602
Q16769_site15,8,7,1.2322020068186592
Q16769_site150,1,1,0.972627798476152
Q16769_site151,3,3,1.0781417742041497
Q16769_site152,1,1,0.9022739983404672
Q16769_site153,1,1,0.7227120063889875
Q16769_site154,1,1,0.3749708805288536
Q16769_site155,2,2,0.9418903978818796
Q16769_site158,1,1,0.8051091588696045
Q16769_site159,1,1,0.7270195639760006
Q16769_site16,15,11,2.3461522785893534
Q16769_site161,1,1,3.298502313181213
Q16769_site162,2,2,1.3340929053630135
Q16769_site163,1,1,0.9931732345186348
Q16769_site164,2,2,1.0147019915884354
Q16769_site165,3,3,1.1463296519363773
Q16769_site167,1,1,1.0840948598356963
Q16769_site168,1,1,1.1125858145868963
Q16769_site169,1,1,0.6806512124655978
Q16769_site17,12,10,2.7783600648765545
Q16769_site170,1,1,1.0231744643637954
Q16769_site171,2,2,1.071559365429178
Q16769_site172,1,1,0.6725872799272884
Q16769_site173,3,3,1.0657879988995425
Q16769_site174,3,3,1.2132795188350745
Q16769_site177,3,3,4.08162221323372
Q16769_site178,1,1,0.9095009910084116
Q16769_site179,3,3,1.0748916401395463
Q16769_site18,7,5,4.59504524958552
Q16769_site180,2,2,1.1024902072618272
Q16769_site181,1,1,1.1716543851154877
Q16769_site183,3,3,1.7843151758347933
Q16769_site184,3,3,1.8281541977343323
Q16769_site185,3,3,1.2597949624178455
Q16769_site186,1,1,1.2841176022228842
Q16769_site187,3,3,2.102404427726316
Q16769_site188,2,2,0.936745398498799
Q16769_site189,1,1,1.8846118349202443
Q16769_site19,10,9,2.192225876724617
Q16769_site190,1,1,0.8693253604039066
Q16769_site2,10,9,6.485501773803556
Q16769_site20,12,9,1.8141053160633696
Q16769_site21,12,10,2.5234579552189853
Q16769_site22,13,10,1.51367844160309
Q16769_site23,15,11,2.9263498511161985
Q16769_site24,8,7,5.189805825242718
Q16769_site25,13,10,2.5206920039395806
Q16769_site26,14,11,1.7562222446971856
Q16769_site260,2,2,3.7292333285237778
Q16769_site261,1,1,0.8593371510762002
Q16769_site262,1,1,3.025266042000243
Q16769_site264,2,2,1.034027641597108
Q16769_site265,2,2,1.0634127018114856
Q16769_site266,2,2,1.2985871795299495
Q16769_site27,14,11,3.190858458339522
Q16769_site270,2,2,1.4145007380851962
Q16769_site271,1,1,1.161274676589183
Q16769_site279,1,1,1.0383488570297994
Q16769_site28,19,14,4.537785805478181
Q16769_site280,10,7,0.9914527979635624
Q16769_site284,1,1,1.298164340006955
Q16769_site285,1,1,0.5851868422441681
Q16769_site29,1,1,1.188541922498637
Q16769_site3,14,10,2.639627568198996
Q16769_site30,4,4,2.0060181423749257
Q16769_site31,7,7,4.056270114876704
Q16769_site32,4,4,1.484531090266693
Q16769_site33,24,17,1.8958373824221728
Q16769_site34,2,2,1.0176839518944782
Q16769_site35,12,9,1.2345542550228417
Q16769_site36,20,15,5.608940330113422
Q16769_site37,6,6,2.9490745596081047
Q16769_site38,11,8,1.6730486141031164
Q16769_site39,20,14,3.6668980710789354
Q16769_site4,24,17,6.521094726051532
Q16769_site40,9,9,1.466247238830999
Q16769_site41,12,9,4.166753517457009
Q16769_site42,7,6,3.3853137548600927
Q16769_site43,5,5,1.357202450116347
Q16769_site44,14,9,3.726600638744601
Q16769_site45,4,4,1.402480479546139
Q16769_site46,4,4,2.530636753546684
Q16769_site47,4,4,2.0973484058190923
Q16769_site48,2,2,0.6938735612521688
Q16769_site49,13,11,3.603559353821668
Q16769_site5,12,10,2.2519677411542465
Q16769_site50,3,3,1.3108299610675969
Q16769_site51,20,15,3.5542361430154314
Q16769_site52,14,11,7.099991035209216
Q16769_site53,11,8,4.500517390498548
Q16769_site54,15,12,2.027142688261024
Q16769_site55,10,9,2.002613520613306
Q16769_site56,7,6,3.781129279257027
Q16769_site57,5,4,1.3699559610391472
Q16769_site58,1,1,1.027379607400085
Q16769_site59,15,14,4.082776349614396
Q16769_site6,22,16,5.619840586134506
Q16769_site60,1,1,0.9665482823837138
Q16769_site61,7,5,1.5378908814082022
Q16769_site62,8,7,1.3364178594695797
Q16769_site65,18,14,3.6885645192157135
Q16769_site66,10,6,1.1999790316257786
Q16769_site67,11,7,1.2693306285796184
Q16769_site68,10,8,5.12632168145308
Q16769_site69,3,3,1.3288160411724383
Q16769_site7,13,10,1.406271712053685
Q16769_site72,3,3,0.967319570454662
Q16769_site73,2,2,1.104147382495115
Q16769_site74,2,2,0.5776450830378802
Q16769_site8,24,17,1.5733356214492806
Q16769_site81,7,7,4.98794523815609
Q16769_site9,11,10,2.0457896145488856
Q16790_site181,4,3,1.8653646630802916
Q16790_site183,3,2,1.4192090314195758
Q16790_site184,5,3,1.5191828692950369
Q16790_site215,2,1,1.1118148377670007
Q16790_site220,6,5,1.1016124991636416
Q16790_site261,13,9,3.3189114616277275
Q16790_site270,9,7,0.7844558428057151
Q16790_site285,5,5,1.0593033301504355
Q16790_site292,2,2,0.5064197624751258
Q16790_site296,1,1,0.670386073461768
Q16790_site297,4,3,1.0833152038160618
Q16790_site301,5,5,1.384724919444957
Q16790_site304,5,3,1.000560620041403
Q16790_site306,3,3,0.8671628485539545
Q16790_site31,11,9,2.1732585699753963
Q16790_site310,3,3,0.890161473842206
Q16790_site311,1,1,1.031564612347966
Q16790_site313,3,3,2.179158770722092
Q16790_site316,2,2,1.9771739563813244
Q16790_site318,3,2,2.4570993190136634
Q16790_site320,5,4,1.4939119455212475
Q16790_site321,3,3,1.2176605929177795
Q16790_site323,4,3,1.39293447909348
Q16790_site324,3,3,1.2257599423284873
Q16790_site325,4,3,1.4453619984160506
Q16790_site326,3,3,1.572336513098806
Q16790_site327,3,3,1.1727285900594118
Q16790_site328,3,3,1.0006233901463255
Q16790_site330,3,3,1.1479090052297969
Q16790_site331,2,2,1.0705986371471183
Q16790_site332,2,2,0.9808012634644095
Q16790_site334,4,3,1.1413468101200348
Q16790_site337,1,1,0.4538215642667409
Q16790_site338,1,1,1.600180984106897
Q16790_site36,6,5,4.304259700320969
Q16790_site41,18,15,1.1283124558021345
Q16790_site76,8,6,1.877200278023656
Q16790_site89,6,5,3.417780032449784
Q460N3_site1,2,2,0.832016873287766
Q460N3_site12,1,1,0.9689430695934258
Q460N3_site13,2,2,1.0182436294227388
Q460N3_site14,2,2,0.8961575241241414
Q460N3_site17,1,1,0.6651290671461892
Q460N3_site18,1,1,0.5473030073042991
Q460N3_site2,2,2,1.0334819267309323
Q460N3_site20,1,1,1.088984079500693
Q460N3_site3,1,1,1.1720512310852205
Q460N3_site4,1,1,0.8468340028937945
Q460N3_site6,2,2,1.7609382410392032
Q460N3_site7,1,1,0.5123921305650085
Q460N3_site8,1,1,0.884654658082349
Q460N3_site9,1,1,0.8036360271000791
Q460N5_site111,18,15,1.986036847827706
Q460N5_site112,19,16,1.3365542530068577
Q460N5_site113,15,13,1.9592554773690876
Q460N5_site114,3,3,1.081435187490663
Q460N5_site115,5,5,1.356843333515652
Q460N5_site116,18,15,1.2889073289562436
Q460N5_site118,18,15,1.5046407012476282
Q460N5_site119,19,16,2.453014349516333
Q460N5_site120,18,15,1.1326428213031323
Q460N5_site121,1,1,1.7259883514652357
Q460N5_site123,14,12,1.1300958559964875
Q460N5_site255,8,8,1.3525878053224445
Q58F21_site1,5,5,0.9689944310073692
Q58F21_site19,13,13,11.71758115289578
Q58F21_site25,1,1,0.4035365068212425
Q58F21_site26,1,1,1.148244829111255
Q58F21_site3,11,11,0.9205435934971008
Q58F21_site5,1,1,2.8411158660410045
Q6B0I6_site1,49,27,2.054319058184372
Q6B0I6_site10,7,7,1.2022591290815916
Q6B0I6_site11,56,30,2.509394661777129
Q6B0I6_site117,7,6,1.732614397349611
Q6B0I6_site12,52,30,2.127816080059674
Q6B0I6_site13,56,30,6.395772349069491
Q6B0I6_site14,10,9,1.7813375848564794
Q6B0I6_site15,45,24,3.0723568830174237
Q6B0I6_site16,3,3,1.0527369240403357
Q6B0I6_site17,44,26,3.1575361974839784
Q6B0I6_site18,33,22,1.1647653700350964
Q6B0I6_site19,21,18,1.9474876734319455
Q6B0I6_site2,30,18,3.3000254571310688
Q6B0I6_site20,54,29,2.88391101532964
Q6B0I6_site21,39,21,1.3166050930794884
Q6B0I6_site22,37,21,4.202531247378576
Q6B0I6_site23,25,16,3.945267735858549
Q6B0I6_site24,3,3,0.9869084290114812
Q6B0I6_site25,49,27,5.844094877037456
Q6B0I6_site27,12,10,1.5940959409594095
Q6B0I6_site29,37,21,2.2129150634321717
Q6B0I6_site3,51,26,5.550862513611095
Q6B0I6_site30,1,1,1.2144752592939838
Q6B0I6_site34,12,9,2.8122502894603807
Q6B0I6_site36,31,19,3.001303843309276
Q6B0I6_site4,54,30,6.60949505320954
Q6B0I6_site48,4,1,0.8697714984573113
Q6B0I6_site5,54,28,3.278761325576545
Q6B0I6_site6,12,10,1.7761328574464812
Q6B0I6_site60,18,10,0.6198926565941736
Q6B0I6_site63,4,1,0.5941053389292861
Q6B0I6_site7,1,1,1.5843690876846124
Q6B0I6_site70,4,1,3.3412416746917364
Q6B0I6_site8,32,20,2.7696132857716567
Q6B0I6_site81,7,7,1.7633967468421865
Q6B0I6_site85,1,1,1.2740045015315362
Q6B0I6_site9,55,30,3.0506916789639305
Q6B0I6_site92,4,3,2.584542992298956
Q6B0I6_site93,10,5,1.299182144949567
Q6B0I6_site99,1,1,0.3164334301615593
Q6P2Q9_site138,3,1,1.5745226604195657
Q6P2Q9_site140,1,1,0.7200765853617589
Q6P2Q9_site141,4,1,1.29697339876577
Q6P2Q9_site142,4,1,0.4817991286809425
Q6P2Q9_site144,4,1,4.962699582412183
Q6P2Q9_site145,7,1,1.31415397812567
Q6P2Q9_site146,5,1,1.7135030845080892
Q6P2Q9_site147,2,1,0.9924484081329764
Q6P2Q9_site148,3,1,1.8064063758296076
Q6P2Q9_site149,2,1,1.5095919382931078
Q6P2Q9_site150,4,1,1.014586432370536
Q6P2Q9_site151,4,1,2.641273132548857
Q6P2Q9_site152,5,1,2.906757889875925
Q6P2Q9_site153,1,1,1.1328646335671937
Q6P2Q9_site154,1,1,0.7762503359275166
Q6P2Q9_site155,3,1,1.8998821173798852
Q6P2Q9_site156,1,1,0.8787965601255369
Q6P2Q9_site157,7,1,1.029489755331409
Q6P2Q9_site158,2,1,1.6896244946582684
Q6P2Q9_site159,5,1,3.0702595526839813
Q6P2Q9_site160,3,1,2.02749793083376
Q6P2Q9_site161,2,1,0.7983783315481066
Q6P2Q9_site162,5,1,5.706867068670687
Q6P2Q9_site163,3,1,1.0474357644844008
Q6P2Q9_site164,3,1,1.8909361831669684
Q6P2Q9_site166,4,1,1.1604567249944748
Q6P2Q9_site167,7,1,1.469858653615798
Q6P2Q9_site168,3,1,3.6909365724882655
Q6P2Q9_site169,2,1,2.266326512279693
Q6P2Q9_site170,1,1,0.9206891498287202
Q6P2Q9_site171,7,1,1.8418526287047607
Q6P2Q9_site172,3,1,1.735072322861452
Q6P2Q9_site173,6,1,1.7811649813091377
Q6P2Q9_site174,3,1,1.094551505067312
Q6P2Q9_site175,2,1,1.018947649165587
Q6P2Q9_site176,1,1,0.5524031789019107
Q6P2Q9_site177,1,1,1.3412550014383222
Q6P2Q9_site178,2,1,1.530762172039156
Q6P2Q9_site179,1,1,1.062706556214908
Q6P2Q9_site180,6,1,1.5266557846327662
Q6P2Q9_site181,1,1,1.4738030983654158
Q6P2Q9_site183,3,1,1.035041210620872
Q6P2Q9_site184,2,1,1.0760198580551903
Q6P2Q9_site185,2,1,1.0981965527715687
Q6P2Q9_site186,2,1,1.4723872924840142
Q6P2Q9_site187,5,1,1.3946449934980494
Q6P2Q9_site188,3,1,1.2286431058190224
Q6P2Q9_site189,3,1,0.9615524878586804
Q6P2Q9_site190,4,1,1.004652667752661
Q6P2Q9_site191,1,1,0.5207490002698658
Q6P2Q9_site192,2,1,1.5967810682146997
Q6P2Q9_site193,4,1,2.1186922672541115
Q6P2Q9_site194,3,1,2.265105023042542
Q6P2Q9_site195,2,1,0.9263618526828292
Q6P2Q9_site196,2,1,1.7676012259781373
Q6P2Q9_site198,3,1,2.6144328006212585
Q6P2Q9_site199,6,1,1.0670533469331729
Q6P2Q9_site200,3,1,1.1776160420886317
Q6P2Q9_site201,3,1,1.635639047259342
Q6P2Q9_site202,3,1,1.1054158340163367
Q6P2Q9_site203,2,1,0.9250488397579452
Q6P2Q9_site206,1,1,0.6394815014852822
Q6P2Q9_site207,4,1,3.069395447221414
Q6P2Q9_site208,3,1,1.8086158686887344
Q6P2Q9_site209,4,1,6.531350648923396
Q6P2Q9_site210,3,1,1.1017344906738822
Q6P2Q9_site211,6,1,1.9017080235211143
Q6P2Q9_site212,3,1,0.9959014506101772
Q6P2Q9_site213,3,1,0.7887739050892085
Q6P2Q9_site214,6,1,2.606365529764225
Q6P2Q9_site215,3,1,1.5942161211359518
Q6P2Q9_site216,3,1,1.504463266744073
Q6P2Q9_site217,2,1,2.6250540124580644
Q6P2Q9_site218,7,1,1.063322642067512
Q6P2Q9_site219,5,1,3.373097061849777
Q6P2Q9_site220,2,1,0.761679313094317
Q6P2Q9_site221,3,1,1.4265804602318193
Q6P2Q9_site222,3,1,1.4211717830299735
Q6P2Q9_site223,3,1,1.7383111046031572
Q6P2Q9_site224,3,1,1.3425837711299236
Q6P2Q9_site225,2,1,1.6668153362874734
Q6P2Q9_site226,2,1,2.479671143294901
Q6P2Q9_site227,3,1,3.3889207560157173
Q6P2Q9_site228,1,1,1.3736301686357866
Q6P2Q9_site229,7,1,1.842680621716744
Q6P2Q9_site230,3,1,2.154992788782756
Q6P2Q9_site231,5,1,1.9822871041417425
Q6P2Q9_site232,3,1,0.5901337797036402
Q6P2Q9_site233,4,1,1.0660465213070918
Q6P2Q9_site235,3,1,0.9924915712541296
Q6P2Q9_site236,1,1,2.2892930126415814
Q6P2Q9_site237,1,1,1.142865311490408
Q6P2Q9_site238,2,1,0.8461306005914786
Q6P2Q9_site240,7,1,1.063972787113694
Q6P2Q9_site241,4,1,3.054180924549896
Q6P2Q9_site242,1,1,1.0297805461833491
Q6P2Q9_site243,3,1,1.1560183050125936
Q6P2Q9_site244,5,1,1.437150870469165
Q6P2Q9_site245,3,1,1.699881621225502
Q6P2Q9_site246,5,1,3.142701861017918
Q6P2Q9_site247,3,1,0.826369703101288
Q6P2Q9_site248,3,1,1.758072512023677
Q6P2Q9_site249,6,1,1.1140515235901491
Q6P2Q9_site250,2,1,1.370037616134149
Q6P2Q9_site251,3,1,1.3876392739446566
Q6P2Q9_site252,6,1,1.253352845465836
Q6P2Q9_site253,2,1,2.568381595513334
Q6P2Q9_site255,2,1,1.0221732158299357
Q6P2Q9_site256,1,1,1.0755118089497426
Q6P2Q9_site257,1,1,1.0129288337222753
Q6P2Q9_site258,3,1,1.0714275020809505
Q6P2Q9_site260,2,1,2.7094457163883154
Q6P2Q9_site261,2,1,0.5037843398320893
Q6P2Q9_site262,2,1,0.7317991807877904
Q6P2Q9_site263,5,1,1.6764161344677664
Q6P2Q9_site264,3,1,0.9713949392900176
Q6P2Q9_site266,3,1,0.7676056954071085
Q6P2Q9_site267,5,1,3.1851663657560065
Q6P2Q9_site268,2,1,1.9495142723637369
Q6P2Q9_site269,5,1,1.7619480376879786
Q6P2Q9_site270,4,1,1.4311825625458188
Q6P2Q9_site271,4,1,1.2663841796596005
Q6P2Q9_site272,1,1,0.5114243316810663
Q6P2Q9_site273,2,1,0.7626791026962196
Q6P2Q9_site274,5,1,1.251696818315735
Q6P2Q9_site275,2,1,1.1162435518966036
Q6P988_site1,121,78,1.7487005702880658
Q6P988_site14,8,7,2.0415768038476845
Q6P988_site15,47,38,2.1527579993606327
Q6P988_site17,63,47,4.047365126363358
Q6P988_site2,129,82,2.8757038203063505
Q6P988_site20,121,77,1.3388060533503932
Q6P988_site26,26,18,1.806617264428372
Q6P988_site27,62,42,3.2334444745784343
Q6P988_site3,105,71,6.738201233914027
Q6P988_site31,10,9,0.6998780829100547
Q6P988_site4,95,63,3.690728902765658
Q6P988_site42,105,72,2.9354299544038405
Q6P988_site44,10,9,1.483624409132995
Q6P988_site49,18,16,1.5399648197009674
Q6P988_site5,99,59,1.819663940914276
Q6P988_site52,116,75,3.06805036871194
Q6P988_site53,100,72,2.107518147071995
Q6P988_site56,105,66,1.3761461119454932
Q6P988_site58,71,50,1.1944367630743398
Q6P988_site59,14,13,1.433503986860731
Q6P988_site7,129,81,4.680770376921376
Q6P988_site8,129,82,1.3471573917837512
Q6PJP8_site1,19,17,3.1102938170194574
Q6PJP8_site10,34,30,4.522856335850627
Q6PJP8_site11,34,30,2.623334435161228
Q6PJP8_site12,18,17,1.9214384162385665
Q6PJP8_site13,30,26,1.1019132205467332
Q6PJP8_site14,36,31,1.5274798124615618
Q6PJP8_site15,36,31,1.36424896305937
Q6PJP8_site16,4,4,1.3871406885799855
Q6PJP8_site17,27,26,2.402981712299059
Q6PJP8_site18,36,31,1.9521147187324377
Q6PJP8_site19,10,10,0.9044994799453172
Q6PJP8_site2,28,25,1.1294415259437351
Q6PJP8_site20,16,14,1.9910878408419763
Q6PJP8_site21,31,28,4.449526089869241
Q6PJP8_site22,29,25,1.4650169724996311
Q6PJP8_site23,17,15,2.075901947082117
Q6PJP8_site24,2,1,1.1755212502382313
Q6PJP8_site25,34,30,1.6143975931744348
Q6PJP8_site26,8,7,1.1099229625215572
Q6PJP8_site27,2,2,0.7084573753623075
Q6PJP8_site28,34,29,1.7355816512455875
Q6PJP8_site29,1,1,7.125602713771939
Q6PJP8_site3,36,31,1.1781894768035643
Q6PJP8_site31,4,4,1.0998988560915977
Q6PJP8_site32,3,3,0.599992164135247
Q6PJP8_site33,3,2,1.6909436318325657
Q6PJP8_site5,34,30,4.360462176375404
Q6PJP8_site7,36,31,7.817602801523098
Q6PJP8_site8,3,3,1.2818024234897876
Q6PJP8_site9,25,22,2.530898200670085
Q6PL18_site1,76,55,5.606737095102914
Q6PL18_site13,22,22,3.0742336849302605
Q6PL18_site15,3,2,0.7097458508381516
Q6PL18_site16,4,4,2.4432467040361674
Q6PL18_site18,18,16,2.908866016612496
Q6PL18_site2,23,19,3.140127756870491
Q6PL18_site20,7,5,2.2780432493723173
Q6PL18_site3,20,16,3.117117458530036
Q6PL18_site4,41,33,5.593679015115399
Q6PL18_site42,5,5,1.996752960459773
Q6PL18_site44,11,9,3.1057394732670263
Q6PL18_site45,23,20,1.8646924027196683
Q6PL18_site5,63,47,3.0548510277201584
Q6PL18_site6,32,27,3.227412852738914
Q6PL18_site7,25,21,1.7185732847757262
Q6PL18_site8,6,6,1.0958225125353398
Q6PL18_site9,10,8,1.9488566497072528
Q6SZW1_site11,18,15,1.6347329464689926
Q6SZW1_site13,13,11,1.5002925081669314
Q6SZW1_site14,7,6,1.209798434234298
Q6SZW1_site15,16,15,3.938762981343627
Q6SZW1_site17,15,13,1.595489468708459
Q6SZW1_site2,22,18,11.9918236023378
Q6SZW1_site20,13,10,2.255083946094542
Q6SZW1_site206,7,7,1.5170771224886586
Q6SZW1_site21,6,6,1.3412158647594277
Q6SZW1_site212,6,4,5.787028434592585
Q6SZW1_site215,2,2,1.9770600790060064
Q6SZW1_site23,5,5,1.5311365237656496
Q6SZW1_site24,11,10,1.2436965866422005
Q6SZW1_site26,2,2,0.7970568324683279
Q6SZW1_site27,2,2,1.1511649766120025
Q6SZW1_site3,21,17,2.7067161303039304
Q6SZW1_site30,4,4,1.2733516483516485
Q6SZW1_site4,13,11,2.5188558106495944
Q6SZW1_site6,11,11,1.333449779330391
Q6SZW1_site7,13,11,0.6998505595329116
Q6SZW1_site8,13,11,1.6605738169348847
Q6SZW1_site9,18,17,1.9939768497098784
Q7LBC6_site1,33,28,1.489873965227295
Q7LBC6_site10,7,7,1.7189883552363538
Q7LBC6_site11,35,30,1.4048234515779208
Q7LBC6_site14,34,30,2.624333126423644
Q7LBC6_site16,35,30,5.169066133146326
Q7LBC6_site17,34,29,1.658781148082621
Q7LBC6_site19,35,30,1.984013686580293
Q7LBC6_site2,35,30,2.33908011569968
Q7LBC6_site22,31,27,1.206671175855958
Q7LBC6_site23,35,30,1.31720734588584
Q7LBC6_site24,34,29,1.5391400105424125
Q7LBC6_site25,34,29,3.2149801679716417
Q7LBC6_site26,19,17,4.308469882298638
Q7LBC6_site27,24,21,2.3348949221523574
Q7LBC6_site28,25,21,3.71262055595662
Q7LBC6_site29,22,19,1.4367539773379585
Q7LBC6_site3,33,29,2.760693760424984
Q7LBC6_site30,16,14,2.322889771264081
Q7LBC6_site31,34,29,0.9613133255406724
Q7LBC6_site32,27,22,1.069338808920178
Q7LBC6_site33,29,26,1.8638717452433995
Q7LBC6_site34,21,19,1.9870111691114285
Q7LBC6_site35,17,15,1.1950280186649054
Q7LBC6_site36,34,29,2.7364236673977302
Q7LBC6_site37,34,29,2.474868733523606
Q7LBC6_site38,29,26,1.8606986913192611
Q7LBC6_site39,29,26,1.1258562530312857
Q7LBC6_site4,35,30,3.186992134174088
Q7LBC6_site40,24,20,4.632315738678183
Q7LBC6_site41,18,16,3.642684130599848
Q7LBC6_site42,27,23,3.553918630352527
Q7LBC6_site43,32,27,2.0901874580203943
Q7LBC6_site44,34,29,1.9086294416243648
Q7LBC6_site45,16,15,2.9227862924940378
Q7LBC6_site46,20,19,1.728295805501688
Q7LBC6_site47,34,29,1.9033559311084869
Q7LBC6_site48,31,27,1.0308514647436535
Q7LBC6_site49,33,28,1.6148635064773718
Q7LBC6_site5,23,22,1.0737324830332375
Q7LBC6_site50,33,28,1.5357582832928065
Q7LBC6_site51,6,6,0.740842473578439
Q7LBC6_site52,34,29,1.3438433692798477
Q7LBC6_site53,31,26,1.0156625547154796
Q7LBC6_site54,15,13,2.4599094956800034
Q7LBC6_site55,25,22,2.4613307017088246
Q7LBC6_site56,34,29,1.0694617474813863
Q7LBC6_site57,29,24,1.931478181592143
Q7LBC6_site58,31,26,3.7736394008975855
Q7LBC6_site59,33,28,1.4982176544271897
Q7LBC6_site60,33,28,2.0647154462119874
Q7LBC6_site61,32,29,2.02938796843899
Q7LBC6_site62,27,23,4.429067936631354
Q7LBC6_site63,25,21,2.1422290472664782
Q7LBC6_site64,25,20,1.2493278476150798
Q7LBC6_site8,29,26,2.8425167877840125
Q7LBC6_site9,15,14,1.8746208591287623
Q7Z4V5_site100,11,10,2.740950587777561
Q7Z4V5_site11,17,12,1.544593490199628
Q7Z4V5_site141,8,7,2.095812040318834
Q7Z4V5_site151,2,2,1.38742302955665
Q7Z4V5_site152,1,1,1.6289038579301898
Q7Z4V5_site153,4,4,1.1377341760640234
Q7Z4V5_site155,1,1,2.1819895622089827
Q7Z4V5_site156,1,1,1.132287034463591
Q7Z4V5_site158,1,1,0.6396104020360129
Q7Z4V5_site159,2,2,1.5664624827200382
Q7Z4V5_site160,1,1,1.715270927435405
Q7Z4V5_site161,1,1,0.6457345112716819
Q7Z4V5_site164,2,2,1.2293818166211554
Q7Z4V5_site165,1,1,1.2910104220217788
Q7Z4V5_site176,2,2,1.2664007742162526
Q7Z4V5_site181,5,5,6.828008305184542
Q7Z4V5_site183,5,5,1.9152639193640524
Q7Z4V5_site186,4,4,0.8731819277144276
Q7Z4V5_site189,5,5,1.447152392743715
Q7Z4V5_site193,4,4,0.9517407255710192
Q7Z4V5_site195,1,1,1.3909576175356644
Q7Z4V5_site224,2,2,1.4750581186893512
Q7Z4V5_site225,1,1,0.93061809250921
Q7Z4V5_site226,4,4,1.5268458607366815
Q7Z4V5_site234,1,1,0.8857278807033474
Q7Z4V5_site236,2,2,1.288656852464605
Q7Z4V5_site237,2,2,3.9219112549772266
Q7Z4V5_site240,1,1,1.1168353362850516
Q7Z4V5_site241,1,1,0.7376587648939782
Q7Z4V5_site242,1,1,1.3929672832650206
Q7Z4V5_site243,1,1,0.5995776940157185
Q7Z4V5_site269,1,1,1.488622462817511
Q7Z4V5_site4,1,1,0.8780498544876645
Q7Z4V5_site42,69,41,4.08741486024362
Q7Z4V5_site44,49,28,1.051070926966292
Q7Z4V5_site49,59,37,1.009757986791995
Q7Z4V5_site5,7,6,3.3365725889519995
Q7Z4V5_site96,16,11,1.690199376638797
Q86U86_site14,3,3,1.0557811532698709
Q86U86_site15,3,3,1.7033913972773225
Q86U86_site18,3,3,1.2889118198202072
Q86U86_site19,2,2,1.407245537867824
Q86U86_site20,2,2,1.2933060024583198
Q86U86_site21,3,3,0.8967324667174162
Q86U86_site22,1,1,0.9606740786705048
Q86U86_site24,2,2,2.1126064887648788
Q86U86_site63,2,2,1.7320256480568503
Q86WV6_site1,16,15,2.840685650895101
Q86WV6_site10,40,34,3.622342039666197
Q86WV6_site106,2,2,0.6807608499535052
Q86WV6_site107,2,2,3.56518815618733
Q86WV6_site108,1,1,1.1573598866323629
Q86WV6_site11,8,8,1.6334650089049827
Q86WV6_site110,1,1,0.8146314878468962
Q86WV6_site112,1,1,0.8275851264657732
Q86WV6_site116,2,2,1.212930171743367
Q86WV6_site125,6,6,0.4911223075399881
Q86WV6_site127,16,15,1.6929765700561337
Q86WV6_site13,9,8,3.602207863703532
Q86WV6_site139,3,3,1.876042502579388
Q86WV6_site15,1,1,0.9497965497528332
Q86WV6_site16,14,13,3.145941175341992
Q86WV6_site17,4,4,4.661783670388838
Q86WV6_site18,1,1,0.8536251841107253
Q86WV6_site19,10,8,2.400715620657157
Q86WV6_site2,39,37,4.556786912910153
Q86WV6_site20,4,4,1.7195267300672907
Q86WV6_site21,8,8,1.448911111480257
Q86WV6_site22,9,7,2.610150625594277
Q86WV6_site220,1,1,0.6310114163900685
Q86WV6_site23,2,2,1.1675936462228005
Q86WV6_site24,2,2,0.8283659877787696
Q86WV6_site25,26,23,1.90120335007874
Q86WV6_site26,2,2,2.3972971461330874
Q86WV6_site27,23,22,2.763194076789961
Q86WV6_site276,1,1,1.20075125477588
Q86WV6_site28,6,6,1.504622104835433
Q86WV6_site29,4,4,1.0067892894516386
Q86WV6_site3,16,16,2.07022881339525
Q86WV6_site30,3,3,1.924675986602592
Q86WV6_site31,16,15,0.7678089242290881
Q86WV6_site33,1,1,1.3106141301567071
Q86WV6_site34,2,2,1.358042944991431
Q86WV6_site36,5,5,5.743360298387823
Q86WV6_site37,2,2,2.5435930834219613
Q86WV6_site38,3,3,0.9914744428602122
Q86WV6_site39,8,8,1.841681822976433
Q86WV6_site4,14,12,2.5147724112357466
Q86WV6_site40,21,19,1.5132104631471646
Q86WV6_site41,2,2,2.2780898992529752
Q86WV6_site42,6,6,1.3361495083569146
Q86WV6_site43,4,4,0.9801993883580696
Q86WV6_site44,9,8,3.6692667025229535
Q86WV6_site45,22,19,1.502418020466182
Q86WV6_site49,14,14,1.3656407980718197
Q86WV6_site5,3,3,0.841603186233376
Q86WV6_site51,1,1,1.7955281395325378
Q86WV6_site6,31,28,3.234094085891936
Q86WV6_site60,8,8,1.1604192869385015
Q86WV6_site61,26,23,1.6204674996750894
Q86WV6_site62,21,18,1.9607354186969344
Q86WV6_site63,4,4,1.30282807414193
Q86WV6_site7,19,19,2.4286469466974325
Q86WV6_site8,5,5,1.8467806331890009
Q8IU60_site1,26,23,3.8592091173562695
Q8IU60_site12,16,16,1.2506969768350245
Q8IU60_site13,17,16,1.6478109864467023
Q8IU60_site2,6,6,1.3263316067671964
Q8IU60_site3,20,18,1.2707824272383703
Q8IU60_site4,3,3,1.7280403867513976
Q8IU60_site5,30,25,2.455246736044823
Q8IU60_site6,24,20,3.008477703813052
Q8IU60_site7,27,22,1.8482619441072812
Q8IU60_site8,19,16,1.0400038804908325
Q8IVV7_site1,11,7,5.650678733031675
Q8IVV7_site11,9,7,5.005987744709427
Q8IVV7_site12,6,4,4.584757159956927
Q8IVV7_site14,15,11,2.39911152554626
Q8IVV7_site16,12,10,2.1084432276352625
Q8IVV7_site17,2,2,1.3070878055700033
Q8IVV7_site18,1,1,1.5092151408876529
Q8IVV7_site19,5,5,2.3455351079344933
Q8IVV7_site20,2,2,1.979619655122216
Q8IVV7_site21,4,3,1.2120804746894125
Q8IVV7_site22,6,4,2.142613590236246
Q8IVV7_site23,6,6,3.126946101394684
Q8IVV7_site24,11,7,4.381609570009736
Q8IVV7_site3,9,8,4.840467112295199
Q8IVV7_site36,3,3,4.012437699751916
Q8IVV7_site38,1,1,1.5533495643819466
Q8IVV7_site39,2,2,0.9346348600691406
Q8IVV7_site4,11,8,1.9391063060757752
Q8IVV7_site40,8,5,2.354394751022219
Q8IVV7_site42,5,5,1.727165395408093
Q8IVV7_site43,1,1,0.8902256321786897
Q8IVV7_site45,1,1,0.919059063242862
Q8IVV7_site48,1,1,0.8154791428134373
Q8IVV7_site51,1,1,0.9317863659988392
Q8IVV7_site52,1,1,0.6028770234704547
Q8IVV7_site55,1,1,0.9511732494132858
Q8IVV7_site6,3,3,0.7949212486191782
Q8IVV7_site7,7,6,9.508565923402356
Q8IVV7_site8,1,1,1.6233628795793875
Q8IVV7_site9,2,2,0.8019885387454693
Q8IXJ6_site1,12,9,3.1357174775177348
Q8IXJ6_site100,9,6,2.4446974127607435
Q8IXJ6_site101,15,9,1.3174398309448496
Q8IXJ6_site114,36,22,3.972811159695024
Q8IXJ6_site116,35,22,2.896023542996112
Q8IXJ6_site118,23,15,1.8816994124413216
Q8IXJ6_site12,2,1,1.5671827338442623
Q8IXJ6_site120,22,16,1.3968000243575691
Q8IXJ6_site13,33,21,3.987636574042682
Q8IXJ6_site131,28,17,1.3103917733342791
Q8IXJ6_site14,2,1,0.507963959762409
Q8IXJ6_site145,22,12,2.668410964975372
Q8IXJ6_site146,12,10,2.759291758614099
Q8IXJ6_site147,15,9,1.2224906047821824
Q8IXJ6_site15,2,1,0.6884875682847169
Q8IXJ6_site151,28,18,1.4899139118527782
Q8IXJ6_site16,23,14,4.082983686895811
Q8IXJ6_site162,3,2,1.5527235746520052
Q8IXJ6_site163,14,11,1.306537360005274
Q8IXJ6_site167,4,3,1.5497079937003375
Q8IXJ6_site179,18,12,1.591678129094166
Q8IXJ6_site18,5,4,3.372712837588857
Q8IXJ6_site184,42,23,1.712468739209141
Q8IXJ6_site19,2,1,1.1158725752880954
Q8IXJ6_site197,12,8,3.892760611636317
Q8IXJ6_site2,2,1,1.2051162922368042
Q8IXJ6_site20,40,23,5.176425663562169
Q8IXJ6_site204,9,7,1.06379005622066
Q8IXJ6_site21,5,3,2.594448518700837
Q8IXJ6_site22,2,1,1.1132708625700394
Q8IXJ6_site23,4,2,1.7194086615139246
Q8IXJ6_site24,52,29,2.2035451715459
Q8IXJ6_site25,2,1,1.083749819260824
Q8IXJ6_site260,9,7,2.090251105307181
Q8IXJ6_site261,10,6,1.3829498144825545
Q8IXJ6_site28,12,8,2.237935248311931
Q8IXJ6_site29,54,30,3.66977048345467
Q8IXJ6_site292,2,2,0.6131721715999113
Q8IXJ6_site3,2,1,2.103163187290233
Q8IXJ6_site31,2,1,0.9808226705665902
Q8IXJ6_site318,1,1,0.5455372267254806
Q8IXJ6_site324,9,7,0.4205342033297817
Q8IXJ6_site33,2,1,0.7982939657645596
Q8IXJ6_site34,19,15,1.932494430200513
Q8IXJ6_site36,2,1,2.57960639565678
Q8IXJ6_site37,2,1,0.6111828449078992
Q8IXJ6_site38,3,2,1.0586435110369397
Q8IXJ6_site39,2,1,0.8974693981605038
Q8IXJ6_site4,2,1,2.4341556261116746
Q8IXJ6_site40,2,1,1.6333469217935086
Q8IXJ6_site41,17,12,1.1041317687770085
Q8IXJ6_site44,2,1,1.7116715056934175
Q8IXJ6_site45,2,1,1.5935134459557982
Q8IXJ6_site46,2,1,0.7982973541862346
Q8IXJ6_site47,2,1,0.8391028285246473
Q8IXJ6_site48,2,1,0.7765774126530484
Q8IXJ6_site49,2,1,0.8457650615839045
Q8IXJ6_site50,2,1,1.4643530757547356
Q8IXJ6_site51,22,14,5.388806030545825
Q8IXJ6_site54,28,13,2.662651246693428
Q8IXJ6_site55,29,17,2.5357607364487045
Q8IXJ6_site56,11,8,5.157438462126295
Q8IXJ6_site57,2,1,0.8386265857460173
Q8IXJ6_site58,2,1,2.266251878898065
Q8IXJ6_site6,2,1,0.2445001359681815
Q8IXJ6_site60,45,26,3.0630829651448206
Q8IXJ6_site61,2,1,0.9497918560159784
Q8IXJ6_site62,3,2,0.8684599030064032
Q8IXJ6_site64,24,15,1.899404730627472
Q8IXJ6_site7,2,1,0.7162392351275761
Q8IXJ6_site72,26,14,1.4574601480841138
Q8IXJ6_site8,2,1,0.6251686490936772
Q8IXJ6_site85,30,18,3.955566240429846
Q8IXJ6_site89,4,4,1.2562759211474777
Q8IXJ6_site9,2,1,0.8290917610819097
Q8IXJ6_site92,31,19,1.5606702130116474
Q8IXJ6_site99,9,4,11.850234122967354
Q8N371_site1,13,5,0.4608158609432581
Q8N371_site11,3,2,1.104911567837893
Q8N371_site13,14,6,1.7210317248258786
Q8N371_site14,12,6,1.235437719222619
Q8N371_site15,5,2,1.1699307585301426
Q8N371_site19,10,4,0.9966748741224922
Q8N371_site21,10,6,0.489741035673863
Q8N371_site9,5,2,0.6732259988073942
Q8N4E7_site1,1,1,1.8755945392546167
Q8N4E7_site10,3,1,1.7422815964664806
Q8N4E7_site11,3,1,1.687744154859775
Q8N4E7_site12,1,1,1.3659227771873894
Q8N4E7_site13,1,1,1.8826132711931296
Q8N4E7_site15,1,1,0.9569679614076224
Q8N4E7_site16,2,1,3.1459125253024607
Q8N4E7_site17,1,1,1.6017929995972755
Q8N4E7_site18,3,1,1.4418521787718548
Q8N4E7_site2,1,1,1.5447677519327758
Q8N4E7_site3,3,1,1.4025117261976707
Q8N4E7_site34,1,1,1.0084629428052492
Q8N4E7_site4,3,1,5.293298114771079
Q8N4E7_site5,3,1,1.3380806869362187
Q8N4E7_site6,1,1,1.222627554844835
Q8N4E7_site7,2,1,1.071489705196207
Q8N4E7_site8,3,1,1.2081948078905906
Q8N4E7_site9,2,1,2.5592940830792963
Q8N884_site1,46,41,4.398801551820623
Q8N884_site10,43,38,4.208772805885076
Q8N884_site100,12,11,5.106445544373619
Q8N884_site101,1,1,0.3445004758874907
Q8N884_site102,6,6,3.2917207426554973
Q8N884_site103,24,22,2.9760492537723664
Q8N884_site104,33,29,2.6421657503186533
Q8N884_site105,13,11,2.25171285990585
Q8N884_site106,10,10,2.231387642286088
Q8N884_site107,1,1,1.9424997818435672
Q8N884_site108,20,18,5.975803930361299
Q8N884_site109,3,3,3.155788753957519
Q8N884_site11,41,36,7.265349409616279
Q8N884_site110,2,2,1.0394150968251878
Q8N884_site111,17,17,15.201432243022202
Q8N884_site112,10,9,2.2370705877772443
Q8N884_site113,3,3,2.245370897723102
Q8N884_site115,12,12,5.2696504688832055
Q8N884_site116,10,9,3.481547557141371
Q8N884_site117,1,1,1.6444523831907492
Q8N884_site118,25,22,1.94506053382435
Q8N884_site119,9,7,2.2912740980753
Q8N884_site12,8,8,6.854379392247607
Q8N884_site120,12,11,1.8357518254964889
Q8N884_site121,1,1,1.0672227965225642
Q8N884_site123,30,26,6.923171686689459
Q8N884_site124,7,6,1.0849642759844975
Q8N884_site127,1,1,1.7846148892323543
Q8N884_site128,4,4,1.00585674603723
Q8N884_site13,17,17,7.915497191793881
Q8N884_site130,1,1,2.3387560577631965
Q8N884_site131,2,2,0.4399799563119614
Q8N884_site14,40,34,2.638797287568798
Q8N884_site140,19,18,1.4374120252938445
Q8N884_site15,19,19,1.8762766733540035
Q8N884_site157,5,5,3.1029901457804967
Q8N884_site159,2,2,5.205132902605941
Q8N884_site16,12,11,3.468937412133184
Q8N884_site164,2,2,0.8047744824289992
Q8N884_site169,6,5,2.5502989392478304
Q8N884_site17,5,5,2.770226616566241
Q8N884_site170,11,10,1.5880083541219472
Q8N884_site171,4,4,1.1708682512806226
Q8N884_site172,2,2,4.667228037494517
Q8N884_site173,25,23,2.010335530257639
Q8N884_site174,4,4,1.0690996494536809
Q8N884_site176,6,6,1.730607836740204
Q8N884_site177,6,6,4.563559984107213
Q8N884_site18,31,29,3.2796749130082463
Q8N884_site19,27,23,2.624547440232189
Q8N884_site2,11,9,3.808886816812509
Q8N884_site20,31,27,5.476686635235113
Q8N884_site208,7,7,3.4245844634886446
Q8N884_site21,13,12,7.279006340248179
Q8N884_site210,2,2,1.6623486512842112
Q8N884_site211,2,2,1.55797973578146
Q8N884_site218,16,14,1.512608174584373
Q8N884_site22,17,17,2.4974530714874064
Q8N884_site223,10,9,1.4427071542874983
Q8N884_site23,12,12,2.63551439468306
Q8N884_site237,13,12,0.8968928392123319
Q8N884_site24,15,13,2.03777019805575
Q8N884_site25,7,7,1.348068879399925
Q8N884_site258,6,6,2.10789793131354
Q8N884_site26,10,10,2.059327325465536
Q8N884_site262,12,11,1.9298042889860505
Q8N884_site27,19,17,3.858381210787781
Q8N884_site270,4,4,1.0920858543479222
Q8N884_site271,15,14,2.110500015604898
Q8N884_site272,2,2,1.31268366884588
Q8N884_site28,39,33,5.627648799077369
Q8N884_site29,43,38,4.342876392958741
Q8N884_site3,15,15,6.017258574671593
Q8N884_site30,1,1,0.8211057381647245
Q8N884_site31,5,5,1.029992422358093
Q8N884_site32,2,2,3.8743270545252178
Q8N884_site33,8,8,0.5625348411893762
Q8N884_site34,14,12,2.017240485422152
Q8N884_site35,9,9,1.263044140717583
Q8N884_site36,1,1,0.8716410069907463
Q8N884_site37,22,21,2.2417963125358624
Q8N884_site38,1,1,1.4615011045371902
Q8N884_site4,15,14,19.547805247225025
Q8N884_site40,6,6,1.724954281698329
Q8N884_site41,4,4,2.0371050668223694
Q8N884_site42,4,4,1.4508276174035062
Q8N884_site44,4,4,3.374963052294305
Q8N884_site45,32,27,2.859047016656125
Q8N884_site46,1,1,0.6320279423633663
Q8N884_site47,5,5,1.261087045832943
Q8N884_site48,10,10,3.090470315900365
Q8N884_site49,5,5,1.351806620687607
Q8N884_site5,47,41,3.262871297815387
Q8N884_site50,1,1,0.8282185922052911
Q8N884_site51,9,9,0.9837630500021134
Q8N884_site52,1,1,1.9160598676679443
Q8N884_site53,11,10,4.7790565724810365
Q8N884_site54,3,3,1.6739737791885898
Q8N884_site55,9,9,1.5744673878951585
Q8N884_site56,3,3,1.3630593521812395
Q8N884_site57,1,1,0.7093493772013383
Q8N884_site59,1,1,1.3739443878327888
Q8N884_site6,18,18,4.7260098475738
Q8N884_site60,9,9,2.324810471472793
Q8N884_site61,7,7,5.380635618068989
Q8N884_site62,18,18,1.1996003424135957
Q8N884_site63,15,14,4.633617248411246
Q8N884_site64,1,1,0.5976396457497063
Q8N884_site65,9,9,3.811151671696472
Q8N884_site66,11,9,1.974921718658034
Q8N884_site67,2,2,0.518137752147222
Q8N884_site68,8,8,2.1919793370497715
Q8N884_site69,5,5,6.2982077567455
Q8N884_site7,41,36,3.0141634214739046
Q8N884_site70,10,9,4.193063951638562
Q8N884_site71,3,3,0.8246456016918986
Q8N884_site73,1,1,4.598269934060005
Q8N884_site75,8,8,0.9069490113272828
Q8N884_site76,9,9,1.7433999405353864
Q8N884_site77,3,3,1.2520412539399013
Q8N884_site78,8,8,5.607059866195433
Q8N884_site8,17,17,2.576136329452817
Q8N884_site80,3,3,0.7632194218936673
Q8N884_site81,1,1,0.4933609369277797
Q8N884_site82,7,7,1.6297259405069249
Q8N884_site83,14,14,7.8797259742777745
Q8N884_site84,6,6,1.8398324073367456
Q8N884_site86,32,29,2.689537544594422
Q8N884_site89,34,31,3.443862082853211
Q8N884_site9,13,10,4.367656594475425
Q8N884_site90,16,15,3.637690086975709
Q8N884_site91,3,3,1.8076010651174048
Q8N884_site92,4,4,2.413401880300198
Q8N884_site93,3,3,0.8209220884463996
Q8N884_site94,2,2,1.6610584545999083
Q8N884_site95,5,5,0.3522480096547392
Q8N884_site96,16,13,3.275602455636664
Q8N8S7_site101,6,3,1.3719125474073366
Q8N8S7_site103,7,3,1.7311691935633893
Q8N8S7_site13,5,5,4.758711493771654
Q8N8S7_site4,3,3,1.1723308954126026
Q8N8S7_site44,3,3,0.6594885434942342
Q8N8S7_site46,6,5,1.7754327181931482
Q8N8S7_site47,1,1,1.159903197896769
Q8N8S7_site48,1,1,0.9709656542941938
Q8N8S7_site49,6,3,1.6949909986233187
Q8N8S7_site50,4,4,1.0523456551657533
Q8N8S7_site52,5,4,0.6914008106272372
Q8N8S7_site54,1,1,0.8156649983210785
Q8N8S7_site55,1,1,1.4250234744742665
Q8N8S7_site57,2,2,0.797023152941442
Q8N8S7_site62,3,3,1.0358286124476177
Q8N8S7_site96,3,3,0.8914799858150959
Q8N8S7_site97,3,3,0.917958155753584
Q8NBK3_site1,7,2,1.3709475761157293
Q8NBK3_site10,6,2,1.4788991861201028
Q8NBK3_site11,6,2,1.955305856641427
Q8NBK3_site12,7,2,3.613412038482277
Q8NBK3_site13,7,2,2.375715184026457
Q8NBK3_site14,5,2,1.252239407172497
Q8NBK3_site17,4,1,1.2225252016897712
Q8NBK3_site18,2,1,1.252454156740104
Q8NBK3_site2,7,2,1.8181249646006004
Q8NBK3_site20,6,2,1.862808054108684
Q8NBK3_site22,6,2,0.9768922130775154
Q8NBK3_site3,7,2,2.1999473027199574
Q8NBK3_site38,2,2,1.4661491791577443
Q8NBK3_site39,1,1,1.8549147442326976
Q8NBK3_site4,7,2,3.216646406601097
Q8NBK3_site5,7,2,1.4208916325245988
Q8NBK3_site6,5,2,2.497467025433016
Q8NBK3_site7,7,2,6.140680868964274
Q8NBK3_site8,7,2,5.140052149475124
Q8NBK3_site9,7,2,2.112129327627996
Q8NBP7_site1,3,3,4.125867497646639
Q8NBP7_site10,10,7,1.7656328357843836
Q8NBP7_site11,4,3,1.793315011778143
Q8NBP7_site12,2,2,0.9832372745948412
Q8NBP7_site13,2,2,1.3039960832964954
Q8NBP7_site14,10,7,1.7299115187774816
Q8NBP7_site15,5,4,2.353075765254025
Q8NBP7_site151,1,1,0.6211776086292756
Q8NBP7_site16,7,6,3.942029230951615
Q8NBP7_site17,9,7,4.033116754430666
Q8NBP7_site18,4,4,1.3302011911928078
Q8NBP7_site19,5,4,4.124726426211997
Q8NBP7_site2,10,7,3.729582048873424
Q8NBP7_site20,8,6,1.9872005251066625
Q8NBP7_site203,5,4,2.834484229173159
Q8NBP7_site206,1,1,1.6554530105493
Q8NBP7_site209,5,4,6.257214647938917
Q8NBP7_site21,3,3,1.4557542205522187
Q8NBP7_site22,5,4,4.711817445173432
Q8NBP7_site23,2,2,0.995936895124511
Q8NBP7_site24,6,5,1.1620220676119422
Q8NBP7_site245,1,1,0.4891060668592654
Q8NBP7_site246,3,3,1.233197585736285
Q8NBP7_site248,4,4,1.5009342485691244
Q8NBP7_site249,3,3,1.975749467694221
Q8NBP7_site25,5,4,1.6667735252037732
Q8NBP7_site250,3,2,0.8393893099610829
Q8NBP7_site251,2,2,0.5527765894274422
Q8NBP7_site26,6,5,2.406919233604466
Q8NBP7_site27,4,4,1.733496650955098
Q8NBP7_site289,1,1,1.112781918521134
Q8NBP7_site29,7,6,1.8199574941807508
Q8NBP7_site3,3,3,3.888288471183931
Q8NBP7_site30,1,1,1.1001472254959916
Q8NBP7_site32,2,2,1.6627016637257372
Q8NBP7_site33,2,1,0.9153782136814448
Q8NBP7_site34,5,3,1.4056928075992672
Q8NBP7_site35,6,6,2.536382246208244
Q8NBP7_site36,3,3,0.9553804594212836
Q8NBP7_site37,4,3,3.1528581598739955
Q8NBP7_site38,4,4,1.825815222957334
Q8NBP7_site39,5,4,1.915278228015068
Q8NBP7_site4,7,5,2.6498990765139725
Q8NBP7_site40,5,5,3.70129875474276
Q8NBP7_site41,4,4,1.9057117072914291
Q8NBP7_site42,3,3,2.083198707592892
Q8NBP7_site43,3,3,2.0502843819041474
Q8NBP7_site44,3,3,2.4771257369804363
Q8NBP7_site45,6,5,1.640495990056524
Q8NBP7_site46,5,4,6.292596253070361
Q8NBP7_site47,2,2,0.9293373765148844
Q8NBP7_site48,2,1,1.4107614810938112
Q8NBP7_site5,2,2,1.3685399792818933
Q8NBP7_site50,3,2,2.7118177293590664
Q8NBP7_site52,1,1,1.7488802729740631
Q8NBP7_site54,6,5,3.761639145082013
Q8NBP7_site56,5,4,2.3535010791996425
Q8NBP7_site57,2,2,1.2921038778733112
Q8NBP7_site58,1,1,0.8300862726638206
Q8NBP7_site60,1,1,1.9732388398118736
Q8NBP7_site7,8,6,1.8170485533165703
Q8NBP7_site71,1,1,0.5247993847887977
Q8NBP7_site8,7,6,1.22465572239944
Q8NBP7_site83,2,2,3.119221928249374
Q8NBP7_site85,1,1,0.77177160706637
Q8NBP7_site9,3,2,1.6513440979461471
Q8NFU5_site1,25,15,1.3306697778518537
Q8NFU5_site10,8,5,1.2072362271531083
Q8NFU5_site11,21,15,1.750593293472231
Q8NFU5_site15,25,15,1.854824823706469
Q8NFU5_site16,25,15,1.166409515717927
Q8NFU5_site17,3,3,1.3281394917455018
Q8NFU5_site18,6,6,3.6711728893126967
Q8NFU5_site19,16,10,1.0970199515425052
Q8NFU5_site2,21,12,0.7143066630933298
Q8NFU5_site20,10,7,2.2822881092828315
Q8NFU5_site22,15,9,2.9974308190016283
Q8NFU5_site24,13,9,3.5463967004124486
Q8NFU5_site26,1,1,0.8306521395862941
Q8NFU5_site3,24,14,3.405556448480465
Q8NFU5_site5,19,12,1.1440181297545324
Q8NFU5_site6,18,12,7.167481860682843
Q8NFU5_site7,22,15,2.6905761057556945
Q8TF76_site1,33,26,2.2534981732689467
Q8TF76_site11,30,24,2.07975124937732
Q8TF76_site12,12,10,2.2413810797096905
Q8TF76_site13,20,15,0.7985308307653998
Q8TF76_site14,33,26,1.42675954730668
Q8TF76_site17,31,25,2.3496715966343467
Q8TF76_site19,32,25,1.2792741437461403
Q8TF76_site20,31,25,1.9226850037410483
Q8TF76_site21,32,25,1.560569297457031
Q8TF76_site22,21,19,1.6924301341436756
Q8TF76_site23,22,16,2.729881775987389
Q8TF76_site26,20,17,1.7553775414408177
Q8TF76_site27,13,9,0.9259114861720726
Q8TF76_site28,29,22,2.051338897280441
Q8TF76_site29,1,1,0.5229474917857816
Q8TF76_site3,33,26,2.11699424828452
Q8TF76_site31,12,9,1.2907914955852344
Q8TF76_site33,2,2,1.0602224978730863
Q8TF76_site34,2,2,1.5158067904782668
Q8TF76_site36,3,3,0.7737278861850795
Q8TF76_site4,2,2,1.127268149988644
Q8TF76_site8,18,17,1.228845338136484
Q8TF76_site9,16,15,1.6082724109621174
Q8WTS6_site10,2,1,2.704794630946135
Q8WTS6_site17,1,1,1.4601046334744892
Q8WTS6_site21,10,4,1.9803668657240716
Q8WTS6_site28,10,4,3.219420099763509
Q8WTS6_site30,11,4,2.288422671807853
Q8WTS6_site33,4,3,1.5453023102977606
Q8WTS6_site36,7,3,1.6563683442076924
Q8WTS6_site37,7,4,1.6496135361165691
Q8WTS6_site38,9,4,1.3996313093754256
Q8WTS6_site39,4,2,0.7917522378730719
Q8WTS6_site4,11,4,1.8527508616178567
Q8WTS6_site44,8,4,1.4024963919335336
Q8WTS6_site46,1,1,0.6401150885700186
Q8WTS6_site50,1,1,0.777681484691251
Q8WTS6_site53,1,1,0.713486165344082
Q8WTS6_site54,1,1,0.8805189683192689
Q8WTS6_site55,2,2,2.814775884075381
Q8WTS6_site56,11,4,2.566789540871212
Q8WTS6_site58,3,2,2.110858897508228
Q8WTS6_site59,1,1,1.0974364026673027
Q8WTS6_site7,11,4,2.88534953837952
Q8WTS6_site9,4,2,3.9351170078945086
Q8WWQ0_site1,136,78,3.7478769306202495
Q8WWQ0_site13,62,36,1.590218508017527
Q8WWQ0_site15,4,3,3.4716386932683894
Q8WWQ0_site19,35,24,1.7162622809966754
Q8WWQ0_site2,17,13,1.4346519840088805
Q8WWQ0_site20,7,7,1.1765758804340916
Q8WWQ0_site3,100,56,1.8536151738757929
Q8WWQ0_site5,38,25,3.1938259109311744
Q8WWQ0_site6,102,63,4.261889327597384
Q8WY64_site10,7,7,1.2437971155787306
Q8WY64_site12,8,8,2.4395194558662743
Q8WY64_site13,22,22,0.6095134645847476
Q8WY64_site14,20,20,2.805810751692015
Q8WY64_site15,21,21,1.252829822286534
Q8WY64_site17,23,22,1.3892059951993043
Q8WY64_site18,11,11,1.05550890685082
Q8WY64_site19,22,21,2.530600275458493
Q8WY64_site2,22,22,5.67312143289235
Q8WY64_site20,23,22,1.149911996456546
Q8WY64_site21,29,28,1.1095058303156489
Q8WY64_site23,14,14,1.0534196669479738
Q8WY64_site24,28,28,1.1129470705346296
Q8WY64_site26,22,21,2.3072861196136807
Q8WY64_site29,19,19,1.0358457121457996
Q8WY64_site3,22,21,3.2447671398166618
Q8WY64_site30,1,1,1.0178921406707626
Q8WY64_site31,20,20,1.5652854517146213
Q8WY64_site33,11,11,2.022068030285908
Q8WY64_site34,6,6,2.1545997563174213
Q8WY64_site4,18,18,1.2042076243228592
Q8WY64_site42,12,11,1.1543601418965426
Q8WY64_site49,7,7,1.1456109917063746
Q8WY64_site5,18,17,1.93985241971808
Q8WY64_site6,25,24,1.466441540811132
Q8WY64_site65,7,7,4.130198617890108
Q8WY64_site66,7,7,1.301480920654149
Q8WY64_site67,3,3,1.007427669792535
Q8WY64_site7,26,25,0.8762647390746002
Q8WY64_site72,2,2,0.9098850195194904
Q8WY64_site75,3,3,3.7554208190594833
Q8WY64_site77,1,1,0.8264669479185939
Q8WY64_site78,1,1,0.6811310230004503
Q8WY64_site9,20,19,7.056769498067314
Q8WZ42_site185,1,1,1.7541982537918377
Q8WZ42_site186,1,1,0.9363506575775052
Q8WZ42_site195,1,1,0.890510554825706
Q8WZ42_site198,1,1,0.974806229061382
Q8WZ42_site293,1,1,0.993513705234923
Q92793_site33,10,8,1.7742896215909811
Q92793_site34,10,8,1.4203008205687997
Q92793_site35,89,68,5.779979334385539
Q92793_site36,9,7,1.426031703774464
Q92793_site37,30,25,5.20492456281842
Q92793_site38,47,38,1.6277925236182151
Q92793_site39,4,3,3.348714095936553
Q92793_site40,5,5,1.4482387215239974
Q92793_site41,7,5,1.181392426037723
Q92793_site42,3,3,1.1902354687764267
Q92793_site43,11,9,3.55807078617276
Q92793_site44,26,22,3.524786886379749
Q92793_site45,7,5,1.7021554896641644
Q92793_site49,27,26,2.8171055370524565
Q92793_site50,44,34,3.582585529292734
Q92793_site51,5,3,1.208904598074959
Q92793_site53,8,7,1.7058970914524627
Q92793_site56,3,3,2.524640248843612
Q92793_site73,29,24,2.04823223948686
Q92793_site74,4,4,0.8563355083580305
Q92793_site75,5,5,2.062878498750639
Q92793_site76,4,4,4.122013016046499
Q92793_site77,4,4,2.0245308015014354
Q92793_site78,29,25,1.537286999808539
Q92793_site79,2,2,1.6476464849803751
Q92793_site81,3,3,0.5535000046835337
Q92793_site82,2,2,1.2124175340859111
Q92793_site94,8,8,1.0838238110437282
Q92793_site95,20,18,1.837000273199162
Q92835_site1,96,73,3.092620068903285
Q92835_site12,90,69,2.043877990205192
Q92835_site13,90,68,2.4172695258114705
Q92835_site14,94,71,1.6273188262833196
Q92835_site15,95,72,1.195281833554811
Q92835_site18,91,69,3.108379548575802
Q92835_site19,96,73,1.9484454837646283
Q92835_site2,2,2,1.5926088693567717
Q92835_site20,95,73,1.0802849348612915
Q92835_site22,94,71,1.3488276004544983
Q92835_site23,95,72,2.262783849483191
Q92835_site25,88,68,3.1082290759665767
Q92835_site26,70,55,1.760091928096754
Q92835_site27,96,73,1.2530371040059076
Q92835_site3,93,70,4.05364609833266
Q92835_site31,90,68,1.212514844424068
Q92835_site33,18,15,0.8706273349182476
Q92835_site34,31,29,2.772358803125941
Q92835_site37,63,47,2.4459773046028306
Q92835_site4,38,30,1.8764568764568763
Q92835_site5,96,73,3.9890166870934287
Q92835_site59,6,5,2.5193762439896266
Q92835_site6,96,73,1.9053498735582557
Q92835_site64,2,2,1.248814973319971
Q92835_site7,94,73,2.166138183604996
Q92835_site8,94,71,1.574819302466225
Q92835_site9,94,72,1.3814201084835542
Q92876_site1,12,8,0.9000227775086539
Q92876_site10,12,9,1.6534661414288467
Q92876_site11,5,4,1.754648551493341
Q92876_site17,14,10,1.764766727562946
Q92876_site18,12,9,1.414431463663703
Q92876_site19,12,8,2.5482015323489
Q92876_site2,12,9,6.018054812269385
Q92876_site20,12,9,1.707382779001712
Q92876_site22,3,3,1.044745183257668
Q92876_site23,10,7,3.269567663130826
Q92876_site24,12,10,0.9560409137978402
Q92876_site3,4,4,0.7763384156826779
Q92876_site4,4,3,1.628878730164063
Q92876_site5,6,6,1.504682678450542
Q92876_site52,4,4,0.9213971475200454
Q92876_site6,13,10,4.246157595515763
Q92876_site8,10,8,2.0082292260150703
Q92876_site89,2,2,1.2142330737928162
Q92918_site10,30,28,1.1576919371929486
Q92918_site14,22,20,1.747334586381324
Q92918_site16,14,13,1.2547889741845626
Q92918_site2,23,21,1.864965644492792
Q92918_site22,19,19,3.2415964136820685
Q92918_site24,14,14,1.3789179503475577
Q92918_site26,14,14,1.8309051572046728
Q92918_site46,8,8,1.7619197517180225
Q92918_site56,5,5,2.891606105684047
Q92918_site59,9,9,3.303664313075057
Q92918_site61,3,3,0.9405459995593984
Q92918_site62,1,1,1.0740029698769622
Q92918_site63,1,1,3.550113558727404
Q92918_site64,9,9,2.0291817967460504
Q92918_site66,4,4,1.065971218221046
Q92918_site67,1,1,2.508319471919487
Q92918_site68,3,3,2.609532907306147
Q92918_site69,5,5,10.32297114704071
Q92918_site7,27,25,3.1605467610434674
Q92918_site70,4,4,2.724720289085518
Q92918_site71,3,2,1.084203034764515
Q92918_site72,4,4,0.9993256927290676
Q92918_site73,2,2,1.3474718467539184
Q92918_site76,3,3,1.7251106356177868
Q92918_site77,2,2,1.2472810360453817
Q92918_site78,2,2,0.5389150625925427
Q92918_site79,5,5,1.1280010226708426
Q92918_site8,11,9,1.7993697634539805
Q92918_site80,2,2,1.351720019214707
Q92918_site82,3,3,1.2425328630562482
Q92918_site83,2,2,1.25426746430078
Q93009_site271,3,3,2.263798685111446
Q93009_site283,4,4,1.31722719632814
Q93009_site297,3,3,0.8385669894126393
Q93009_site298,3,3,1.0808617410621535
Q93009_site311,2,2,0.8384564186848861
Q93009_site313,1,1,1.3727889288071622
Q93009_site314,3,3,1.8098055465782663
Q93009_site328,2,2,0.994534103704017
Q93009_site412,1,1,0.5286529611595813
Q93009_site707,1,1,0.8693525486881089
Q96EP0_site100,1,1,0.4110982299721528
Q96EP0_site121,3,2,1.690968833594282
Q96EP0_site132,2,2,1.5419181896148124
Q96EP0_site137,3,2,0.3443590337057494
Q96EP0_site138,3,2,4.755536544986068
Q96EP0_site139,3,2,1.2234963023829086
Q96EP0_site140,3,2,0.4932820286381127
Q96EP0_site141,3,2,2.384717279779077
Q96EP0_site142,3,2,1.169527245654726
Q96EP0_site145,3,2,1.5977805409212766
Q96EP0_site148,3,2,1.2880420163852964
Q96EP0_site149,3,2,0.9502736420879186
Q96EP0_site247,3,2,1.4773409996375306
Q96EP0_site248,3,2,1.2640754265437064
Q96EP0_site249,3,2,2.107860630183722
Q96EP0_site250,3,2,0.3499427968400185
Q96EP0_site251,3,2,1.6977521176177943
Q96EP0_site252,1,1,0.8662013225569435
Q96EP0_site253,2,1,1.773721312911989
Q96EP0_site255,2,2,1.1078720959354145
Q96EP0_site256,3,2,1.2660537017200568
Q96EP0_site257,2,1,1.2202451240873038
Q96EP0_site258,2,2,1.2141706584933327
Q96EP0_site259,2,2,1.3362387650734031
Q96EP0_site260,3,2,0.8846487751481523
Q96EP0_site261,2,2,0.4598950189459673
Q96EP0_site262,2,1,0.6573870489599664
Q96EP0_site263,1,1,0.5447851098660395
Q96EP0_site265,3,2,2.392847916376861
Q96EP0_site266,3,2,1.5959157187980972
Q96EP0_site267,3,2,1.576129174961292
Q96EP0_site269,3,2,1.5228238618538503
Q96EP0_site270,3,2,1.091904572173002
Q96EP0_site272,3,2,0.8500862353675095
Q96EP0_site273,3,2,1.2704927804289476
Q96EP0_site274,2,1,2.5914937105907607
Q96EP0_site275,2,1,1.0343270664038082
Q96EP0_site276,3,2,1.0375160115419857
Q96EP0_site277,1,1,0.9712777995979046
Q96EP0_site278,2,1,0.8180414059940403
Q96EP0_site281,3,2,2.222923016440012
Q96EP0_site282,2,1,1.5370213971348088
Q96EP0_site283,2,2,1.6273941153029483
Q96EP0_site284,2,1,1.61034798272626
Q96EP0_site288,2,2,4.214644830246514
Q96EP0_site289,1,1,0.6640180540651305
Q96EP0_site29,2,2,3.0050883226512424
Q96EP0_site290,2,2,1.912110001329652
Q96EP0_site291,1,1,1.3063733089064262
Q96EP0_site293,1,1,1.1367749842363746
Q96EP0_site294,1,1,0.981600751047088
Q96EP0_site31,2,2,1.693373743089714
Q96EP0_site36,1,1,1.5463124222498668
Q96EP0_site37,2,2,1.277006206400455
Q96EP0_site42,1,1,1.353621723948274
Q96EP0_site43,2,2,0.8963347392594445
Q96EP0_site45,1,1,0.6363972164328603
Q96EP0_site47,6,5,1.9289175525755808
Q96EP0_site49,2,2,1.0525560104628682
Q96EP0_site52,1,1,1.254052838926882
Q96EP0_site56,1,1,7.798634702214578
Q96EP0_site58,3,3,1.0871777975618817
Q96EP0_site59,1,1,1.4097666782147646
Q96EP0_site61,1,1,1.8325502804688785
Q96MU7_site1,90,54,2.20262300821696
Q96MU7_site11,75,50,3.4595776921554
Q96MU7_site12,25,16,1.822208546482557
Q96MU7_site122,2,2,1.4166440829582232
Q96MU7_site13,55,34,3.951836758909402
Q96MU7_site14,13,9,3.2444683184244663
Q96MU7_site144,8,7,0.9520524955526466
Q96MU7_site146,15,7,1.4379270563070643
Q96MU7_site149,3,2,1.0930186029656026
Q96MU7_site15,93,57,3.302905514500403
Q96MU7_site150,9,5,2.5856126482213435
Q96MU7_site16,4,3,1.2154914923418978
Q96MU7_site17,50,35,1.4099819439884846
Q96MU7_site18,43,31,1.7672281594839854
Q96MU7_site19,50,35,2.8452424438063844
Q96MU7_site20,39,32,1.614137485292309
Q96MU7_site21,13,11,1.1490408397080554
Q96MU7_site22,71,47,3.957150301297383
Q96MU7_site23,29,20,3.6913518440677646
Q96MU7_site24,10,8,7.365704539358143
Q96MU7_site25,7,7,2.1080618223270857
Q96MU7_site26,2,2,0.8871477055868113
Q96MU7_site28,2,2,1.211217484667567
Q96MU7_site29,29,21,6.344176034441521
Q96MU7_site3,30,18,2.5678776041242086
Q96MU7_site31,29,21,1.0898854218225091
Q96MU7_site32,1,1,1.4071679485707729
Q96MU7_site33,2,2,3.05603568072632
Q96MU7_site34,17,13,0.9905916130200528
Q96MU7_site35,5,4,1.9659834491001893
Q96MU7_site36,18,16,1.0539495571640516
Q96MU7_site37,2,2,1.073627950598312
Q96MU7_site38,1,1,1.4223183030355306
Q96MU7_site39,4,4,2.797229716391393
Q96MU7_site42,39,26,2.0957713383124355
Q96MU7_site43,29,18,3.4104649494724093
Q96MU7_site5,51,34,1.8316324296978748
Q96MU7_site51,10,9,0.9391705807945284
Q96MU7_site52,1,1,1.289897424369698
Q96MU7_site6,54,36,1.9358105119652824
Q96MU7_site60,13,9,2.300407512402552
Q96MU7_site7,14,13,0.8090297251822771
Q96MU7_site79,5,4,2.1844303158981337
Q96MU7_site8,33,18,1.5279968073055197
Q96MU7_site80,1,1,2.6445630205674404
Q96MU7_site81,2,1,0.8482347822172875
Q96MU7_site82,3,2,1.4740603196038713
Q96MU7_site83,1,1,1.224405962512914
Q96MU7_site84,2,1,2.772291791558427
Q96MU7_site9,36,20,1.144953014719217
Q96PN6_site1,25,13,1.8489683426946368
Q96PN6_site10,3,3,0.8162584123755117
Q96PN6_site11,22,13,1.2665110798237025
Q96PN6_site12,25,13,2.316503883409012
Q96PN6_site13,24,13,1.677971986865597
Q96PN6_site14,18,10,1.5304091452254174
Q96PN6_site15,24,13,2.396278394562761
Q96PN6_site16,18,10,3.1817773421547004
Q96PN6_site17,21,12,1.9119616476902632
Q96PN6_site18,22,13,3.63996732621801
Q96PN6_site19,25,13,1.7413624800331302
Q96PN6_site2,16,12,7.477348408928516
Q96PN6_site20,25,13,4.2419153500284805
Q96PN6_site21,7,5,2.068065241697955
Q96PN6_site22,15,10,2.2981843259621035
Q96PN6_site23,20,12,2.2008450186761377
Q96PN6_site24,16,10,2.199649835619226
Q96PN6_site25,10,8,1.1443121383416397
Q96PN6_site26,10,6,2.4383139118478905
Q96PN6_site27,17,10,1.7073042397521556
Q96PN6_site28,13,10,1.441865449980096
Q96PN6_site29,12,9,1.4343360767060953
Q96PN6_site3,13,9,2.832514427816464
Q96PN6_site30,20,11,2.411513405236975
Q96PN6_site36,15,9,1.1082359206676644
Q96PN6_site4,5,5,1.0741531469640122
Q96PN6_site43,4,4,0.6497206962023924
Q96PN6_site44,14,10,2.089047683115822
Q96PN6_site45,10,6,1.8134443109924492
Q96PN6_site46,12,9,2.629580765978011
Q96PN6_site49,5,4,2.3284668925235037
Q96PN6_site5,22,10,2.277065563795006
Q96PN6_site53,5,5,1.2359850424366554
Q96PN6_site55,5,4,3.023437667718598
Q96PN6_site6,24,13,1.2096445898679906
Q96PN6_site64,7,7,1.5695849636245989
Q96PN6_site69,12,8,1.3295685113976623
Q96PN6_site7,22,13,2.2411929575116623
Q96PN6_site74,4,4,1.2508138302995282
Q96PN6_site79,1,1,0.8203140227395777
Q96PN6_site8,14,11,1.7604029920668014
Q96PN6_site80,2,2,1.367444656699003
Q96PN6_site9,25,13,2.273646732987969
Q96T88_site109,2,2,0.737120522207893
Q96T88_site110,2,2,3.077875621306407
Q96T88_site111,3,3,1.7284414395264802
Q96T88_site112,4,3,1.2260041359135156
Q96T88_site113,4,3,3.1984206651944054
Q96T88_site114,1,1,1.3261088709677418
Q96T88_site116,5,4,1.5663664014974263
Q96T88_site117,2,2,0.7379482388486921
Q96T88_site118,1,1,1.227624747709345
Q96T88_site164,4,3,1.1194085519317092
Q99497_site1,18,4,4.987193851648255
Q99497_site10,4,3,1.1586103839068265
Q99497_site11,16,4,2.1600055526810618
Q99497_site12,19,4,2.389703258875851
Q99497_site13,18,4,5.038350662025624
Q99497_site14,13,4,2.381164611566883
Q99497_site141,15,4,2.7926149433872074
Q99497_site15,7,2,3.0644797240749666
Q99497_site150,1,1,1.251597552029036
Q99497_site16,8,3,4.253075790471913
Q99497_site167,1,1,2.103048625331702
Q99497_site17,15,4,2.506612734627097
Q99497_site2,17,4,4.946331184928112
Q99497_site21,3,2,1.8086999505684629
Q99497_site223,2,1,1.07148574674654
Q99497_site23,3,2,2.068333585757755
Q99497_site235,1,1,1.376358211964552
Q99497_site3,19,4,1.7541539795527414
Q99497_site4,17,4,4.555861456957891
Q99497_site5,16,4,1.8083247790994907
Q99497_site6,18,4,1.832024120168192
Q99497_site7,18,4,2.136052288024957
Q99497_site8,2,1,1.207657767412719
Q99497_site9,8,2,4.410202222069082
Q99640_site1,22,18,4.952546783215693
Q99640_site13,4,4,1.2008250645938727
Q99640_site15,16,14,3.099473092153603
Q99640_site17,11,11,1.6655769017388684
Q99640_site18,20,16,1.1479969558159808
Q99640_site2,11,9,1.992462538786584
Q99640_site20,18,16,3.0997613044556505
Q99640_site23,19,15,1.9460887398589088
Q99640_site26,15,13,1.153219574343658
Q99640_site28,11,9,2.035742235658616
Q99640_site29,15,12,1.2915093636679749
Q99640_site31,14,12,1.6734969359539644
Q99640_site32,15,11,3.660396337790627
Q99640_site41,6,5,0.8392493090433594
Q99640_site47,8,8,2.402068903481155
Q99640_site6,11,10,1.7848771697169148
Q99640_site7,25,21,1.942270049659841
Q99640_site73,8,7,1.5351385553430448
Q99640_site74,1,1,1.3166950316733637
Q99640_site8,13,11,1.0917687713209865
Q99685_site1,3,3,0.8391537492035587
Q99685_site10,26,24,2.3496198080562616
Q99685_site11,1,1,0.7971954578095531
Q99685_site12,3,3,1.0934926473447233
Q99685_site13,22,20,2.3289341972504736
Q99685_site14,19,18,0.9942936225070144
Q99685_site15,16,16,1.5004771264442105
Q99685_site17,8,8,3.47298239741122
Q99685_site18,3,3,1.6256666111157403
Q99685_site19,2,2,1.05652379051283
Q99685_site2,1,1,1.0430175217710629
Q99685_site20,2,2,0.9546515715916588
Q99685_site22,2,2,1.4045924014305022
Q99685_site23,4,4,2.148655479175091
Q99685_site24,26,24,2.7044255699597675
Q99685_site25,1,1,0.7546909090909091
Q99685_site26,3,3,0.4683874724184239
Q99685_site27,1,1,0.6752661490775915
Q99685_site28,2,2,1.7111776210333574
Q99685_site3,3,3,3.976147417307837
Q99685_site30,10,9,1.1842745042302196
Q99685_site31,7,7,1.5757113315587992
Q99685_site4,2,2,1.1954442620406898
Q99685_site5,9,9,1.6904748865028465
Q99685_site6,1,1,0.6681684742101821
Q99685_site7,16,16,0.9363231485721784
Q99685_site8,1,1,1.0846511627906978
Q99685_site9,19,18,1.1960843872535485
Q99814_site1,21,17,5.823139140233779
Q99814_site10,5,5,2.498663578047042
Q99814_site12,9,8,2.851913778893048
Q99814_site13,2,2,1.4081440799564593
Q99814_site17,2,2,1.0519401052109416
Q99814_site18,1,1,1.2685956345118858
Q99814_site19,1,1,1.4442420804347176
Q99814_site2,6,6,1.7681941873204097
Q99814_site20,1,1,1.340554162924436
Q99814_site21,1,1,0.8204200847381231
Q99814_site3,7,6,1.6115541440545365
Q99814_site4,6,6,1.5758858085065603
Q99814_site47,9,6,4.314618248501722
Q99814_site48,6,5,1.544486942345675
Q99814_site49,6,4,1.3896110175133238
Q99814_site5,10,9,6.192103058459998
Q99814_site50,10,7,1.8822995473520896
Q99814_site51,2,2,1.2891607136711587
Q99814_site52,5,4,0.8444990946679999
Q99814_site53,8,6,1.3490720185897631
Q99814_site56,2,2,3.702861288130613
Q99814_site58,3,3,0.9182813283876292
Q99814_site6,7,6,1.2746705753130776
Q99814_site61,4,3,1.0265465606656408
Q99814_site62,4,3,1.5818453376812212
Q99814_site63,3,3,1.2828248683061496
Q99814_site65,1,1,1.522433660864153
Q99814_site7,7,7,2.5011042638834464
Q99814_site8,6,6,0.9874609111533508
Q99814_site9,8,7,2.878163287507309
Q99972_site1,1,1,3.534467986792325
Q99972_site10,1,1,1.13453990240354
Q99972_site11,1,1,1.0152474409332344
Q99972_site13,1,1,1.4932911511784426
Q99972_site2,1,1,1.1051189231906595
Q99972_site3,1,1,3.428233992296725
Q99972_site4,1,1,3.621962608152486
Q99972_site5,1,1,3.389746030666712
Q99972_site6,1,1,1.5107186122864618
Q99972_site7,1,1,3.499526242616912
Q99972_site8,1,1,2.1169704231569653
Q99972_site9,1,1,1.1164741529703426
Q9BPX1_site10,22,11,5.242650288992445
Q9BPX1_site100,23,12,1.1275314136593562
Q9BPX1_site102,21,12,1.0193484002641215
Q9BPX1_site130,10,7,1.5692637877211235
Q9BPX1_site135,23,12,1.8258512351700205
Q9BPX1_site142,4,4,1.1711134319060446
Q9BPX1_site159,15,8,1.1753307233494967
Q9BPX1_site163,15,9,2.4163552429105297
Q9BPX1_site182,5,4,1.246988005252138
Q9BPX1_site211,2,2,1.6019477222301943
Q9BPX1_site213,4,3,1.277472880372433
Q9BPX1_site244,7,5,0.65376286029595
Q9BPX1_site246,6,5,4.875997738954213
Q9BPX1_site248,4,4,1.1524371841622172
Q9BPX1_site260,2,2,0.5878045852838796
Q9BPX1_site271,5,4,1.482116013100391
Q9BPX1_site272,9,7,2.46467421228811
Q9BPX1_site56,5,5,0.5690823993946397
Q9BPX1_site59,8,6,1.712656141088479
Q9BPX1_site73,16,9,1.9728792166606468
Q9BPX1_site76,13,9,1.613636194709341
Q9BRQ3_site1,22,16,1.566525131306533
Q9BRQ3_site10,8,7,1.1691199696759114
Q9BRQ3_site100,2,2,1.5510712461581198
Q9BRQ3_site11,22,17,1.173194539628443
Q9BRQ3_site12,20,14,1.2468628071285457
Q9BRQ3_site13,21,15,2.534271885934792
Q9BRQ3_site14,6,6,0.7451407912237603
Q9BRQ3_site15,17,12,2.4958549041084064
Q9BRQ3_site16,1,1,0.9056888873179696
Q9BRQ3_site17,30,21,1.8768403253549455
Q9BRQ3_site2,29,20,2.352573650940047
Q9BRQ3_site22,2,2,1.2717899288821737
Q9BRQ3_site26,2,2,1.384531362306373
Q9BRQ3_site27,29,21,1.3699313839933946
Q9BRQ3_site3,29,20,2.266520648883052
Q9BRQ3_site32,1,1,0.8633264527428536
Q9BRQ3_site33,7,5,2.491727004558863
Q9BRQ3_site34,26,18,1.3654270730429825
Q9BRQ3_site4,30,21,2.2973593667191032
Q9BRQ3_site47,9,8,1.4618789697229473
Q9BRQ3_site5,26,19,1.4256267463023249
Q9BRQ3_site50,20,12,2.210156007683392
Q9BRQ3_site54,4,4,0.9257301101944267
Q9BRQ3_site55,2,2,1.4029080860582932
Q9BRQ3_site6,5,4,1.507348889513635
Q9BRQ3_site66,1,1,1.7102371810411567
Q9BRQ3_site7,30,21,1.4231983352915365
Q9BRQ3_site70,1,1,3.694266230175796
Q9BRQ3_site71,15,10,0.4542861645306907
Q9BRQ3_site72,2,2,1.2715108410074043
Q9BRQ3_site86,11,8,1.6969298889891509
Q9BRQ3_site87,25,16,1.1181375546345993
Q9BRQ3_site88,29,20,1.7022014684750626
Q9BRQ3_site9,15,11,2.2895772840298387
Q9BRQ3_site90,3,3,4.498056301308215
Q9BRQ3_site91,14,11,2.1298655014255607
Q9BRQ3_site92,15,13,1.097400305846371
Q9BRQ3_site94,23,17,2.900341057086005
Q9BRQ3_site98,6,6,0.9056286971839528
Q9BY41_site10,13,9,9.731655314039475
Q9BY41_site100,3,3,2.453458782763537
Q9BY41_site102,9,9,1.4531797649616702
Q9BY41_site103,8,5,1.345773505794866
Q9BY41_site105,1,1,2.436287002018169
Q9BY41_site107,1,1,0.8036562131934644
Q9BY41_site108,6,5,2.189497410834661
Q9BY41_site11,15,11,1.6932917492459043
Q9BY41_site111,2,2,2.577771752914528
Q9BY41_site113,8,7,2.85023384900036
Q9BY41_site115,8,6,0.8721502356100626
Q9BY41_site116,2,2,0.3698803183459536
Q9BY41_site117,8,7,1.9823427794664603
Q9BY41_site124,6,5,2.528817523244538
Q9BY41_site125,6,4,0.972994852830943
Q9BY41_site126,7,5,2.672435417635993
Q9BY41_site127,6,4,2.303324449431898
Q9BY41_site128,4,4,1.3007251948678518
Q9BY41_site130,4,4,2.0534534894375875
Q9BY41_site132,1,1,1.1569885063564
Q9BY41_site133,7,6,1.0730827220013943
Q9BY41_site136,3,3,1.4033828101094046
Q9BY41_site137,2,2,1.2521700626447254
Q9BY41_site139,1,1,0.939436811318188
Q9BY41_site14,16,12,2.102836252137508
Q9BY41_site141,4,4,1.0788714358886802
Q9BY41_site144,6,5,1.8874846960386675
Q9BY41_site145,6,5,1.947120131281443
Q9BY41_site147,4,3,2.5518510080322647
Q9BY41_site151,6,4,1.1902046281432046
Q9BY41_site159,1,1,1.7398729508059911
Q9BY41_site166,1,1,0.7501223748385537
Q9BY41_site169,1,1,1.7198231158076975
Q9BY41_site172,1,1,1.4374985331048888
Q9BY41_site18,16,13,3.006074017994933
Q9BY41_site23,3,3,1.320550594268083
Q9BY41_site25,3,2,4.5188969662510665
Q9BY41_site29,4,4,1.7711200127532416
Q9BY41_site30,12,9,2.2473003320830447
Q9BY41_site31,17,13,1.8541910800344568
Q9BY41_site33,16,12,2.4919647443805792
Q9BY41_site34,8,6,1.0819196930514954
Q9BY41_site35,16,12,2.1836435147546744
Q9BY41_site36,16,12,2.185356898718825
Q9BY41_site38,4,3,1.5314726840855106
Q9BY41_site45,8,7,8.392423889838826
Q9BY41_site47,1,1,1.3749511168365116
Q9BY41_site48,2,2,1.0598100715420382
Q9BY41_site49,11,8,2.343385952057853
Q9BY41_site5,11,8,2.282508956068129
Q9BY41_site50,5,5,1.3232727642305937
Q9BY41_site51,3,2,1.1558292613193326
Q9BY41_site53,1,1,1.5002799807269085
Q9BY41_site54,6,6,1.4788647466010436
Q9BY41_site55,11,9,4.526140753310764
Q9BY41_site57,13,10,5.188217083951681
Q9BY41_site58,13,10,1.33516146016146
Q9BY41_site59,6,5,2.994055741875796
Q9BY41_site60,5,5,1.4088854496210483
Q9BY41_site61,10,7,2.144752544322932
Q9BY41_site62,14,11,2.9515736975008062
Q9BY41_site64,11,9,1.995050124268152
Q9BY41_site66,5,5,1.5124298383951431
Q9BY41_site67,4,4,0.6956686910044481
Q9BY41_site68,10,7,1.934246300308691
Q9BY41_site7,10,8,2.288911274699729
Q9BY41_site70,10,8,2.195479355504925
Q9BY41_site72,6,6,1.0766973760223784
Q9BY41_site73,12,9,1.5325154448362974
Q9BY41_site74,13,10,4.9390024809650095
Q9BY41_site75,7,7,4.278129532029288
Q9BY41_site76,16,13,5.175767958882824
Q9BY41_site77,5,5,0.4472683641773085
Q9BY41_site78,5,5,4.7507314660339865
Q9BY41_site79,5,4,1.2857341259759836
Q9BY41_site80,3,3,1.3014103191189768
Q9BY41_site81,1,1,0.8424166685098758
Q9BY41_site82,3,3,1.7210539187712977
Q9BY41_site83,1,1,0.8684517486304651
Q9BY41_site85,7,7,1.4825582228078718
Q9BY41_site86,10,7,1.4313921360255049
Q9BY41_site87,1,1,1.2077447960917589
Q9BY41_site89,5,5,2.078229103827334
Q9BY41_site90,1,1,3.882729290284239
Q9BY41_site92,9,7,2.8632296482018336
Q9BY41_site94,7,7,4.171284851721375
Q9BY41_site95,3,2,0.6386053961579252
Q9BY41_site96,1,1,1.7611736195257053
Q9BY41_site97,8,5,1.1635087592363138
Q9BY41_site99,11,9,1.8552290617513325
Q9C029_site100,2,2,1.3778847416770326
Q9C029_site101,5,3,2.424784879732511
Q9C029_site102,5,4,1.1200747025930005
Q9C029_site108,1,1,1.0130438526001606
Q9C029_site109,1,1,0.8336688699759509
Q9C029_site113,1,1,0.9503615144427692
Q9C029_site118,1,1,1.137704351713557
Q9C029_site123,4,3,1.452024331718351
Q9C029_site124,1,1,0.928270107441748
Q9C029_site125,1,1,0.7496442043610221
Q9C029_site128,2,2,3.2756953589705065
Q9C029_site13,7,4,5.069967147592482
Q9C029_site131,1,1,3.1997747425214134
Q9C029_site132,1,1,0.7477624678979501
Q9C029_site14,5,3,2.3724854360094665
Q9C029_site16,7,4,1.2830908785245965
Q9C029_site17,3,2,0.6835654821176912
Q9C029_site19,4,2,3.034870449250465
Q9C029_site23,2,1,4.552309350994397
Q9C029_site7,6,4,1.2657561882534438
Q9C029_site95,2,2,5.176952691041971
Q9C029_site97,2,2,1.265063790919002
Q9GZQ8_site104,3,3,0.7925243082764025
Q9GZQ8_site12,1,1,0.9958045957549282
Q9GZQ8_site15,20,16,5.713746297321051
Q9GZQ8_site16,1,1,1.866380754955872
Q9GZQ8_site18,1,1,2.202422164545761
Q9GZQ8_site2,19,16,1.3961079097012228
Q9GZQ8_site251,5,5,1.496206773767882
Q9GZQ8_site270,12,11,2.6738697288504296
Q9GZQ8_site272,4,4,0.88514732645641
Q9GZQ8_site45,21,17,5.793092404330936
Q9GZQ8_site47,17,14,1.1128124659021827
Q9GZQ8_site49,1,1,1.7432100049400692
Q9GZQ8_site5,1,1,0.9604961296604996
Q9GZQ8_site50,1,1,2.463915200721696
Q9GZQ8_site51,16,13,2.109092862899615
Q9GZQ8_site52,12,10,2.419205526229226
Q9GZQ8_site53,2,2,2.8727749413550434
Q9GZQ8_site54,14,11,1.7868189029623658
Q9GZQ8_site55,15,12,2.0281091403756606
Q9GZT9_site1,29,22,6.773401320859351
Q9GZT9_site12,7,5,1.6947704360943725
Q9GZT9_site154,2,1,1.5784781854664862
Q9GZT9_site157,2,1,6.782760549751282
Q9GZT9_site158,2,1,1.0272145090430185
Q9GZT9_site161,3,3,0.9928657505208672
Q9GZT9_site17,28,22,3.316722865416452
Q9GZT9_site2,18,13,2.698182802457185
Q9GZT9_site20,21,15,1.6526661149870714
Q9GZT9_site22,3,3,2.7403434811692047
Q9GZT9_site26,5,5,1.5925248433904604
Q9GZT9_site27,5,4,1.451654286574067
Q9GZT9_site3,25,18,3.647743334966063
Q9GZT9_site4,26,20,9.553106881161272
Q9GZT9_site48,6,5,2.195117078238632
Q9GZT9_site5,15,9,1.6825678676723972
Q9GZT9_site54,3,2,2.284625428211841
Q9GZT9_site8,23,18,2.247352982743553
Q9GZT9_site9,24,19,3.6762185550486537
Q9H2K2_site28,5,4,2.9017053641532717
Q9H2K2_site29,5,4,1.486710622348124
Q9H2K2_site30,5,4,1.103285973541322
Q9H2K2_site31,5,4,1.2657063453797857
Q9H2K2_site32,3,3,0.7692108887097334
Q9H2K2_site33,7,5,1.722326537911302
Q9H2K2_site35,8,7,2.7552377785167943
Q9H2K2_site36,7,6,0.9935150235288248
Q9H2K2_site37,4,3,1.4450063986145276
Q9H2K2_site38,6,5,1.1675667621396997
Q9H2K2_site39,9,6,1.907106227676313
Q9H2K2_site40,4,4,1.1029522895306565
Q9H2K2_site41,5,4,1.3830794892906209
Q9H2K2_site42,2,2,1.0971051770426852
Q9H7Z6_site100,3,3,1.4831765151906804
Q9H7Z6_site102,2,2,1.5797076806931871
Q9H7Z6_site104,2,2,2.326271204569277
Q9H7Z6_site105,2,2,1.5272794884015692
Q9H7Z6_site108,3,3,1.5416414176727422
Q9H7Z6_site117,2,2,1.4989981807155852
Q9H7Z6_site169,2,2,0.9953542651231364
Q9H7Z6_site170,1,1,0.9541043913519816
Q9H7Z6_site171,2,2,1.105695464133778
Q9H7Z6_site172,1,1,0.8884358959993449
Q9H7Z6_site173,1,1,1.8038743275295737
Q9H7Z6_site80,3,2,0.9473408720843404
Q9H7Z6_site81,4,3,5.015137979919601
Q9H7Z6_site82,2,1,0.7866129317405282
Q9H7Z6_site83,1,1,0.8622561080162855
Q9H7Z6_site84,2,2,1.4088512161116429
Q9H7Z6_site85,4,3,1.431567152689472
Q9H7Z6_site86,4,3,1.3493928759216915
Q9H7Z6_site87,2,2,1.0842715868190236
Q9H7Z6_site88,1,1,0.9983936625181056
Q9H7Z6_site89,3,2,4.002928536345776
Q9H7Z6_site90,3,2,1.207525211380921
Q9H7Z6_site91,4,3,2.0926956682287905
Q9H7Z6_site92,2,1,1.9645915901401645
Q9H7Z6_site93,4,3,1.5075596595649998
Q9H7Z6_site94,4,3,1.7406354991665445
Q9H7Z6_site96,3,3,1.445081916129907
Q9H7Z6_site97,4,3,1.6708715064810664
Q9H7Z6_site98,4,3,1.2725864537991465
Q9H7Z6_site99,4,3,2.8682501323503464
Q9H8M2_site1,9,6,2.106182313297215
Q9H8M2_site11,6,5,1.069553412017741
Q9H8M2_site12,7,5,1.5357646775414688
Q9H8M2_site13,15,12,2.311570658834956
Q9H8M2_site16,6,6,1.2636805110432714
Q9H8M2_site2,1,1,0.8999618862294373
Q9H8M2_site21,1,1,0.2083264240859967
Q9H8M2_site22,1,1,0.9036719378182791
Q9H8M2_site23,4,2,0.964006137044317
Q9H8M2_site3,5,3,1.2797450979896512
Q9H8M2_site4,21,16,1.735045159471926
Q9H8M2_site5,5,4,1.2072685372613745
Q9H8M2_site6,17,13,2.725086548389492
Q9H8M2_site7,1,1,7.932007178770568
Q9H8M2_site8,14,12,1.3467953053760209
Q9H8M2_site84,1,1,1.6456681718641248
Q9H8M2_site9,9,6,1.3619378961374655
Q9HB07_site1,7,5,2.088919112053664
Q9HB07_site10,8,5,1.4742432497221436
Q9HB07_site11,4,3,1.153228681626171
Q9HB07_site12,6,4,4.698553944908829
Q9HB07_site13,5,4,2.0245727266171487
Q9HB07_site14,1,1,1.140092153309597
Q9HB07_site15,6,4,1.6127317661756204
Q9HB07_site16,7,4,1.7138703139367504
Q9HB07_site18,2,2,1.4224394294755978
Q9HB07_site2,8,5,1.7342180556401046
Q9HB07_site20,1,1,1.1838901454756696
Q9HB07_site21,6,4,1.773436662155606
Q9HB07_site23,5,3,1.4358214561465743
Q9HB07_site24,5,5,5.595119078858942
Q9HB07_site25,1,1,1.4378394675818158
Q9HB07_site26,1,1,1.654797721629911
Q9HB07_site27,2,2,1.302281899231074
Q9HB07_site29,1,1,0.8343301988592569
Q9HB07_site3,7,5,1.3262857999700104
Q9HB07_site34,1,1,0.6962552682997722
Q9HB07_site4,8,5,1.5210056787127015
Q9HB07_site5,1,1,2.610634852380125
Q9HB07_site6,8,5,4.6799508915297485
Q9HB07_site7,8,5,1.3957742234453272
Q9HB07_site8,7,4,3.722485765818741
Q9HB07_site9,8,5,1.2690866938161214
Q9HCE5_site1,34,25,9.620361631314887
Q9HCE5_site10,33,26,6.070173949486216
Q9HCE5_site11,25,21,2.3196788704504856
Q9HCE5_site12,25,20,7.536627045501248
Q9HCE5_site14,18,14,1.7246187321789557
Q9HCE5_site15,50,33,3.2706340514929377
Q9HCE5_site16,30,23,3.4673755529567294
Q9HCE5_site18,19,16,1.6925224133753334
Q9HCE5_site2,50,33,7.213608895083365
Q9HCE5_site20,56,38,1.7103239071939889
Q9HCE5_site21,52,35,1.315728650594678
Q9HCE5_site22,58,39,3.734131999454106
Q9HCE5_site23,19,17,4.534038379764893
Q9HCE5_site24,39,26,2.647175502339317
Q9HCE5_site27,44,29,4.885431420467722
Q9HCE5_site28,31,25,1.868751746741533
Q9HCE5_site29,22,20,3.455235568624944
Q9HCE5_site3,24,18,0.946535173748126
Q9HCE5_site30,19,12,1.5811476105593754
Q9HCE5_site31,18,14,4.228267266136246
Q9HCE5_site32,1,1,0.6673848942076722
Q9HCE5_site34,10,8,0.8971827087957605
Q9HCE5_site35,3,2,3.2630518388872254
Q9HCE5_site36,5,4,3.8361104991849135
Q9HCE5_site37,2,1,1.4046673568089545
Q9HCE5_site38,20,19,1.0275560222988716
Q9HCE5_site39,3,2,1.3000510865003925
Q9HCE5_site4,50,35,2.0336894037079043
Q9HCE5_site40,3,2,1.6594804625074422
Q9HCE5_site41,32,23,2.93566511283302
Q9HCE5_site43,3,2,2.576531203283337
Q9HCE5_site44,28,25,2.845142802163492
Q9HCE5_site45,1,1,0.6047963269549147
Q9HCE5_site46,26,19,3.074656382873529
Q9HCE5_site47,3,2,1.896516562634169
Q9HCE5_site48,41,29,2.717893211218527
Q9HCE5_site49,29,25,5.632854541501332
Q9HCE5_site50,3,2,3.869048811013767
Q9HCE5_site51,11,8,2.217190382229878
Q9HCE5_site52,5,4,5.68762753475322
Q9HCE5_site53,1,1,0.7685901532353462
Q9HCE5_site56,29,23,1.430162048533709
Q9HCE5_site58,2,2,0.9639716906813042
Q9HCE5_site59,2,2,1.740886288723424
Q9HCE5_site6,17,11,2.2976630603249486
Q9HCE5_site60,1,1,0.8480837083571677
Q9HCE5_site61,36,26,5.307997291603972
Q9HCE5_site62,8,8,2.966960338531977
Q9HCE5_site63,5,3,0.4886091543186314
Q9HCE5_site64,28,19,1.3309508511564558
Q9HCE5_site65,16,15,1.2735173205973036
Q9HCE5_site67,17,16,3.262447558235028
Q9HCE5_site7,50,33,4.387533173668199
Q9HCE5_site71,5,5,0.988668898058453
Q9HCE5_site77,9,8,1.184688222440384
Q9HCE5_site8,55,36,2.8984829442448645
Q9HCE5_site82,1,1,0.901068163617442
Q9HCE5_site9,55,37,3.1123111197210385
Q9HCE5_site96,4,4,1.0602602994422154
Q9HCE5_site97,1,1,0.7747945865994227
Q9HD26_site101,3,3,0.7575399859256493
Q9HD26_site104,1,1,0.8776849669739184
Q9HD26_site106,1,1,0.7937293903593511
Q9HD26_site108,3,3,1.136323029359077
Q9HD26_site109,1,1,1.3947589644618363
Q9HD26_site110,3,3,2.292144955060398
Q9HD26_site27,1,1,1.12244296028735
Q9HD26_site67,1,1,3.1867765169920257
Q9NP87_site1,23,6,4.429912543182606
Q9NP87_site10,13,5,2.978814926120711
Q9NP87_site11,4,2,0.9975839544426764
Q9NP87_site12,9,4,1.369395954376347
Q9NP87_site13,18,6,1.3591130203414274
Q9NP87_site14,24,6,2.2441339858712603
Q9NP87_site15,16,6,1.412203934633929
Q9NP87_site16,17,6,2.394234790938651
Q9NP87_site17,23,6,1.911285455642728
Q9NP87_site18,1,1,1.2189849477155852
Q9NP87_site19,11,6,2.9400258667063444
Q9NP87_site2,7,4,0.9012382413926407
Q9NP87_site20,24,6,4.023490421327242
Q9NP87_site21,22,6,1.7379762723728835
Q9NP87_site22,15,6,3.346869153736107
Q9NP87_site23,5,3,2.148503142232429
Q9NP87_site24,1,1,0.7704771899399916
Q9NP87_site25,7,4,8.123166997905141
Q9NP87_site26,20,6,3.8515067183898353
Q9NP87_site27,15,5,2.991922200806027
Q9NP87_site28,6,5,1.1532152853550928
Q9NP87_site29,18,6,6.333460220784164
Q9NP87_site3,5,4,2.283488648220775
Q9NP87_site30,12,6,2.654826141532041
Q9NP87_site31,15,5,2.94590236417072
Q9NP87_site32,10,6,4.185229482602781
Q9NP87_site33,17,6,2.0548266942158766
Q9NP87_site34,11,6,2.124503394303498
Q9NP87_site35,9,5,2.355596158350902
Q9NP87_site36,21,6,2.402572019375124
Q9NP87_site37,7,3,2.244419704469757
Q9NP87_site38,21,6,1.56829917888622
Q9NP87_site39,3,3,1.4737084628710415
Q9NP87_site4,24,6,3.811873822751007
Q9NP87_site40,21,6,3.0595683140237515
Q9NP87_site42,11,5,1.5337528888104446
Q9NP87_site44,14,6,1.497776671054036
Q9NP87_site45,9,5,1.0509599536727694
Q9NP87_site47,15,6,3.808293066636701
Q9NP87_site5,23,6,2.0075778787682985
Q9NP87_site51,12,5,1.5481373737862465
Q9NP87_site52,14,6,3.204013722786432
Q9NP87_site55,8,4,1.5884764127082551
Q9NP87_site6,5,3,1.2173852765839457
Q9NP87_site7,22,6,1.8844769534424708
Q9NP87_site8,14,6,1.6431592994677482
Q9NP87_site88,4,3,1.7676208250521113
Q9NP87_site89,1,1,1.0191923276907968
Q9NP87_site9,6,3,1.3529633335295157
Q9NPB1_site1,17,5,1.6602171509078931
Q9NPB1_site10,13,3,1.510457620440771
Q9NPB1_site11,16,5,1.273571965232256
Q9NPB1_site12,16,4,1.09280739146112
Q9NPB1_site13,16,5,1.965119598385668
Q9NPB1_site14,8,3,1.9028377782289967
Q9NPB1_site15,11,3,1.163845001098092
Q9NPB1_site16,15,5,1.6984740072678584
Q9NPB1_site18,3,3,1.7509330914094705
Q9NPB1_site2,17,5,1.40244208203791
Q9NPB1_site20,15,5,3.880642774077598
Q9NPB1_site21,9,3,1.1045043135426162
Q9NPB1_site29,4,3,1.1969542953225314
Q9NPB1_site3,1,1,0.8061322762664124
Q9NPB1_site32,3,1,2.24725254325388
Q9NPB1_site4,3,2,1.2154514110586132
Q9NPB1_site5,8,4,2.5911573813991846
Q9NPB1_site6,17,5,1.968854705732308
Q9NPB1_site7,6,3,1.1741160078909847
Q9NPB1_site8,16,5,3.0171933194350093
Q9NPB1_site9,14,5,2.52439599601698
Q9NTG7_site1,12,7,4.757460484029645
Q9NTG7_site10,11,9,1.4056694133642322
Q9NTG7_site11,17,12,3.510048619941656
Q9NTG7_site12,19,11,3.48009702251868
Q9NTG7_site13,16,11,3.530457112340783
Q9NTG7_site14,6,5,2.846470596784273
Q9NTG7_site15,11,7,5.160194500898601
Q9NTG7_site16,7,4,2.7332364710752524
Q9NTG7_site17,20,10,4.3900764757463255
Q9NTG7_site18,10,6,1.691049333041872
Q9NTG7_site19,14,9,2.135544515431222
Q9NTG7_site195,2,2,2.650720560759488
Q9NTG7_site2,9,6,3.6412706071572174
Q9NTG7_site20,10,8,1.676269253946165
Q9NTG7_site21,10,8,1.4977531482566917
Q9NTG7_site22,9,6,1.905132877393095
Q9NTG7_site23,14,8,1.0812780437859488
Q9NTG7_site24,11,9,3.190044566565024
Q9NTG7_site25,11,7,1.9247105037030976
Q9NTG7_site26,8,7,3.4529399292881253
Q9NTG7_site27,2,2,1.095325786107706
Q9NTG7_site28,7,7,1.6649778398122048
Q9NTG7_site29,9,7,1.239435149274796
Q9NTG7_site3,23,14,1.7588049230803715
Q9NTG7_site30,7,5,1.3229824028222226
Q9NTG7_site32,9,8,1.3950474609750076
Q9NTG7_site34,1,1,2.2066607983728304
Q9NTG7_site35,7,5,1.1778798225500946
Q9NTG7_site36,2,2,1.3668064652938128
Q9NTG7_site4,16,10,2.9849722929756983
Q9NTG7_site40,3,2,1.156320645531146
Q9NTG7_site5,15,10,4.651202979316258
Q9NTG7_site6,16,10,5.189729478291572
Q9NTG7_site61,16,13,2.0595332707174334
Q9NTG7_site7,2,2,2.9434291265182004
Q9NTG7_site75,5,4,1.304703103634028
Q9NTG7_site78,3,3,1.5520048897839562
Q9NTG7_site79,2,2,1.176646151052297
Q9NTG7_site8,7,4,1.285555240619366
Q9NTG7_site82,1,1,0.7835664396263367
Q9NTG7_site83,3,3,0.9519445502822984
Q9NTG7_site84,1,1,1.2598968846831329
Q9NTG7_site85,1,1,1.356847355280024
Q9NTG7_site9,19,11,2.235254340205901
Q9NUW8_site10,36,12,2.7022943132610826
Q9NUW8_site101,22,9,2.097947585755754
Q9NUW8_site108,15,9,1.9612930597944356
Q9NUW8_site109,5,3,2.1162719811831168
Q9NUW8_site11,12,6,2.70344905130007
Q9NUW8_site112,32,11,1.1222761770359917
Q9NUW8_site119,9,6,1.8710027015141044
Q9NUW8_site12,30,10,2.018266443668049
Q9NUW8_site121,2,1,0.651833997293434
Q9NUW8_site122,9,6,3.720763528371608
Q9NUW8_site129,10,7,0.579697726824923
Q9NUW8_site13,4,2,0.63052016448171
Q9NUW8_site130,5,3,1.1830036600732017
Q9NUW8_site132,13,6,1.6020505635865756
Q9NUW8_site133,4,2,0.5169133836764451
Q9NUW8_site139,7,6,0.5471934457639503
Q9NUW8_site14,34,12,2.7946919865546533
Q9NUW8_site142,10,7,3.4210558564741063
Q9NUW8_site143,14,8,1.494123779736518
Q9NUW8_site144,1,1,0.9008294972117036
Q9NUW8_site145,2,2,0.5539102852531803
Q9NUW8_site146,10,6,1.573763242607187
Q9NUW8_site147,17,7,3.83029005161701
Q9NUW8_site148,28,11,2.188486158788748
Q9NUW8_site15,3,3,1.1563741168035275
Q9NUW8_site16,35,12,1.672962747258733
Q9NUW8_site17,35,12,2.2513138745680727
Q9NUW8_site18,33,11,1.6995993616570133
Q9NUW8_site19,1,1,1.354824243275073
Q9NUW8_site20,38,12,2.333491522635307
Q9NUW8_site21,30,12,1.799038342991
Q9NUW8_site22,31,11,1.3721276565471645
Q9NUW8_site23,15,9,1.4338917911160036
Q9NUW8_site24,35,12,2.873522921867146
Q9NUW8_site25,32,12,2.33144669768034
Q9NUW8_site26,37,12,1.7056840652413372
Q9NUW8_site27,3,3,0.9844375749894652
Q9NUW8_site28,10,4,1.1625452746615417
Q9NUW8_site29,24,10,4.942221569000398
Q9NUW8_site3,3,1,1.300172073697906
Q9NUW8_site30,8,4,0.9748007511703342
Q9NUW8_site31,16,8,6.123793172783939
Q9NUW8_site33,11,5,2.913481881522016
Q9NUW8_site34,5,2,1.170901365497627
Q9NUW8_site35,1,1,1.139169726431194
Q9NUW8_site36,31,12,1.0240026665603907
Q9NUW8_site37,38,12,2.002207256137301
Q9NUW8_site39,8,7,2.234268184911678
Q9NUW8_site4,16,9,2.2888287196576664
Q9NUW8_site40,34,12,1.6116084033714415
Q9NUW8_site42,37,11,1.4836932667772629
Q9NUW8_site43,38,12,2.586479557414654
Q9NUW8_site45,38,12,1.831497178969869
Q9NUW8_site46,26,11,4.175668608046147
Q9NUW8_site47,38,12,2.6141589555350557
Q9NUW8_site48,37,12,2.9615582253591706
Q9NUW8_site49,29,10,2.138289448606633
Q9NUW8_site5,5,2,1.071255250430912
Q9NUW8_site50,16,9,1.2270808507859812
Q9NUW8_site51,6,4,0.7364620316431698
Q9NUW8_site52,11,3,1.2439416640752852
Q9NUW8_site56,13,5,2.8022760145532395
Q9NUW8_site57,7,3,1.40322656262209
Q9NUW8_site58,33,12,2.1008360616318
Q9NUW8_site59,38,12,1.369375387849698
Q9NUW8_site61,20,9,1.1697793284476363
Q9NUW8_site62,23,11,2.0517691727703578
Q9NUW8_site64,35,11,1.0998280635761162
Q9NUW8_site7,35,12,5.032125931200282
Q9NUW8_site70,37,12,1.9137220165557127
Q9NUW8_site71,18,8,1.8352705163963996
Q9NUW8_site72,32,12,1.7771193282394615
Q9NUW8_site76,37,12,3.377546957651702
Q9NUW8_site87,2,2,2.0736006580739583
Q9NUW8_site9,6,4,2.390888834351058
Q9NUW8_site98,3,2,2.3237719282872717
Q9NWZ3_site101,5,5,0.6235711612489307
Q9NWZ3_site104,47,42,3.7408597434469577
Q9NWZ3_site11,21,20,1.7284145851426498
Q9NWZ3_site113,7,7,1.8930368797672408
Q9NWZ3_site114,59,53,1.484885676397158
Q9NWZ3_site115,3,3,1.406812158865547
Q9NWZ3_site121,8,8,1.617243357302358
Q9NWZ3_site122,23,22,1.189824784171014
Q9NWZ3_site126,36,36,3.538930778091947
Q9NWZ3_site128,40,35,2.196542082828449
Q9NWZ3_site13,23,22,2.6579680747861363
Q9NWZ3_site131,30,27,1.9829683537397869
Q9NWZ3_site134,3,3,2.5587983955819755
Q9NWZ3_site137,1,1,0.9208489599395164
Q9NWZ3_site145,6,6,1.4786295475236897
Q9NWZ3_site153,8,8,1.9701600035016933
Q9NWZ3_site156,2,2,0.5955976004909885
Q9NWZ3_site157,2,2,0.3571864643788973
Q9NWZ3_site158,2,2,2.4096934817965723
Q9NWZ3_site159,1,1,1.977383475733672
Q9NWZ3_site160,13,13,1.1156753835697335
Q9NWZ3_site161,19,18,2.9706623958691494
Q9NWZ3_site162,2,2,2.0634963822883288
Q9NWZ3_site163,1,1,4.616018447885306
Q9NWZ3_site164,9,8,2.330487459260309
Q9NWZ3_site165,5,5,1.0112093134617317
Q9NWZ3_site166,5,5,0.8333997051268411
Q9NWZ3_site167,14,13,2.408829999747136
Q9NWZ3_site168,29,26,4.900350477168871
Q9NWZ3_site169,11,10,1.4273177703668414
Q9NWZ3_site170,37,35,1.238569052299583
Q9NWZ3_site172,7,7,3.8555042230110494
Q9NWZ3_site173,4,4,3.120612944919467
Q9NWZ3_site174,1,1,1.0414815845733352
Q9NWZ3_site175,20,18,2.4035362071697515
Q9NWZ3_site176,8,8,2.4122632460523112
Q9NWZ3_site177,15,14,2.161704962261837
Q9NWZ3_site178,7,7,3.235237074116819
Q9NWZ3_site179,12,12,1.263742696351135
Q9NWZ3_site180,8,7,5.610455545431205
Q9NWZ3_site182,4,4,2.8838837973370217
Q9NWZ3_site183,6,6,2.8080340913680977
Q9NWZ3_site184,4,4,1.6632128475703896
Q9NWZ3_site186,1,1,1.339816402808693
Q9NWZ3_site187,5,5,0.8437890123830528
Q9NWZ3_site188,11,11,4.351921453551474
Q9NWZ3_site189,5,5,1.192199579529996
Q9NWZ3_site190,15,14,1.7943298044141398
Q9NWZ3_site191,2,2,0.8254281274616654
Q9NWZ3_site192,11,11,2.4956799106447645
Q9NWZ3_site194,10,10,1.136467257046272
Q9NWZ3_site195,11,10,1.188265821622118
Q9NWZ3_site196,4,4,1.5850222073887703
Q9NWZ3_site197,2,2,0.735320493702071
Q9NWZ3_site198,2,2,1.4350552457545744
Q9NWZ3_site199,6,6,1.4411286163280077
Q9NWZ3_site2,62,55,1.904005030221514
Q9NWZ3_site20,8,8,5.6889959442349225
Q9NWZ3_site200,4,4,2.5878412836946176
Q9NWZ3_site201,11,11,1.2925454911170855
Q9NWZ3_site202,3,3,0.5780386420794186
Q9NWZ3_site203,3,3,1.0843351875112148
Q9NWZ3_site204,4,4,1.8751722053249231
Q9NWZ3_site205,6,6,1.2090569051580695
Q9NWZ3_site206,5,5,1.5359090422441768
Q9NWZ3_site207,3,3,3.1671710679022267
Q9NWZ3_site208,3,3,1.7088278850800478
Q9NWZ3_site209,13,12,1.4278906084375662
Q9NWZ3_site210,5,5,1.2553647921121571
Q9NWZ3_site211,3,3,1.4197452735196685
Q9NWZ3_site212,4,4,2.013834125800699
Q9NWZ3_site213,2,2,2.480037955285832
Q9NWZ3_site214,8,8,1.2196885556943866
Q9NWZ3_site215,7,7,1.7406446848944588
Q9NWZ3_site216,2,2,0.6586973905057478
Q9NWZ3_site217,6,6,1.2226697774517807
Q9NWZ3_site218,7,7,1.5960306029917166
Q9NWZ3_site219,10,10,3.21564618487466
Q9NWZ3_site22,12,12,1.1457424484051846
Q9NWZ3_site220,3,3,2.7525049068845453
Q9NWZ3_site221,12,12,0.9226829825830176
Q9NWZ3_site222,7,6,2.70489847111493
Q9NWZ3_site223,3,3,0.547975083528182
Q9NWZ3_site224,5,5,2.5501962849482958
Q9NWZ3_site225,4,4,1.0195786915698424
Q9NWZ3_site226,11,11,2.060326426860848
Q9NWZ3_site227,4,4,1.0561553142581763
Q9NWZ3_site228,14,13,1.8091126227243268
Q9NWZ3_site25,12,12,0.5641161894273128
Q9NWZ3_site29,25,23,1.1430940967203689
Q9NWZ3_site30,19,18,3.2052720294295187
Q9NWZ3_site33,35,34,1.8982443495723489
Q9NWZ3_site37,20,19,3.1223761332539595
Q9NWZ3_site39,37,36,1.439602673084599
Q9NWZ3_site45,6,6,1.497670544386718
Q9NWZ3_site46,28,28,1.0255525914634147
Q9NWZ3_site53,56,51,5.236755837812793
Q9NWZ3_site54,46,44,1.1236985023023849
Q9NWZ3_site55,29,26,3.751303422770633
Q9NWZ3_site63,15,15,1.1429561137766218
Q9NWZ3_site67,29,28,3.303132104161283
Q9NWZ3_site68,32,31,2.794695756185253
Q9NWZ3_site69,35,33,2.7341857744876537
Q9NWZ3_site74,22,22,1.7418724420549834
Q9NWZ3_site76,4,4,5.461622928724332
Q9NWZ3_site77,22,22,2.6716707404303124
Q9NWZ3_site79,15,14,0.7475412191363389
Q9NWZ3_site81,29,28,4.71753863266198
Q9NWZ3_site82,15,15,4.801054952914531
Q9NWZ3_site86,9,8,8.538306068664228
Q9NWZ3_site9,30,28,5.334550753160245
Q9NWZ3_site92,8,8,1.1629671613011232
Q9NWZ3_site96,8,7,1.4328360325321827
Q9NWZ3_site99,53,48,3.558266441346289
Q9NXA8_site100,2,2,0.4621262991799186
Q9NXA8_site110,6,6,2.695962165240806
Q9NXA8_site112,8,6,1.1123101451707644
Q9NXA8_site119,1,1,1.6386635903388207
Q9NXA8_site123,1,1,0.971226668436838
Q9NXA8_site127,7,6,2.2473767422836106
Q9NXA8_site128,6,5,2.4814751428492565
Q9NXA8_site129,1,1,1.814568705403232
Q9NXA8_site130,5,5,1.6378701030850238
Q9NXA8_site132,3,3,1.7442278679621024
Q9NXA8_site133,8,7,1.2490573526493352
Q9NXA8_site136,1,1,0.8334049349695462
Q9NXA8_site138,1,1,0.4772156967779011
Q9NXA8_site14,9,7,1.8018235894970855
Q9NXA8_site16,10,9,3.1644431706909315
Q9NXA8_site170,3,2,3.635953597660165
Q9NXA8_site176,4,3,2.1446250810821854
Q9NXA8_site19,7,7,1.9313561204094407
Q9NXA8_site2,1,1,1.271589572075998
Q9NXA8_site214,1,1,1.0029089468361292
Q9NXA8_site27,5,5,1.3280996483809435
Q9NXA8_site39,3,3,1.383603949897276
Q9NXA8_site43,12,10,1.1791963522371045
Q9NXA8_site54,12,10,3.300812944364488
Q9NXA8_site55,2,2,1.4338096460454637
Q9NXA8_site61,7,6,2.0834610110235423
Q9NXA8_site64,12,10,5.976606336493871
Q9NXA8_site68,5,4,3.126711752140193
Q9NXA8_site7,1,1,1.4931843646196663
Q9NXA8_site73,4,4,1.9484135230616104
Q9NXA8_site77,9,8,3.354921845534929
Q9NXA8_site78,6,6,1.720606622650998
Q9NXA8_site83,3,3,1.6290841910794405
Q9NXA8_site88,6,6,1.8981948148044732
Q9NXA8_site90,5,4,1.177878621888104
Q9NXA8_site93,9,7,1.2209728133340687
Q9NXA8_site95,4,4,1.420395480812126
Q9NZQ7_site116,2,2,1.8435258891404367
Q9NZQ7_site120,2,2,1.1606889670745155
Q9NZQ7_site136,3,3,1.7920731527290978
Q9NZQ7_site15,1,1,1.359626970514467
Q9NZQ7_site170,1,1,1.2222448957673266
Q9NZQ7_site196,1,1,0.1478469058423228
Q9NZQ7_site214,2,2,3.939583712804888
Q9NZQ7_site27,4,4,15.46689027311931
Q9NZQ7_site305,6,6,2.5400632846789835
Q9NZQ7_site31,3,3,1.6038806749775454
Q9NZQ7_site368,1,1,1.0650071198776434
Q9NZQ7_site38,1,1,0.7595854966708541
Q9NZQ7_site61,6,6,2.260046677146522
Q9NZQ7_site62,6,6,3.486686170014534
Q9NZQ7_site63,12,12,2.5742918410403623
Q9NZQ7_site64,2,2,1.3734955225106802
Q9NZQ7_site65,6,6,1.5060189807323765
Q9NZQ7_site66,8,8,2.1567814133009184
Q9NZQ7_site67,5,5,2.5727274652510608
Q9NZQ7_site7,6,6,1.3218375981262924
Q9NZQ7_site84,8,8,4.285572710685475
Q9NZQ7_site88,7,7,3.346104639892858
Q9NZQ7_site96,8,8,3.9925364635802194
Q9NZQ7_site99,1,1,1.5082193326729445
Q9UGL1_site1,49,32,1.732427985583514
Q9UGL1_site12,47,31,1.5457665226909652
Q9UGL1_site13,49,32,1.7055709101295384
Q9UGL1_site14,30,20,1.4128151047064037
Q9UGL1_site15,30,21,2.2504828196668547
Q9UGL1_site16,48,31,1.6796654778010085
Q9UGL1_site17,36,22,1.7851498174657805
Q9UGL1_site18,49,32,1.8655678384793863
Q9UGL1_site2,38,28,1.822140678237843
Q9UGL1_site21,45,29,1.0647087700607372
Q9UGL1_site22,32,19,1.4523980285617568
Q9UGL1_site24,29,23,1.7108789112737552
Q9UGL1_site26,40,25,1.977588068058252
Q9UGL1_site28,30,20,1.7260687837899231
Q9UGL1_site29,29,16,2.1888414905789184
Q9UGL1_site3,42,27,1.2169029378053928
Q9UGL1_site33,40,27,2.079252734852522
Q9UGL1_site34,31,22,2.1217716222913205
Q9UGL1_site36,21,15,1.0127648450938058
Q9UGL1_site38,30,22,1.5469592840860358
Q9UGL1_site39,19,17,0.9691554301463964
Q9UGL1_site4,38,23,2.190965384803164
Q9UGL1_site40,1,1,0.7462914837490885
Q9UGL1_site41,32,25,2.0644317402241024
Q9UGL1_site42,28,18,1.3591023963579665
Q9UGL1_site43,18,13,2.991005182653077
Q9UGL1_site44,41,30,1.8754193050747128
Q9UGL1_site45,27,20,1.985089931256736
Q9UGL1_site46,5,5,1.4050132606108314
Q9UGL1_site6,36,26,1.5369590530441553
Q9UGL1_site8,45,30,1.7195476150788238
Q9UGL1_site9,48,31,9.603499107766313
Q9UGP5_site1,1,1,1.0194325678688825
Q9UGP5_site10,1,1,1.1225741468376649
Q9UGP5_site100,2,2,3.868140314607933
Q9UGP5_site101,1,1,1.0635199598292744
Q9UGP5_site102,1,1,0.8788348139440773
Q9UGP5_site104,2,2,0.9854856479275848
Q9UGP5_site105,1,1,1.30918522182726
Q9UGP5_site106,1,1,0.3932468303758079
Q9UGP5_site109,15,7,1.992650210606329
Q9UGP5_site111,1,1,0.7254760882431444
Q9UGP5_site112,2,2,1.1859426433324651
Q9UGP5_site113,15,6,2.958310716886212
Q9UGP5_site115,1,1,0.3921764787822762
Q9UGP5_site119,1,1,0.755774677294969
Q9UGP5_site12,4,3,1.2276973766526251
Q9UGP5_site122,1,1,1.0796894311864664
Q9UGP5_site123,6,3,1.3639122157690784
Q9UGP5_site125,1,1,1.401689416498458
Q9UGP5_site127,13,6,2.178957823864815
Q9UGP5_site129,1,1,1.5211111813412552
Q9UGP5_site13,15,5,2.451268357810414
Q9UGP5_site130,1,1,1.893943363028999
Q9UGP5_site132,1,1,0.9174339193868466
Q9UGP5_site134,14,5,2.872967436453593
Q9UGP5_site136,4,3,1.0644435095383638
Q9UGP5_site137,13,5,4.423801544449469
Q9UGP5_site139,1,1,0.4341173190088233
Q9UGP5_site140,1,1,1.018909571726636
Q9UGP5_site142,2,2,0.8424482777746963
Q9UGP5_site143,15,6,6.646559025216512
Q9UGP5_site144,12,5,2.584306605373062
Q9UGP5_site145,13,5,2.895606214820901
Q9UGP5_site146,5,3,1.5158414470951962
Q9UGP5_site147,10,6,3.086168654707381
Q9UGP5_site148,14,5,3.6267171105998752
Q9UGP5_site149,12,5,2.326176069445177
Q9UGP5_site15,3,3,1.9712923053514415
Q9UGP5_site150,1,1,1.328024453024453
Q9UGP5_site151,6,3,2.578432763758571
Q9UGP5_site152,12,5,2.071155846742956
Q9UGP5_site153,6,5,0.7227273167144074
Q9UGP5_site154,3,3,1.1430326531980988
Q9UGP5_site156,2,2,0.5959988687084096
Q9UGP5_site158,4,3,1.6245709543568465
Q9UGP5_site159,3,2,1.3502047344445989
Q9UGP5_site16,1,1,0.903470524438889
Q9UGP5_site161,3,2,0.81527359706037
Q9UGP5_site167,3,3,0.7168113675204354
Q9UGP5_site169,1,1,1.3518680188476166
Q9UGP5_site17,1,1,0.9952014455896132
Q9UGP5_site170,3,3,1.1483724529811097
Q9UGP5_site171,1,1,1.9590987405084737
Q9UGP5_site174,1,1,0.5792134325113856
Q9UGP5_site175,3,2,1.315886867475505
Q9UGP5_site176,3,2,1.4603282315640609
Q9UGP5_site177,2,2,0.6433971270966453
Q9UGP5_site178,5,4,0.7772569921258417
Q9UGP5_site180,3,3,1.2417559246846823
Q9UGP5_site181,3,3,0.7067627040243178
Q9UGP5_site183,2,2,0.8585479869492729
Q9UGP5_site185,1,1,1.5676324404167832
Q9UGP5_site186,2,2,2.707358130491142
Q9UGP5_site187,3,3,1.4809386529040582
Q9UGP5_site188,2,2,1.1224656171136158
Q9UGP5_site189,3,2,1.295779035724021
Q9UGP5_site19,18,7,5.56750965174827
Q9UGP5_site190,1,1,1.4572245304398583
Q9UGP5_site191,4,4,1.177662037037037
Q9UGP5_site193,1,1,0.7007934329256953
Q9UGP5_site194,1,1,0.61342756405283
Q9UGP5_site196,3,3,1.3157691262825737
Q9UGP5_site197,4,3,1.0112818553961915
Q9UGP5_site198,2,2,0.6148176881303337
Q9UGP5_site199,6,4,1.726826752660937
Q9UGP5_site2,4,3,19.452604250062905
Q9UGP5_site20,1,1,0.9628865778798166
Q9UGP5_site200,3,3,1.2620366668570449
Q9UGP5_site202,4,3,0.9168183193316424
Q9UGP5_site204,8,4,2.954411736430233
Q9UGP5_site206,2,2,0.3310472430538567
Q9UGP5_site207,4,3,1.7747355370896316
Q9UGP5_site21,10,5,2.529941836101845
Q9UGP5_site22,1,1,0.876552633159827
Q9UGP5_site223,5,3,1.7920669926517776
Q9UGP5_site23,1,1,0.7894105711763107
Q9UGP5_site24,1,1,1.1465931256649724
Q9UGP5_site25,1,1,0.3829487906676995
Q9UGP5_site26,18,7,8.9290471853954
Q9UGP5_site27,8,6,3.286673891493576
Q9UGP5_site28,1,1,2.758627117518781
Q9UGP5_site29,1,1,1.0080104871368711
Q9UGP5_site295,8,5,0.9794171259347956
Q9UGP5_site30,1,1,1.9062589330231008
Q9UGP5_site31,19,7,1.7202691300867532
Q9UGP5_site32,6,5,1.38065232164902
Q9UGP5_site33,1,1,1.1138692236460854
Q9UGP5_site332,1,1,1.5677868742172865
Q9UGP5_site333,3,3,2.613187627526419
Q9UGP5_site334,3,3,1.2385941129955158
Q9UGP5_site336,8,4,1.9705843178351263
Q9UGP5_site34,1,1,1.3551433433925189
Q9UGP5_site35,4,3,0.6488560847293368
Q9UGP5_site36,1,1,2.042192129419249
Q9UGP5_site37,11,5,2.0520516104038653
Q9UGP5_site387,3,2,1.6256380117330622
Q9UGP5_site388,2,2,1.1590446648358683
Q9UGP5_site389,5,3,1.0386726722499824
Q9UGP5_site39,1,1,0.9149591406902016
Q9UGP5_site391,2,2,0.2501532239201045
Q9UGP5_site4,1,1,1.683133095628258
Q9UGP5_site40,1,1,0.8885134781744578
Q9UGP5_site41,5,3,3.9823686147293262
Q9UGP5_site42,1,1,0.9856750956837238
Q9UGP5_site44,4,3,1.748668206437103
Q9UGP5_site45,1,1,1.1599436828454983
Q9UGP5_site46,4,3,2.460040637969043
Q9UGP5_site47,1,1,1.5278228444086377
Q9UGP5_site49,3,2,1.280756650804709
Q9UGP5_site5,1,1,0.6295565852371038
Q9UGP5_site50,4,3,1.179718714398036
Q9UGP5_site52,1,1,2.3752425416574625
Q9UGP5_site54,11,5,2.2350905193612145
Q9UGP5_site55,1,1,1.552105583924546
Q9UGP5_site56,1,1,0.8687291887090897
Q9UGP5_site57,1,1,1.3495594743837438
Q9UGP5_site58,1,1,1.0609142501582396
Q9UGP5_site59,1,1,0.3427032053682726
Q9UGP5_site6,14,6,1.1212951876824837
Q9UGP5_site60,1,1,1.7980264727956916
Q9UGP5_site61,19,7,2.284528950151631
Q9UGP5_site62,1,1,1.2117584155319432
Q9UGP5_site63,20,7,2.542098046896861
Q9UGP5_site65,1,1,1.4270228765473931
Q9UGP5_site66,3,3,1.535379697474461
Q9UGP5_site67,1,1,1.8696042588672952
Q9UGP5_site68,1,1,0.9772568145878802
Q9UGP5_site69,1,1,1.0154838601856726
Q9UGP5_site7,1,1,1.0122896804340755
Q9UGP5_site71,1,1,1.1478809924871085
Q9UGP5_site72,1,1,0.8437998602768226
Q9UGP5_site73,1,1,2.613224444539213
Q9UGP5_site75,5,5,1.99756197332897
Q9UGP5_site76,14,6,1.5780902867840267
Q9UGP5_site79,1,1,1.106932210116947
Q9UGP5_site8,1,1,1.12774108723694
Q9UGP5_site80,11,6,2.21578537860633
Q9UGP5_site81,1,1,0.8104724409448819
Q9UGP5_site82,2,2,1.190955025263895
Q9UGP5_site83,1,1,1.514801532818295
Q9UGP5_site84,20,7,1.7478914915482475
Q9UGP5_site85,2,2,1.6377130307553265
Q9UGP5_site86,2,2,1.5369158016579296
Q9UGP5_site87,1,1,0.6579606831252324
Q9UGP5_site90,1,1,2.0543895785781885
Q9UGP5_site92,1,1,1.5799345085849956
Q9UGP5_site96,1,1,1.0140559143111247
Q9UGP5_site97,13,5,5.190418370112919
Q9UGP5_site98,1,1,1.6448232426751734
Q9UGP5_site99,7,5,4.380828737095178
Q9UIF8_site34,60,41,2.0831778546533477
Q9UIF8_site35,44,33,2.8829076602508823
Q9UIF8_site36,60,41,6.190475084394066
Q9UIF8_site37,57,39,1.9827751252371135
Q9UIF8_site38,57,38,3.3407213775618665
Q9UIF8_site39,29,23,2.06421283036063
Q9UIF8_site40,24,15,2.8271791476382075
Q9UIF8_site41,13,13,1.3238334284084428
Q9UIF8_site42,9,9,2.0061030971883023
Q9UIF8_site43,16,15,1.029330996202162
Q9UIF8_site76,1,1,1.1186837867377566
Q9UIF8_site84,2,2,0.8457498356967017
Q9UIF8_site86,3,3,1.830223441523948
Q9UIF8_site89,1,1,1.0517815219279325
Q9UIF9_site1,6,6,1.567440762146615
Q9UIF9_site2,25,22,2.712913775225333
Q9UIF9_site3,29,26,1.243560489330097
Q9UIF9_site32,8,8,1.3868483783953327
Q9UIF9_site35,1,1,6.055511796018447
Q9UIF9_site37,14,13,1.394589480767373
Q9UIF9_site4,6,6,1.9703731401266464
Q9UIF9_site42,6,6,1.48653496529021
Q9UIF9_site43,14,12,1.966766457179964
Q9UIF9_site47,1,1,1.0185185185185186
Q9UIF9_site48,1,1,1.2329896474685071
Q9UIF9_site49,1,1,2.072712044729158
Q9UIF9_site5,30,26,5.61087895785187
Q9UIF9_site50,1,1,4.429430395407532
Q9UIF9_site51,1,1,1.6409441198285062
Q9UIF9_site52,1,1,0.9335126523609466
Q9UIF9_site54,1,1,0.9895983168752664
Q9UIF9_site55,1,1,1.0892029247092632
Q9UIF9_site56,1,1,1.835770818995182
Q9UIF9_site57,1,1,1.4811589719579286
Q9UIF9_site59,1,1,1.103399544633744
Q9UIF9_site6,5,5,1.4647822127104455
Q9UIF9_site60,1,1,1.589692277333457
Q9UIF9_site61,1,1,0.9692494781465584
Q9UIF9_site62,1,1,1.3209811674351195
Q9UIF9_site63,1,1,1.0401509007438614
Q9UIF9_site64,1,1,1.5104866970874404
Q9UIF9_site66,1,1,1.0529824252882407
Q9UIF9_site75,1,1,1.497346141020416
Q9UIF9_site76,1,1,0.7964214305521097
Q9UIF9_site77,1,1,1.3256885433809544
Q9UJ71_site1,4,3,3.638439951039603
Q9UJ71_site10,2,2,2.3024717459829325
Q9UJ71_site102,5,3,1.3382572493233156
Q9UJ71_site103,4,3,0.8017914686766071
Q9UJ71_site104,5,4,1.029370742944739
Q9UJ71_site105,1,1,1.188359201369248
Q9UJ71_site107,3,3,1.7396474576271188
Q9UJ71_site11,9,4,3.321606339462336
Q9UJ71_site110,1,1,0.9381687915598432
Q9UJ71_site111,1,1,0.9023431900034816
Q9UJ71_site112,4,3,2.452475279942374
Q9UJ71_site113,1,1,0.8269207950814988
Q9UJ71_site114,1,1,0.8699643577692358
Q9UJ71_site115,4,3,1.704998730864136
Q9UJ71_site116,1,1,1.0886229660212396
Q9UJ71_site12,7,3,1.9952998228107803
Q9UJ71_site122,5,3,1.253046776232617
Q9UJ71_site123,1,1,1.0080171031533938
Q9UJ71_site124,1,1,0.837784371909001
Q9UJ71_site125,4,4,1.6100400431926574
Q9UJ71_site13,6,3,1.906774274674776
Q9UJ71_site134,2,2,1.624148571644927
Q9UJ71_site137,4,4,1.157946030056099
Q9UJ71_site14,2,1,1.8497264276749297
Q9UJ71_site15,8,3,5.327042664283363
Q9UJ71_site16,2,2,1.0732121309044385
Q9UJ71_site18,8,4,3.048033896830205
Q9UJ71_site19,3,3,4.150340228369812
Q9UJ71_site2,8,4,2.558900916140129
Q9UJ71_site20,1,1,2.2091848062593806
Q9UJ71_site21,2,1,1.7182554089191977
Q9UJ71_site22,4,3,2.5533622933251685
Q9UJ71_site23,6,3,1.1871785002771706
Q9UJ71_site24,2,1,1.2488263634611678
Q9UJ71_site25,1,1,1.7170853004759918
Q9UJ71_site26,3,1,1.236724621582289
Q9UJ71_site27,9,4,1.5774989650511488
Q9UJ71_site28,7,4,3.3529186216222904
Q9UJ71_site29,9,4,1.6335881538554144
Q9UJ71_site3,9,4,2.058735574168036
Q9UJ71_site4,9,4,4.646501096566757
Q9UJ71_site43,3,3,0.9371378615504036
Q9UJ71_site5,7,3,3.2838431332024385
Q9UJ71_site54,2,2,4.071644901813919
Q9UJ71_site6,8,4,1.8836407364933745
Q9UJ71_site7,6,3,3.533555480960529
Q9UJ71_site73,1,1,1.1991669262534046
Q9UJ71_site76,1,1,1.1919333200125597
Q9UJ71_site8,1,1,0.5677930421494176
Q9UJ71_site9,4,3,1.3287996803437343
Q9UJ71_site98,6,3,2.0741025619704136
Q9UJ71_site99,4,3,1.2442033552816854
Q9UKK9_site100,30,26,2.668621081009011
Q9UKK9_site102,50,40,1.2399328228201882
Q9UKK9_site103,48,40,1.4659316030656555
Q9UKK9_site104,51,41,2.107277361870206
Q9UKK9_site105,33,27,1.999325459368656
Q9UKK9_site106,43,36,3.2373123246193454
Q9UKK9_site107,52,42,1.6445336299778694
Q9UKK9_site108,46,39,1.3077130993418993
Q9UKK9_site109,24,21,1.3679617088955796
Q9UKK9_site110,37,32,1.7811471153280414
Q9UKK9_site112,26,25,1.6088015531309774
Q9UKK9_site114,38,31,2.15605660151619
Q9UKK9_site116,2,2,1.181052073241358
Q9UKK9_site117,17,16,2.341260566058141
Q9UKK9_site12,57,46,1.4168174673411968
Q9UKK9_site121,13,11,1.2149499687883312
Q9UKK9_site124,13,13,2.1396140017542824
Q9UKK9_site129,8,6,1.3545487938530465
Q9UKK9_site138,2,2,1.4538892445582587
Q9UKK9_site140,12,12,2.400342639431662
Q9UKK9_site142,2,2,1.5060760310719568
Q9UKK9_site15,14,14,3.654925027841528
Q9UKK9_site154,1,1,0.8391916538994674
Q9UKK9_site16,7,6,1.1196692776327242
Q9UKK9_site17,54,44,2.994948073641018
Q9UKK9_site20,1,1,1.265576732528997
Q9UKK9_site21,40,37,1.51973258633808
Q9UKK9_site24,60,49,2.220353173656468
Q9UKK9_site27,29,28,2.2249124459035
Q9UKK9_site3,25,22,4.958863702613789
Q9UKK9_site34,4,3,1.554428002872703
Q9UKK9_site35,8,8,1.6996336316839031
Q9UKK9_site36,9,8,1.4133134246491854
Q9UKK9_site38,13,12,1.9566026150400924
Q9UKK9_site39,9,9,0.8976547376602069
Q9UKK9_site40,27,25,2.0476385245266235
Q9UKK9_site41,2,2,0.9134034918560716
Q9UKK9_site43,31,28,3.0562690991844668
Q9UKK9_site45,1,1,0.43732895070959
Q9UKK9_site46,3,3,1.5017634958532842
Q9UKK9_site48,18,17,0.8953508072971272
Q9UKK9_site49,3,3,1.34384530941413
Q9UKK9_site53,19,18,4.1897344192634565
Q9UKK9_site54,59,48,1.2151233198642704
Q9UKK9_site55,53,44,2.551241554440701
Q9UKK9_site56,51,44,3.291060908337978
Q9UKK9_site60,40,35,1.5779889274347876
Q9UKK9_site64,20,20,1.065742251223491
Q9UKK9_site66,41,36,3.023994663427553
Q9UKK9_site67,28,23,2.25658792921357
Q9UKK9_site70,17,16,2.430504332976037
Q9UKK9_site71,48,41,1.313310791085514
Q9UKK9_site72,19,18,1.9816982317013103
Q9UKK9_site74,51,42,2.29242218886345
Q9UKK9_site78,16,14,1.19706887562996
Q9UKK9_site80,16,14,1.3165292126531196
Q9UKK9_site82,33,29,1.3378417596900858
Q9UKK9_site86,44,34,1.1562423010157703
Q9UKK9_site87,50,40,2.308210994263023
Q9UKK9_site88,49,39,2.292471018713748
Q9UKK9_site89,52,42,1.4249535184598114
Q9UKK9_site9,3,3,1.926938292519661
Q9UKK9_site90,50,40,2.183882723789212
Q9UKK9_site91,40,34,1.5871954816617042
Q9UKK9_site94,41,34,2.409037116293396
Q9UKK9_site95,12,12,1.210148500659366
Q9UKK9_site97,41,34,2.0481586776859504
Q9UKK9_site98,39,33,2.364155637306722
Q9UKK9_site99,27,25,1.3855592143876536
Q9UKV8_site1,8,7,2.041154127502502
Q9UKV8_site10,6,5,1.6629288887152955
Q9UKV8_site101,1,1,1.1892501519691183
Q9UKV8_site103,2,2,0.8584256921139557
Q9UKV8_site107,1,1,0.9381952089897878
Q9UKV8_site108,2,2,0.8568257542788328
Q9UKV8_site109,2,2,1.782695478206102
Q9UKV8_site11,8,7,1.0903471621799852
Q9UKV8_site114,2,2,2.6043058244336468
Q9UKV8_site116,1,1,1.1908677738826672
Q9UKV8_site119,2,2,1.2624955001042082
Q9UKV8_site12,17,13,2.828512340223937
Q9UKV8_site123,1,1,0.9033191658259878
Q9UKV8_site124,1,1,0.874332249283505
Q9UKV8_site125,1,1,1.072250436904022
Q9UKV8_site126,1,1,1.2375043667832617
Q9UKV8_site129,1,1,0.8248367739379434
Q9UKV8_site13,8,6,0.941729411764706
Q9UKV8_site130,1,1,0.7105001665608459
Q9UKV8_site131,1,1,0.6193427460861283
Q9UKV8_site136,1,1,0.7813501800302715
Q9UKV8_site137,1,1,1.215960515797157
Q9UKV8_site139,1,1,0.7947931758005695
Q9UKV8_site14,1,1,1.4060970664314878
Q9UKV8_site141,1,1,1.5033938437253358
Q9UKV8_site142,1,1,2.112494865813681
Q9UKV8_site143,1,1,2.25752209337839
Q9UKV8_site15,1,1,0.6555389437676025
Q9UKV8_site16,8,7,1.5194680022357283
Q9UKV8_site17,1,1,1.066534832123747
Q9UKV8_site18,8,7,1.0295481682101462
Q9UKV8_site19,6,5,3.983495902739604
Q9UKV8_site2,6,6,2.9393000801748768
Q9UKV8_site20,14,10,1.92058057130014
Q9UKV8_site21,6,6,2.321032095059242
Q9UKV8_site22,15,12,2.687803627507531
Q9UKV8_site23,8,7,1.8888753562468028
Q9UKV8_site24,3,3,1.5000034068996533
Q9UKV8_site25,3,3,1.0903012844513384
Q9UKV8_site26,10,8,2.1646365965968606
Q9UKV8_site27,1,1,0.9233887541202924
Q9UKV8_site28,3,3,1.313206937163707
Q9UKV8_site29,1,1,1.255149296743076
Q9UKV8_site3,4,4,0.5623611007066697
Q9UKV8_site30,4,4,1.2688153919954364
Q9UKV8_site31,3,3,4.097750616489761
Q9UKV8_site32,3,3,1.2326657806699968
Q9UKV8_site33,4,4,1.473668920451606
Q9UKV8_site34,7,7,2.786498684204822
Q9UKV8_site36,6,5,1.4856610470751543
Q9UKV8_site37,2,2,1.3410041151056993
Q9UKV8_site39,5,4,1.613082517788193
Q9UKV8_site4,2,2,0.6979397937996062
Q9UKV8_site40,7,6,1.0961827096257757
Q9UKV8_site41,2,2,1.0636923416116788
Q9UKV8_site44,5,5,1.4212406831461244
Q9UKV8_site45,3,3,3.060086438642584
Q9UKV8_site5,8,7,1.2944891204120397
Q9UKV8_site54,2,2,1.1393009420396552
Q9UKV8_site55,3,3,2.1960527485756107
Q9UKV8_site6,8,8,1.1486715927663558
Q9UKV8_site62,2,2,1.1150119760975326
Q9UKV8_site64,2,2,6.946608270781382
Q9UKV8_site65,1,1,1.0720608458098455
Q9UKV8_site66,3,3,1.284683938948804
Q9UKV8_site69,2,2,2.080087697306651
Q9UKV8_site7,18,14,1.6164291587769792
Q9UKV8_site70,2,2,1.053055278387547
Q9UKV8_site71,2,2,1.2256149059758346
Q9UKV8_site72,1,1,0.723817479663663
Q9UKV8_site73,1,1,2.2900958425324567
Q9UKV8_site76,1,1,0.1429251340092276
Q9UKV8_site77,2,2,1.842136588785356
Q9UKV8_site79,2,2,3.2792434151632914
Q9UKV8_site8,8,7,6.912673795631521
Q9UKV8_site82,1,1,0.5618051862133379
Q9UKV8_site84,2,2,1.3693397509431284
Q9UKV8_site85,1,1,1.153644050173212
Q9UKV8_site86,2,2,1.267669914528418
Q9UKV8_site87,2,2,0.7634592403225074
Q9UKV8_site89,2,2,1.2555875914357413
Q9UKV8_site9,7,7,1.533496941780563
Q9UKV8_site90,2,2,1.0201008413597488
Q9UKV8_site91,2,2,1.5462605746248672
Q9UKV8_site96,2,2,1.0838927024494036
Q9UKV8_site99,2,2,1.1676740040374205
Q9UM73_site163,4,4,2.019175662684961
Q9UM73_site164,1,1,1.167459161651431
Q9UM73_site165,3,3,1.1282941088459983
Q9UM73_site166,4,4,2.1081056863356658
Q9UM73_site167,3,3,1.3671593085672398
Q9UM73_site168,4,4,2.651230496595648
Q9UM73_site169,3,3,1.3073959467850127
Q9UM73_site172,3,3,1.2210150019860062
Q9UM73_site173,1,1,0.9506016952874524
Q9UM73_site175,3,3,1.7414646691956537
Q9UM73_site177,2,2,0.841231709980345
Q9UM73_site178,1,1,1.5882415741409894
Q9UM73_site179,2,2,0.9228314347768272
Q9UM73_site180,2,2,1.291624992814853
Q9UM73_site181,4,4,2.037270243485783
Q9UM73_site25,13,13,4.03478842156351
Q9UM73_site27,5,5,1.933081804150232
Q9UM73_site28,10,10,2.041564149385182
Q9UM73_site29,13,13,2.6146733338798263
Q9UM73_site30,3,3,2.2171054528677296
Q9UM73_site31,6,6,2.2400784397251674
Q9UM73_site32,12,12,1.4283584100869484
Q9UM73_site33,3,3,1.509238294556566
Q9UM73_site34,6,6,1.2152882298424468
Q9UM73_site35,4,4,1.4895443301477445
Q9UM73_site36,9,9,1.3523367496339678
Q9UM73_site37,12,12,3.196030620744028
Q9UM73_site38,13,13,1.807047002864858
Q9UM73_site39,13,13,1.8687222887199284
Q9UM73_site40,13,13,2.9435327203093493
Q9UM73_site41,5,5,1.7116989740857615
Q9UM73_site42,4,4,2.9147511363117062
Q9UM73_site43,2,2,1.6687962670777572
Q9UM73_site44,8,8,3.17557784758109
Q9UM73_site45,4,4,1.467244459370599
Q9UM73_site46,6,6,3.872626661587505
Q9UM73_site47,2,2,1.0496385879408567
Q9UM73_site48,3,3,1.1370709638226786
Q9UM73_site49,8,8,1.7411564657893002
Q9UM73_site50,4,4,1.846253422952452
Q9UM73_site54,1,1,0.3549188495611461
Q9UM73_site55,1,1,0.9198803682700784
Q9UM73_site56,6,6,1.1188995622122122
Q9UM73_site57,8,8,1.4657936355794117
Q9UM73_site59,5,5,1.5269240110960076
Q9UM73_site60,7,7,1.172207916030868
Q9UM73_site61,7,7,2.2321680616246797
Q9UM73_site62,7,7,2.3703774344628816
Q9UM73_site69,5,5,1.3167558304066205
Q9UM73_site70,6,6,1.09222278739896
Q9UM73_site71,6,6,3.1334201794820404
Q9UM73_site72,5,5,1.05935744954727
Q9UM73_site73,6,6,1.6961551696562287
Q9UM73_site74,2,2,3.1042469527612604
Q9UM73_site76,3,3,1.0483967061035877
Q9UM73_site77,5,5,0.9193612702907348
Q9UM73_site78,3,3,0.9096321191569124
Q9UM73_site79,6,6,2.2025064711920384
Q9UM73_site80,1,1,0.889331775115823
Q9UM73_site90,2,2,1.2634474306466743
Q9UNA4_site1,3,2,4.130155894508254
Q9UNA4_site10,7,5,2.4324986757027185
Q9UNA4_site108,1,1,1.4787251268002573
Q9UNA4_site109,2,2,3.2188692053427133
Q9UNA4_site11,5,5,2.0233961402938525
Q9UNA4_site111,1,1,3.5629773224819936
Q9UNA4_site112,1,1,1.4383124827944822
Q9UNA4_site13,4,4,1.366343506274877
Q9UNA4_site14,5,3,2.4967352115328167
Q9UNA4_site149,1,1,0.979793012838736
Q9UNA4_site15,3,3,1.182883775232335
Q9UNA4_site150,1,1,1.8878115685196128
Q9UNA4_site151,1,1,0.8606669963188835
Q9UNA4_site152,1,1,2.6106089381445776
Q9UNA4_site16,2,1,2.430367385719816
Q9UNA4_site17,4,4,1.6330855222801055
Q9UNA4_site18,6,5,3.0328064793841576
Q9UNA4_site19,2,2,1.3141899101997931
Q9UNA4_site2,1,1,1.0619895620397757
Q9UNA4_site20,3,2,1.183053457215803
Q9UNA4_site21,1,1,0.9226103523621804
Q9UNA4_site22,7,5,1.545477148490165
Q9UNA4_site23,7,5,1.166352602292987
Q9UNA4_site24,7,5,2.7894593369747813
Q9UNA4_site25,1,1,0.8230823188869058
Q9UNA4_site26,7,5,2.3823478109192395
Q9UNA4_site27,6,4,2.946904669747957
Q9UNA4_site28,3,3,3.5820362436393385
Q9UNA4_site29,1,1,1.3470809824656238
Q9UNA4_site3,2,2,1.619598609073445
Q9UNA4_site30,5,4,3.27610205999558
Q9UNA4_site31,5,4,2.577644900305053
Q9UNA4_site36,5,4,1.7288673914904549
Q9UNA4_site38,6,4,3.3154755416417774
Q9UNA4_site4,3,3,2.9393179106305944
Q9UNA4_site40,4,3,1.266053911780032
Q9UNA4_site41,6,4,2.842134488745679
Q9UNA4_site42,1,1,1.4598879853771705
Q9UNA4_site43,3,3,2.9866473853706337
Q9UNA4_site44,1,1,0.59163489235585
Q9UNA4_site47,1,1,1.1698545407155674
Q9UNA4_site48,6,4,1.5209893746734018
Q9UNA4_site5,2,2,1.2109947447916016
Q9UNA4_site51,1,1,1.4558032992072918
Q9UNA4_site7,6,5,5.388675041635876
Q9UNA4_site74,1,1,1.1395446437939356
Q9UNA4_site8,6,4,1.9272619040080048
Q9UNA4_site80,1,1,1.2786592371323529
Q9UNA4_site81,2,2,2.1832488724327583
Q9UNA4_site83,1,1,0.7505979239941666
Q9UNA4_site85,6,5,1.912441213683783
Q9UNA4_site9,2,2,1.5121149850533104
Q9Y233_site1,116,94,2.28210031249138
Q9Y233_site10,15,10,1.473731469365934
Q9Y233_site109,3,3,1.5003413621716095
Q9Y233_site11,26,21,1.7001224769313164
Q9Y233_site110,1,1,0.6114814440407452
Q9Y233_site12,32,28,1.7592848493875377
Q9Y233_site13,56,51,1.6001191021530003
Q9Y233_site14,259,202,1.9284186535164416
Q9Y233_site15,218,171,3.641085504264812
Q9Y233_site16,41,35,3.392935434690435
Q9Y233_site17,13,13,1.5001382621332375
Q9Y233_site18,27,24,8.703717317708813
Q9Y233_site19,14,13,1.7056224205363122
Q9Y233_site2,26,23,1.6371126423228564
Q9Y233_site20,280,212,2.4240140854001364
Q9Y233_site203,28,28,0.9463924537439288
Q9Y233_site21,2,2,1.6046262691768272
Q9Y233_site216,120,97,1.5389403043528884
Q9Y233_site22,281,213,2.805375266537523
Q9Y233_site23,18,15,0.7540036902833352
Q9Y233_site236,142,118,2.300088507942424
Q9Y233_site24,25,21,5.4508457106506
Q9Y233_site25,27,22,6.74172422876544
Q9Y233_site26,226,174,2.1881923760255
Q9Y233_site27,27,22,1.376859897380616
Q9Y233_site29,22,17,1.491686395982725
Q9Y233_site3,4,4,1.83064783058797
Q9Y233_site30,22,20,2.022417419938619
Q9Y233_site31,52,45,2.219051672125496
Q9Y233_site319,148,117,1.267726668038524
Q9Y233_site32,11,11,2.558834709271248
Q9Y233_site321,14,14,1.876559490493735
Q9Y233_site34,14,11,1.495969348984765
Q9Y233_site35,193,157,3.8160190558343783
Q9Y233_site36,130,111,4.5329160895540905
Q9Y233_site37,3,2,1.1010541025156582
Q9Y233_site38,98,81,2.2415018742590336
Q9Y233_site4,183,147,6.199148263599245
Q9Y233_site40,12,12,3.148561760932074
Q9Y233_site41,17,13,2.280578589223962
Q9Y233_site43,39,33,5.182142666442129
Q9Y233_site44,14,12,1.0892167399446344
Q9Y233_site46,9,9,3.713412725934823
Q9Y233_site47,19,16,2.04349782397447
Q9Y233_site48,270,205,2.6439254872539784
Q9Y233_site49,25,20,2.869439580190833
Q9Y233_site5,22,20,2.560840367448115
Q9Y233_site50,141,110,3.482179824951843
Q9Y233_site51,55,48,2.089023280587674
Q9Y233_site52,49,42,7.101571778825784
Q9Y233_site53,25,23,4.51378128256966
Q9Y233_site54,5,5,1.537791191974154
Q9Y233_site549,220,173,1.593140010219724
Q9Y233_site55,51,46,1.3694783778259476
Q9Y233_site551,213,169,3.3651154874787257
Q9Y233_site552,218,172,2.231430852245104
Q9Y233_site553,195,157,2.9591380543633763
Q9Y233_site554,215,170,1.236270587470526
Q9Y233_site556,165,139,3.225733116630605
Q9Y233_site557,183,147,2.067888449755734
Q9Y233_site558,223,176,2.265153975036692
Q9Y233_site559,220,173,1.4818142769611713
Q9Y233_site56,22,18,1.7840314656142815
Q9Y233_site560,63,53,1.831134831275836
Q9Y233_site561,199,158,1.5190581531670877
Q9Y233_site562,216,170,1.9896854782927127
Q9Y233_site563,223,176,1.7660256212378456
Q9Y233_site566,164,131,1.6354041969894484
Q9Y233_site567,75,63,2.411415577755605
Q9Y233_site569,195,162,2.6432031069603363
Q9Y233_site57,3,3,2.7079476022958717
Q9Y233_site570,80,63,2.001108620585206
Q9Y233_site571,15,15,0.1730266635343865
Q9Y233_site573,146,117,1.4777560325513797
Q9Y233_site574,81,71,2.5382452955024544
Q9Y233_site579,194,154,1.4349497186367153
Q9Y233_site58,4,3,0.652290755707569
Q9Y233_site584,190,152,1.4763653572185609
Q9Y233_site585,78,66,1.3274895773684443
Q9Y233_site586,81,69,1.6274235781035238
Q9Y233_site587,94,80,1.142273075606137
Q9Y233_site588,213,171,1.777947560790052
Q9Y233_site589,164,128,3.1927483066444644
Q9Y233_site59,77,66,2.7722589079950364
Q9Y233_site592,112,93,2.185287070371212
Q9Y233_site596,54,45,3.655693003208226
Q9Y233_site597,103,85,3.1085916940423086
Q9Y233_site598,191,154,2.857755723271815
Q9Y233_site599,13,12,1.923482188778819
Q9Y233_site6,99,83,3.0403324274292016
Q9Y233_site60,18,13,1.3540341467099797
Q9Y233_site600,223,176,1.4103798293907257
Q9Y233_site605,137,115,3.863404081720292
Q9Y233_site606,200,159,2.5272512574735377
Q9Y233_site607,187,147,1.6655808903365903
Q9Y233_site608,72,64,1.7350488994760862
Q9Y233_site609,215,168,4.791154955697507
Q9Y233_site61,91,81,6.741575069452832
Q9Y233_site610,173,140,3.5615834386063026
Q9Y233_site612,202,159,1.848161928668816
Q9Y233_site614,115,102,1.562896859954008
Q9Y233_site615,188,149,2.463523059717934
Q9Y233_site616,139,109,3.746544959348497
Q9Y233_site618,136,118,2.969788785338383
Q9Y233_site620,101,87,3.249252247040184
Q9Y233_site623,176,140,1.8048464283739076
Q9Y233_site624,101,88,3.9472395753337497
Q9Y233_site627,118,103,1.5532881583200642
Q9Y233_site628,98,89,1.1041545933151042
Q9Y233_site635,150,129,2.511485915556942
Q9Y233_site638,116,102,3.067826715236174
Q9Y233_site641,114,96,0.6830254803915792
Q9Y233_site642,13,12,1.475656986838005
Q9Y233_site644,63,54,2.51517206677022
Q9Y233_site649,31,30,1.0627431955100834
Q9Y233_site651,77,63,2.103641298521022
Q9Y233_site653,22,22,3.189677733259121
Q9Y233_site654,173,141,1.7649710082443928
Q9Y233_site665,59,55,2.4269642313120574
Q9Y233_site672,44,42,2.6521855175927898
Q9Y233_site674,5,4,1.2840949176814982
Q9Y233_site676,132,112,3.4752291841315346
Q9Y233_site681,31,31,1.3675383159886472
Q9Y233_site687,20,20,2.234530433316473
Q9Y233_site688,5,5,0.8799403232570583
Q9Y233_site693,7,7,0.8248733222570054
Q9Y233_site694,55,54,3.150457409755247
Q9Y233_site696,20,19,2.9206378144896643
Q9Y233_site698,52,48,1.8020181399753208
Q9Y233_site7,19,15,3.485725332508506
Q9Y233_site702,13,13,1.2828472302384342
Q9Y233_site711,5,5,1.5027383307870197
Q9Y233_site72,9,9,2.0560372470348
Q9Y233_site725,118,102,1.0193819510682112
Q9Y233_site732,10,10,1.4236333665625551
Q9Y233_site741,7,7,1.112883435582822
Q9Y233_site742,2,2,1.422155650671185
Q9Y233_site743,68,61,1.3531044784998298
Q9Y233_site748,14,14,2.1496748609547494
Q9Y233_site768,39,39,2.263160635612786
Q9Y233_site770,73,64,1.644056089567595
Q9Y233_site8,11,11,8.61578634308827
Q9Y233_site800,1,1,0.7608264349729766
Q9Y233_site9,26,21,2.0194529831079264
Q9Y233_site95,36,33,1.1431612509068694
Q9Y233_site96,4,4,1.2498015981610202
Q9Y251_site1,37,26,1.770896936993475
Q9Y251_site11,24,17,2.208147975115337
Q9Y251_site12,20,15,2.2211246799808646
Q9Y251_site13,2,2,0.9600806432303264
Q9Y251_site15,36,25,1.159439480309676
Q9Y251_site16,25,19,1.77428269980364
Q9Y251_site18,24,19,3.340967455114788
Q9Y251_site2,19,17,8.221860591266612
Q9Y251_site20,33,22,1.3080817800136066
Q9Y251_site21,3,2,0.9517201280850937
Q9Y251_site23,28,20,3.263360609674192
Q9Y251_site24,22,17,3.1290118443147787
Q9Y251_site25,30,21,3.581184966609722
Q9Y251_site26,35,24,1.6882314969628986
Q9Y251_site27,21,15,3.109942822528824
Q9Y251_site3,4,4,2.095594141732557
Q9Y251_site30,14,13,1.9634485520404188
Q9Y251_site32,32,25,1.9359687413265472
Q9Y251_site33,4,4,0.7334286158148207
Q9Y251_site35,6,6,0.7490631085130613
Q9Y251_site37,29,20,1.3434152454035353
Q9Y251_site4,31,23,1.4648853860776814
Q9Y251_site42,27,22,1.7531142565260027
Q9Y251_site43,24,18,1.85448207872685
Q9Y251_site47,12,11,2.26172516260416
Q9Y251_site5,27,21,1.2497267743289964
Q9Y251_site50,6,4,1.3944114234084206
Q9Y251_site52,14,12,3.3914496679482697
Q9Y251_site54,7,5,1.3808549158995451
Q9Y251_site55,4,2,1.0555784290145978
Q9Y251_site56,17,12,1.641605388641602
Q9Y251_site57,17,13,1.3040085825096075
Q9Y251_site58,22,18,7.034741129335724
Q9Y251_site59,8,5,1.3587227005054174
Q9Y251_site60,10,9,1.1426846868107432
Q9Y251_site63,10,7,1.3125570446384207
Q9Y251_site64,4,4,1.439436153354935
Q9Y251_site69,30,20,1.4755321237275305
Q9Y251_site7,39,26,1.1377008791085723
Q9Y251_site70,5,5,1.5572364537834968
Q9Y251_site71,1,1,0.8446124517388188
Q9Y251_site72,30,21,3.452587094712171
Q9Y251_site73,1,1,1.6093499031915257
Q9Y251_site74,25,17,1.9059303294780563
Q9Y251_site75,5,5,1.0575229496914769
Q9Y251_site8,15,13,3.3169113296328647
Q9Y251_site9,38,26,1.2592563953863007
Q9Y253_site116,1,1,1.5235292678600918
Q9Y253_site117,2,2,1.1737995257946978
Q9Y253_site119,2,2,1.414326288821136
Q9Y253_site123,1,1,1.2549952816641363
Q9Y253_site124,1,1,1.6410171240961673
Q9Y253_site125,1,1,0.8103820186947306
Q9Y253_site127,2,2,1.8205758376105103
Q9Y253_site128,2,2,2.308875852482298
Q9Y253_site129,1,1,0.8891827734746708
Q9Y253_site130,2,2,1.0329997886322586
Q9Y253_site131,2,2,2.0602971629081983
Q9Y253_site132,1,1,1.101445333747766
Q9Y253_site133,1,1,1.0776046787163782
Q9Y253_site135,2,2,1.739623394643638
Q9Y253_site138,1,1,1.6952415649604309
Q9Y253_site140,1,1,4.921794732710924
Q9Y253_site143,2,2,0.7162900640394994
Q9Y253_site144,2,2,1.3220585080931244
Q9Y253_site145,1,1,2.556085280954749
Q9Y253_site148,2,2,0.939260054021257
Q9Y253_site150,2,2,1.0170103928384877
Q9Y253_site156,1,1,1.197196782736314
Q9Y253_site159,2,2,0.8145236262582844
Q9Y253_site160,2,2,1.229890322317691
Q9Y253_site161,2,2,1.8925448533601323
Q9Y253_site164,1,1,1.332317315703753
Q9Y253_site36,6,5,1.6494990004381858
Q9Y253_site37,6,3,1.1937630740514271
Q9Y253_site39,12,6,1.98233465537571
Q9Y253_site40,3,3,1.677424707541691
Q9Y253_site41,6,4,1.4964503860781375
Q9Y253_site419,1,1,1.1871270451310756
Q9Y253_site43,12,6,2.086168380320085
Q9Y253_site433,1,1,1.1958779538369595
Q9Y253_site45,12,6,1.7552500267359454
Q9Y253_site46,7,5,1.6244256046133954
Q9Y253_site47,12,6,1.251513711278449
Q9Y253_site50,2,2,0.8326152050644252
Q9Y253_site51,11,6,1.4573857959314174
Q9Y253_site52,9,4,1.0097531840810243
Q9Y253_site54,11,6,1.819179432244242
Q9Y253_site55,12,6,1.0481863303770638
Q9Y253_site56,7,5,1.907101552439834
Q9Y253_site57,10,5,1.3255647959098982
Q9Y253_site59,8,4,4.931163726117561
Q9Y253_site61,9,6,1.4994004977103677
Q9Y253_site63,11,5,1.7636595396928323
Q9Y253_site64,12,6,1.2250408352579965
Q9Y253_site65,11,5,1.413697323266987
Q9Y253_site66,12,6,1.0330902183344668
Q9Y253_site67,12,6,1.482424785712809
Q9Y253_site68,8,4,0.7823697012816486
Q9Y253_site71,11,6,1.8108521185615996
Q9Y253_site73,7,6,1.513545595287069
Q9Y253_site74,10,5,2.8005227376866757
Q9Y253_site76,8,4,1.3513536204825178
Q9Y253_site77,3,3,0.6610811735821777
Q9Y253_site78,6,5,0.9286620401462576
Q9Y253_site80,9,5,1.1362955403612611
Q9Y253_site81,11,6,1.9669250117584507
Q9Y253_site82,5,3,0.8168706024130683
Q9Y253_site83,3,3,1.6947905778773469
Q9Y253_site84,1,1,0.8846304675219393
Q9Y253_site85,9,6,2.9358811280398758
Q9Y2J2_site1,2,2,1.2230109618104668
Q9Y2J2_site10,7,6,1.5517751886109252
Q9Y2J2_site11,6,5,1.395388712211196
Q9Y2J2_site13,40,26,2.000246785703113
Q9Y2J2_site14,52,33,5.171907387587552
Q9Y2J2_site15,51,33,1.2676676883578877
Q9Y2J2_site16,21,13,1.2699145407422656
Q9Y2J2_site17,44,29,0.9727141967755092
Q9Y2J2_site18,10,8,1.5845573854134185
Q9Y2J2_site19,49,30,2.317289232625747
Q9Y2J2_site2,52,33,5.454144474034621
Q9Y2J2_site20,26,17,3.0024785474901488
Q9Y2J2_site21,43,28,2.1181484406164266
Q9Y2J2_site22,51,33,2.775816173793438
Q9Y2J2_site23,43,29,1.0947593545390002
Q9Y2J2_site24,8,6,1.1882661217770405
Q9Y2J2_site25,45,30,3.4634344820824547
Q9Y2J2_site26,50,32,2.1962169942506766
Q9Y2J2_site27,14,12,1.0336419748125838
Q9Y2J2_site28,18,13,1.82476969383722
Q9Y2J2_site3,40,26,1.3792277339346108
Q9Y2J2_site30,27,21,1.5719062185591317
Q9Y2J2_site31,7,7,2.7277668189800828
Q9Y2J2_site32,1,1,0.886849028547151
Q9Y2J2_site33,10,6,1.18395007709297
Q9Y2J2_site34,51,33,1.8811768675435128
Q9Y2J2_site35,40,25,1.4786025924828998
Q9Y2J2_site4,25,16,3.3746944961424283
Q9Y2J2_site5,51,33,1.1226705134562502
Q9Y2J2_site6,28,21,2.004088269090966
Q9Y2J2_site7,52,33,0.8430043252957337
Q9Y2J2_site9,1,1,2.7435030346863183
Q9Y2J8_site1,2,2,3.5149098261513188
Q9Y2J8_site10,5,5,4.203999759106471
Q9Y2J8_site11,4,4,1.8935553609429403
Q9Y2J8_site12,4,4,3.268465278454558
Q9Y2J8_site13,2,2,1.4512307781135123
Q9Y2J8_site14,3,3,1.2517441032698968
Q9Y2J8_site15,3,3,2.902423785250036
Q9Y2J8_site16,3,3,1.2584792728884948
Q9Y2J8_site17,4,4,2.1844930631233783
Q9Y2J8_site18,1,1,1.4840576263797238
Q9Y2J8_site19,3,3,1.5821101336190535
Q9Y2J8_site20,4,4,1.9959687787360705
Q9Y2J8_site21,2,2,1.4214815233999207
Q9Y2J8_site22,1,1,0.864841048373099
Q9Y2J8_site23,3,3,1.479164007507103
Q9Y2J8_site25,2,2,1.1935425477644117
Q9Y2J8_site26,4,4,1.1782372651919215
Q9Y2J8_site27,6,6,3.2412496686241274
Q9Y2J8_site28,5,5,1.9929607743148257
Q9Y2J8_site29,4,4,1.9466204893308008
Q9Y2J8_site3,5,5,2.474197876374482
Q9Y2J8_site30,5,5,2.5419273131979887
Q9Y2J8_site31,5,5,3.256295109152324
Q9Y2J8_site33,5,5,2.465913765379006
Q9Y2J8_site34,3,3,1.4765270961679025
Q9Y2J8_site35,1,1,1.0756968442296373
Q9Y2J8_site36,4,4,3.018404401650619
Q9Y2J8_site37,6,6,2.2364742801596145
Q9Y2J8_site39,4,4,1.944106310399139
Q9Y2J8_site4,6,6,4.427937428596538
Q9Y2J8_site40,4,4,2.2971101106285774
Q9Y2J8_site41,3,3,1.7490741280015896
Q9Y2J8_site42,1,1,1.1170850258653615
Q9Y2J8_site43,5,5,1.6595327040617485
Q9Y2J8_site44,1,1,3.5097088119098827
Q9Y2J8_site45,2,2,4.549472411165061
Q9Y2J8_site46,1,1,2.121088072861157
Q9Y2J8_site47,4,4,1.4158569604549447
Q9Y2J8_site48,4,4,2.27992555073014
Q9Y2J8_site5,1,1,1.0604451801708592
Q9Y2J8_site50,1,1,1.0947978962411726
Q9Y2J8_site52,4,4,1.5699810879964402
Q9Y2J8_site53,3,3,1.227364823629928
Q9Y2J8_site54,3,3,1.6419928563989143
Q9Y2J8_site55,1,1,2.10414576560131
Q9Y2J8_site56,1,1,1.4616146378337698
Q9Y2J8_site57,6,6,1.6980593274666356
Q9Y2J8_site58,3,3,0.926117617144486
Q9Y2J8_site59,5,5,1.5841753303218953
Q9Y2J8_site60,6,6,2.090763691371934
Q9Y2J8_site63,2,2,1.3042490817805037
Q9Y2J8_site64,6,6,2.2077583097629034
Q9Y2J8_site65,1,1,0.8719004950225054
Q9Y2J8_site67,2,2,1.8846221967326493
Q9Y2J8_site68,2,2,2.569739617887573
Q9Y2J8_site7,6,6,3.302829455592631
Q9Y2J8_site70,2,2,2.288422266022471
Q9Y2J8_site71,1,1,1.602127959991437
Q9Y2J8_site72,2,2,1.2541077942981391
Q9Y2J8_site73,2,2,2.510944722225721
Q9Y2J8_site77,1,1,2.2342746703625056
Q9Y2J8_site78,1,1,1.6526576611624162
Q9Y2J8_site79,2,2,1.9100490451841805
Q9Y2J8_site8,2,2,0.9767151334281848
Q9Y2J8_site80,1,1,0.9462445331812132
Q9Y2J8_site81,1,1,0.8519560941831902
Q9Y2J8_site83,1,1,0.6405177402335107
Q9Y2J8_site86,1,1,0.9177136088259356
Q9Y2J8_site88,2,2,0.8802919356650388
Q9Y2J8_site9,5,5,2.779623641387245
Q9Y2J8_site90,1,1,1.196408357121764
Q9Y2J8_site91,2,2,1.676090507302075
Q9Y2J8_site92,3,3,1.3828323815687062
Q9Y2J8_site93,1,1,1.2152623469305004
Q9Y2J8_site95,3,3,2.1386266056967327
Q9Y2J8_site99,2,2,1.3770952439952564
Q9Y3Z3_site102,13,5,3.674398801084776
Q9Y3Z3_site140,13,7,1.6659995558540313
Q9Y3Z3_site141,9,6,2.057088027106599
Q9Y3Z3_site143,9,6,1.5939417073370232
Q9Y3Z3_site147,19,7,3.021175604820164
Q9Y3Z3_site148,2,2,1.631059852146716
Q9Y3Z3_site150,6,4,1.2406591294774454
Q9Y3Z3_site154,8,5,1.188587158655902
Q9Y3Z3_site156,15,8,1.0434671201285843
Q9Y3Z3_site161,18,7,1.4697615056971078
Q9Y3Z3_site172,13,6,0.733460971510273
Q9Y3Z3_site19,8,4,1.1876368343309789
Q9Y3Z3_site2,11,4,4.032034415248105
Q9Y3Z3_site206,11,7,1.8708350681355284
Q9Y3Z3_site208,11,5,4.46363499200338
Q9Y3Z3_site23,21,9,2.485962705785782
Q9Y3Z3_site233,6,4,1.0128622572127457
Q9Y3Z3_site241,18,8,3.870877627230195
Q9Y3Z3_site245,8,5,2.197212673683889
Q9Y3Z3_site248,8,4,1.3745124181710495
Q9Y3Z3_site249,6,4,0.8601745388664602
Q9Y3Z3_site253,6,4,1.9813798836242729
Q9Y3Z3_site26,12,8,1.4889930294741212
Q9Y3Z3_site311,3,3,1.7220217492028016
Q9Y3Z3_site312,8,5,1.7588388682607083
Q9Y3Z3_site315,15,7,1.50835371614189
Q9Y3Z3_site32,9,5,1.3366264250854556
Q9Y3Z3_site335,3,3,1.2373314677100338
Q9Y3Z3_site339,3,3,2.465331622315277
Q9Y3Z3_site34,21,9,6.219238483959918
Q9Y3Z3_site35,12,7,4.814868711985815
Q9Y3Z3_site357,4,4,0.9540827046774706
Q9Y3Z3_site358,3,3,1.0066745946094573
Q9Y3Z3_site36,20,9,2.150817379873833
Q9Y3Z3_site368,5,4,0.8369889526138928
Q9Y3Z3_site370,6,3,7.515157878946972
Q9Y3Z3_site378,5,3,1.119169506492403
Q9Y3Z3_site383,5,4,1.809377656891072
Q9Y3Z3_site388,4,3,1.1429443309707292
Q9Y3Z3_site389,5,4,2.4520839348959957
Q9Y3Z3_site392,2,2,0.154612184785078
Q9Y3Z3_site399,1,1,0.769190801301036
Q9Y3Z3_site411,1,1,0.2849544122755845
Q9Y3Z3_site421,2,2,2.726517237874439
Q9Y3Z3_site425,2,2,2.1886372727893613
Q9Y3Z3_site434,3,3,1.05133859644012
Q9Y3Z3_site44,21,9,6.475127903761062
Q9Y3Z3_site451,1,1,0.4303989694863977
Q9Y3Z3_site455,1,1,0.7024418233981511
Q9Y3Z3_site457,1,1,1.6658365281398555
Q9Y3Z3_site46,13,5,2.85604320515037
Q9Y3Z3_site463,2,2,1.1702986037843932
Q9Y3Z3_site470,2,2,1.3704566266551168
Q9Y3Z3_site473,2,2,1.6712705660802945
Q9Y3Z3_site474,1,1,3.126560718714091
Q9Y3Z3_site527,1,1,1.2205456029722763
Q9Y3Z3_site532,1,1,1.0550719525537626
Q9Y3Z3_site561,1,1,2.142304887537038
Q9Y3Z3_site592,4,4,0.7350351534266377
Q9Y3Z3_site6,21,9,1.251999767299805
Q9Y3Z3_site65,20,8,10.839866362117752
Q9Y3Z3_site703,1,1,0.6591673441091391
Q9Y3Z3_site71,16,5,1.707997995246795
Q9Y3Z3_site8,20,8,1.7363775520346705
Q9Y3Z3_site801,1,1,1.4077546349500518
Q9Y3Z3_site84,18,8,1.8346868532135725
Q9Y3Z3_site85,19,8,6.637582428238944
Q9Y3Z3_site858,1,1,0.8065100898424271
Q9Y3Z3_site87,13,6,1.721760367894969
Q9Y4B6_site163,2,2,1.15108324991251
Q9Y4B6_site164,20,15,1.7031130212129566
Q9Y4B6_site165,4,4,1.644577374065595
Q9Y4B6_site166,21,16,1.2446560329861114
Q9Y4B6_site169,5,5,2.6971736684596705
Q9Y4B6_site170,5,5,2.716576766122086
Q9Y4B6_site171,18,13,2.546999578438021
Q9Y4B6_site172,2,2,1.509769985553742
Q9Y4B6_site173,2,2,3.5151315017425317
Q9Y4B6_site175,4,4,1.8859197855521987
Q9Y4B6_site177,2,2,2.293987317424547
Q9Y4B6_site178,4,4,5.210743455146159
Q9Y4B6_site179,17,14,1.6686306888101223
Q9Y4B6_site180,5,4,1.302967952873531
Q9Y4B6_site181,9,7,2.081686690152097
Q9Y4B6_site182,4,4,3.453701463902907
Q9Y4B6_site184,2,2,0.7155307416336062
Q9Y4B6_site185,19,14,1.0670776240775262
Q9Y4B6_site186,2,2,0.6957759257579097
Q9Y4B6_site187,3,3,0.9330788581366656
Q9Y4B6_site190,2,2,0.9909546674878033
Q9Y4B6_site191,2,2,0.6767152414043458
Q9Y4B6_site192,3,3,1.9973918130198236
Q9Y4B6_site193,9,8,3.17674905349208
Q9Y4B6_site194,2,2,0.3757537953668695
Q9Y5A9_site1,4,4,1.6483891325476243
Q9Y5A9_site10,10,9,1.0871257297093715
Q9Y5A9_site100,2,2,1.1674352454423995
Q9Y5A9_site105,3,3,1.678092844314116
Q9Y5A9_site108,5,5,1.1188979677351771
Q9Y5A9_site117,7,6,1.2459824385145273
Q9Y5A9_site12,15,8,2.0664093857964305
Q9Y5A9_site120,13,8,0.9704229178950402
Q9Y5A9_site121,9,5,1.638193116447865
Q9Y5A9_site124,7,6,2.167042189560464
Q9Y5A9_site126,5,4,1.264049203156429
Q9Y5A9_site129,3,3,0.5123955035592513
Q9Y5A9_site13,2,2,0.9589018918543872
Q9Y5A9_site14,7,5,1.3792608733172247
Q9Y5A9_site16,2,2,1.5363108230632323
Q9Y5A9_site2,3,2,1.284144420188272
Q9Y5A9_site3,4,3,1.0929006758128774
Q9Y5A9_site30,1,1,0.946395261832246
Q9Y5A9_site31,8,5,3.29947319706236
Q9Y5A9_site34,12,7,0.9604160801240778
Q9Y5A9_site35,1,1,1.0353605282777718
Q9Y5A9_site4,14,8,1.626396705252679
Q9Y5A9_site41,20,14,3.739041180907641
Q9Y5A9_site49,7,6,1.6070448721997788
Q9Y5A9_site5,24,16,4.527828000943322
Q9Y5A9_site51,1,1,1.5251899343736444
Q9Y5A9_site54,3,3,1.6811123870387936
Q9Y5A9_site65,1,1,1.5368819302336647
Q9Y5A9_site70,1,1,0.4534479981810258
Q9Y5A9_site72,1,1,0.8729762309707528
Q9Y5A9_site78,7,7,1.6907962314582663
Q9Y5A9_site8,14,8,2.710423720119011
Q9Y5A9_site84,5,5,1.8082477457929504
Q9Y5A9_site87,1,1,0.9090229258096484
Q9Y5A9_site9,23,15,2.575275590551181
Q9Y5A9_site91,6,6,1.273982284206559
Q9Y5A9_site92,9,8,2.2583822856702884
Q9Y5A9_site94,4,4,1.223357215226516
Q9Y5A9_site96,1,1,0.7186238033527026
Q9Y5A9_site98,4,4,2.2439104369687133
Q9Y5A9_site99,6,5,2.7550194723356585
Q9Y5Y6_site126,1,1,1.3537624524070309
Q9Y5Y6_site134,1,1,2.172998643147897
Q9Y5Y6_site137,1,1,0.8501123815107985
Q9Y5Y6_site144,1,1,1.155638836894081
Q9Y5Y6_site151,1,1,1.0059629498439886
Q9Y5Y6_site153,1,1,0.8961651963585412
Q9Y5Y6_site155,1,1,2.7057892109898054
Q9Y5Y6_site161,1,1,2.6293469067646744
Q9Y5Y6_site192,1,1,0.1429558270540867
Q9Y5Y6_site193,1,1,0.9895729028984928
Q9Y5Y6_site196,1,1,0.7594415441587822
Q9Y6E0_site1,10,10,1.065852927320228
Q9Y6E0_site10,15,14,4.454172532279794
Q9Y6E0_site11,9,9,2.605019873183181
Q9Y6E0_site12,6,6,4.871102664234336
Q9Y6E0_site13,21,20,1.9802363681692448
Q9Y6E0_site14,4,2,1.6964948655376355
Q9Y6E0_site15,19,18,4.474329852326442
Q9Y6E0_site16,21,20,1.700741793940948
Q9Y6E0_site17,12,11,2.3372948313195256
Q9Y6E0_site19,15,14,2.034908914737376
Q9Y6E0_site2,20,18,1.3977885322224946
Q9Y6E0_site20,8,6,1.3256119573134044
Q9Y6E0_site21,10,10,3.5202649059200257
Q9Y6E0_site22,2,2,1.617382125263899
Q9Y6E0_site23,11,11,2.9346634326224352
Q9Y6E0_site24,13,13,2.6993081223080915
Q9Y6E0_site25,1,1,1.0365386666149623
Q9Y6E0_site26,1,1,0.718930616181726
Q9Y6E0_site27,1,1,0.6766500485663535
Q9Y6E0_site28,1,1,0.8547418815542834
Q9Y6E0_site29,8,8,1.7900516905347004
Q9Y6E0_site30,1,1,0.9205180677292836
Q9Y6E0_site32,2,2,1.029169209642966
Q9Y6E0_site38,1,1,0.7631166821040316
Q9Y6E0_site39,1,1,1.0212547996216383
Q9Y6E0_site4,19,17,1.5832061823394683
Q9Y6E0_site41,2,2,2.025173466134248
Q9Y6E0_site42,2,2,0.9200154744705472
Q9Y6E0_site43,1,1,1.1566869176860195
Q9Y6E0_site45,2,2,2.836311623599965
Q9Y6E0_site46,1,1,1.1034911444685245
Q9Y6E0_site48,10,10,1.486078789241655
Q9Y6E0_site49,18,17,1.7109168088988287
Q9Y6E0_site5,1,1,1.1014100921637269
Q9Y6E0_site50,1,1,0.3032383122008733
Q9Y6E0_site51,7,6,1.226375068567591
Q9Y6E0_site52,1,1,1.7945314053421118
Q9Y6E0_site53,1,1,0.8975481796450256
Q9Y6E0_site54,1,1,0.999123748211731
Q9Y6E0_site56,1,1,0.7081646579420915
Q9Y6E0_site57,1,1,0.3127655635183052
Q9Y6E0_site58,1,1,0.79743762779882
Q9Y6E0_site6,3,3,0.8981040826014716
Q9Y6E0_site7,17,16,1.3008286983328454
Q9Y6E0_site8,17,16,2.073372466095176
Q9Y6E0_site9,10,10,1.1517668368985092
